user_id,name,gender,age,status
1,Allison Hill,female,37,construction worker
2,Nancy Rhodes,female,27,data analyst
3,Brandon Henderson,male,24,teacher
4,Daniel Wagner,male,35,real estate agent
5,Cristian Santos,male,44,entrepreneur
6,Daniel Lawrence,male,51,financial analyst
7,Aaron Shaffer,male,36,banker
8,Gina Moore,female,40,data scientist
9,George Davis,male,49,real estate agent
10,Ryan Munoz,male,20,software developer
11,Nicholas Herrera,male,23,government employee
12,Kristen Calderon,female,26,real estate agent
13,Shannon Ray,female,16,shop assistant
14,Angel Perez,male,34,engineer
15,Bobby Hall,male,23,technician
16,Donald Reid,male,21,writer
17,Jacqueline Clark,female,36,lecturer
18,Taylor Wong,female,33,teacher
19,Carolyn Daniel,female,22,engineer
20,James Mayo,male,22,accountant
21,Kristin Cohen,female,54,banker
22,Ricardo Perez,male,36,chef
23,Ethan Adams,male,26,electrician
24,Tommy Walter,male,30,teacher
25,Matthew Foster,male,22,delivery driver
26,Jimmy Baker,male,36,lawyer
27,Justin Baker,male,17,military personnel
28,Steven Ross,male,58,architect
29,Zachary Hicks,male,34,police officer
30,Anthony Rodriguez,male,31,shop assistant
31,Ricky Henderson,male,27,content creator
32,Jane Ferrell,female,46,banker
33,Tricia Valencia,female,25,journalist
34,Michelle Maldonado,female,30,technician
35,Debra Davidson,female,46,entrepreneur
36,Jessica Chavez,female,30,farmer
37,Shawn Baker,male,23,unemployed
38,Cassandra Gaines,female,23,student
39,Elizabeth Fowler,female,42,insurance agent
40,Brittany Farmer,female,42,farmer
41,Richard Moreno,male,34,nurse
42,Erika Smith,female,53,police officer
43,Sherry Decker,female,25,writer
44,Amy Humphrey,female,34,marketing specialist
45,Bradley Tucker,male,42,entrepreneur
46,Paige Cannon,female,52,doctor
47,Karen Pierce,female,37,accountant
48,Shane Henderson,male,20,insurance agent
49,Kimberly Blair,female,29,marketing specialist
50,Emily Carney,female,25,software developer
51,Jeffrey Holmes,male,30,engineer
52,Courtney Morgan,female,31,human resources officer
53,Crystal Robinson,female,68,software developer
54,Mark Perez,male,24,customer service representative
55,Scott Jones,male,85,retired
56,Maureen Lewis,female,23,customer service representative
57,Taylor Duncan,female,46,electrician
58,Richard Aguirre,male,35,business owner
59,Brent Jordan,male,25,farmer
60,Julie Daniel,female,32,lecturer
61,Victoria Garcia,female,48,consultant
62,Gina Hensley,female,27,photographer
63,Cheryl West,female,51,shop assistant
64,Diana Wright,female,39,data analyst
65,Jeremy Callahan,male,28,human resources officer
66,Anthony Kidd,male,38,engineer
67,Wayne House,male,33,delivery driver
68,Christopher Tucker,male,28,manager
69,James Brown,male,18,homemaker
70,William Baker,male,30,construction worker
71,Jordan Henderson,female,18,mechanic
72,Whitney Peters,female,30,unemployed
73,Christopher Phillips,male,48,administrative officer
74,Joshua Adkins,male,26,warehouse worker
75,Kevin Shaw,male,20,lawyer
76,Christopher Yu,male,66,military personnel
77,Cody Larson,male,44,researcher
78,Cynthia Wilson,female,20,lecturer
79,Danielle Wheeler,female,60,civil servant
80,Jason Silva,male,32,banker
81,Timothy Harris,male,29,travel agent
82,David Foster,male,26,manager
83,Elijah Stewart,male,25,engineer
84,Benjamin Ellis,male,43,retired
85,Angel MD,female,25,banker
86,Stanley Suarez,male,25,unemployed
87,Brooke Bass,female,27,software developer
88,Lisa Archer,female,56,human resources officer
89,Aimee Montoya,female,28,entrepreneur
90,Matthew Mcmillan,male,36,photographer
91,Brian Rodriguez,male,38,construction worker
92,Dominic Jacobs,male,45,homemaker
93,Christina Walters,female,32,administrative officer
94,John Whitehead,male,46,nurse
95,Aaron Wise,male,35,administrative officer
96,Dennis Figueroa,male,45,customer service representative
97,Jessica Smith,female,29,accountant
98,Stephen Mckee,male,30,civil servant
99,Ruben Aguilar,male,28,entrepreneur
100,Bethany Parker,female,28,police officer
101,Rebecca Valencia,female,34,government employee
102,Daniel Wright,male,31,architect
103,Penny Henson,female,37,researcher
104,Marc Moore,male,55,electrician
105,Sean Cherry,male,62,construction worker
106,Stanley Johnson,male,22,nurse
107,Evelyn Galvan,female,31,shop assistant
108,Sharon Cochran,female,29,consultant
109,Richard Rodriguez,male,24,financial analyst
110,Scott Walker,male,51,nurse
111,Julia Torres,female,25,photographer
112,Darren Johnson,male,35,human resources officer
113,Erin Lin,female,32,entrepreneur
114,Martin Ross,male,28,construction worker
115,Kimberly MD,female,33,police officer
116,Victor Baker,male,23,delivery driver
117,Jeffrey Chandler,male,30,banker
118,Larry Dixon,male,26,government employee
119,Kenneth Scott,male,30,sales executive
120,April Frost,female,28,homemaker
121,Michelle Harmon,female,23,travel agent
122,Helen Jones,female,49,travel agent
123,Erin Edwards,female,26,professor
124,Nathan Evans,male,22,banker
125,Jennifer Powell,female,21,freelancer
126,Cameron Fisher,male,17,lecturer
127,Michael Orr,male,23,farmer
128,Eric Kelley,male,37,sales executive
129,Dustin Jordan,male,27,graphic designer
130,Mary Marshall,female,22,entrepreneur
131,Daniel Kennedy,male,54,researcher
132,Rebecca Jackson,female,26,accountant
133,Kaylee Schultz,female,39,warehouse worker
134,Sabrina Potter,female,44,military personnel
135,Courtney Gonzalez,female,31,sales executive
136,Danielle Alvarez,female,34,accountant
137,Angel Perry,female,26,architect
138,Cory Horton,male,28,musician
139,David Douglas,male,36,graphic designer
140,Nicole Carrillo,female,28,architect
141,Jeffery Thompson,male,23,photographer
142,Kelly Williams,female,30,doctor
143,Sarah Bryant,female,48,business owner
144,Mary Travis,female,36,data scientist
145,Tiffany Vance,female,40,financial analyst
146,Michelle Wagner,female,34,real estate agent
147,Joshua Merritt,male,41,delivery driver
148,Karen Green,female,47,shop assistant
149,Mark Cannon,male,57,business owner
150,Mark Hill,male,24,real estate agent
151,Dustin Nelson,male,46,technician
152,Joshua Taylor,male,45,writer
153,Michael Mccarthy,male,47,technician
154,Jason Daniels,male,18,graphic designer
155,Christine Fisher,female,37,administrative officer
156,Kevin Dominguez,male,27,banker
157,Pamela James,female,31,data scientist
158,Heather Molina,female,65,chef
159,Tiffany Barnes,female,24,musician
160,Joshua Morrison,male,24,engineer
161,Daniel Graham,male,30,insurance agent
162,Gabriella Shelton,female,50,professor
163,Christopher Mcdonald,male,41,unemployed
164,Lisa Johnson,female,34,data analyst
165,Kristy Johnson,female,26,doctor
166,Chad Murray,male,21,construction worker
167,James Lewis,male,27,nurse
168,Paige Gray,female,34,social worker
169,Sandra King,female,35,government employee
170,Alicia Ryan,female,51,writer
171,Matthew DDS,male,22,electrician
172,Travis Gonzalez,male,36,researcher
173,Brittany Martinez,female,66,human resources officer
174,Kristy Robinson,female,61,human resources officer
175,Pamela Jackson,female,44,electrician
176,Paul Wilson,male,58,photographer
177,Traci Rodriguez,female,15,retail worker
178,Emily Byrd,female,53,business owner
179,James Espinoza,male,27,delivery driver
180,Michael Burton,male,22,unemployed
181,Raymond Jefferson,male,54,student
182,Bryan Riggs,male,27,government employee
183,Hannah Patterson,female,58,consultant
184,Katie Peterson,female,51,data analyst
185,Samantha Garcia,female,34,government employee
186,Ronald Zimmerman,male,49,shop assistant
187,Nicholas Sheppard,male,53,insurance agent
188,Robert Medina,male,21,entrepreneur
189,Jessica Simon,female,25,travel agent
190,Samuel Rivas,male,62,architect
191,Sierra Sanchez,female,47,marketing specialist
192,Lisa Gray,female,30,data analyst
193,Sarah White,female,29,manager
194,Rebecca Peterson,female,55,writer
195,Michael Hill,male,42,nurse
196,Travis Miller,male,42,photographer
197,Katherine Chang,female,37,student
198,Maria Henry,female,26,consultant
199,Brandon Walker,male,40,consultant
200,Elizabeth Perkins,female,47,business owner
201,Joseph Coleman,male,31,chef
202,Erin Warner,female,18,insurance agent
203,Danielle Martinez,female,31,pharmacist
204,Barbara Herrera,female,30,chef
205,Cody Robinson,male,37,software developer
206,Misty Bray,female,18,unemployed
207,Douglas Garcia,male,22,construction worker
208,Crystal White,female,48,project manager
209,Kimberly Hill,female,67,homemaker
210,Melissa Martinez,female,18,construction worker
211,John Salas,male,38,chef
212,Julie Alexander,female,29,electrician
213,Anthony Everett,male,24,lawyer
214,Samantha Morales,female,41,doctor
215,Lori Brown,female,58,administrative officer
216,Justin Torres,male,22,insurance agent
217,Bailey DDS,female,27,nurse
218,Courtney Mills,female,29,shop assistant
219,Jessica Dalton,female,40,travel agent
220,Eric DDS,male,19,retail worker
221,Theresa Clark,female,49,student
222,Matthew Moore,male,27,electrician
223,Benjamin Smith,male,15,sales executive
224,Kirk Carter,male,42,musician
225,Michelle Warner,female,32,teacher
226,Melissa Bradshaw,female,29,data analyst
227,Mario Guerrero,male,25,administrative officer
228,Jeffery Stephens,male,31,homemaker
229,Susan Serrano,female,28,farmer
230,Christopher Parker,male,36,project manager
231,Laura Roberts,female,33,financial analyst
232,Michael Lyons,male,41,professor
233,Jonathan Snyder,male,36,financial analyst
234,Andrew Reynolds,male,30,warehouse worker
235,David Davis,male,23,engineer
236,Laura Sampson,female,37,engineer
237,Debra PhD,female,57,consultant
238,Matthew Moon,male,35,musician
239,Kevin Walters,male,59,freelancer
240,Brandon Bailey,male,72,researcher
241,Michael Hodge,male,26,insurance agent
242,Melissa Roberts,female,27,shop assistant
243,Robin Pierce,female,31,travel agent
244,Emily Morris,female,38,data scientist
245,Jose Travis,male,19,data scientist
246,Joshua Gutierrez,male,33,civil servant
247,Isaiah Avila,male,61,artist
248,Peter Harris,male,31,delivery driver
249,Timothy Kim,male,24,nurse
250,Barbara Dudley,female,24,business owner
251,David Moore,male,39,retail worker
252,Kristen Davis,female,35,unemployed
253,Susan MD,female,37,electrician
254,Jonathan Moran,male,28,writer
255,Denise Davenport,female,23,accountant
256,David MD,male,44,shop assistant
257,Katie Suarez,female,34,insurance agent
258,Donald Tyler,male,23,consultant
259,Taylor Romero,female,38,police officer
260,Douglas Evans,male,58,lawyer
261,Yvonne Burns,female,21,military personnel
262,Joshua Reed,male,23,project manager
263,Joshua Gibson,male,21,graphic designer
264,Colin Terry,male,23,civil servant
265,David Rowe,male,23,architect
266,Natasha Thornton,female,36,administrative officer
267,Jasmin Alvarado,female,27,journalist
268,Veronica Simpson,female,30,retail worker
269,Kathryn Lawrence,female,25,journalist
270,Shelly Alexander,female,52,data analyst
271,Joyce Bowen,female,44,financial analyst
272,Mary Moore,female,47,banker
273,Tracy Morgan,female,28,researcher
274,Marie Christian,female,48,marketing specialist
275,Scott James,male,32,teacher
276,Michelle Malone,female,29,technician
277,Amanda Jones,female,59,delivery driver
278,Tammie Bright,female,36,banker
279,Jeffrey Garcia,male,28,technician
280,Shane Wallace,male,34,banker
281,Steven Williams,male,33,student
282,Elaine Brooks,female,40,researcher
283,Joseph Knight,male,42,military personnel
284,Carolyn Miller,female,35,construction worker
285,Lisa Allen,female,29,professor
286,Briana Murray,female,23,banker
287,Dawn Smith,female,34,researcher
288,Steven Byrd,male,42,lecturer
289,Jessica Reed,female,47,unemployed
290,Mark Coleman,male,28,marketing specialist
291,Sarah Gonzalez,female,26,researcher
292,John Young,male,55,chef
293,Kenneth Haney,male,53,financial analyst
294,William Barrett,male,36,entrepreneur
295,Kylie Jennings,female,49,civil servant
296,Anthony Obrien,male,41,musician
297,Sue Mitchell,female,23,accountant
298,Lisa Gomez,female,48,shop assistant
299,Marc Byrd,male,43,data scientist
300,Mary Massey,female,23,consultant
301,Stephanie Lucas,female,31,warehouse worker
302,Jessica Riley,female,38,warehouse worker
303,Ann Phillips,female,37,artist
304,Casey Anderson,female,33,financial analyst
305,Wesley Schmidt,male,64,social worker
306,Sandra Scott,female,26,artist
307,Karen Drake,female,43,farmer
308,Gina Wilson,female,47,content creator
309,Tracy Dalton,female,43,lawyer
310,William Coffey,male,32,software developer
311,Holly Gibbs,female,40,software developer
312,Michael Richards,male,33,civil servant
313,Todd Rodriguez,male,38,writer
314,Alexander Henson,male,30,customer service representative
315,Suzanne Walker,female,47,writer
316,Samantha Blankenship,female,26,content creator
317,Jennifer Taylor,female,36,photographer
318,Eric Vasquez,male,34,unemployed
319,Stephen Taylor,male,51,consultant
320,Meagan Paul,female,41,professor
321,Jason Newton,male,37,government employee
322,Jason Garcia,male,47,architect
323,Jason Lynn,male,38,architect
324,Jacob Ramos,male,50,software developer
325,Scott Garcia,male,28,professor
326,Joshua Levine,male,36,graphic designer
327,James Lopez,male,40,consultant
328,Ryan Gibson,male,60,marketing specialist
329,Maria Harper,female,47,farmer
330,Rachel Sanchez,female,47,unemployed
331,Justin Jones,male,40,software developer
332,Daniel Robinson,male,37,financial analyst
333,Gary Hernandez,male,69,lawyer
334,Aaron Garrison,male,54,lawyer
335,Carlos King,male,19,shop assistant
336,Matthew Johnson,male,44,journalist
337,Rachel Young,female,57,data scientist
338,Carrie Williams,female,59,writer
339,Joseph Reese,male,14,pharmacist
340,Paula Palmer,female,23,entrepreneur
341,Kathy Dougherty,female,45,photographer
342,Richard Camacho,male,44,financial analyst
343,Judith Maynard,female,39,unemployed
344,John Morales,male,48,researcher
345,Katherine Browning,female,32,journalist
346,Angela Franklin,female,51,farmer
347,Donald Schultz,male,27,unemployed
348,Erika Vang,female,36,retired
349,Jesse Jacobs,male,31,delivery driver
350,Mia Farrell,female,39,software developer
351,Patricia Le,female,32,professor
352,Jocelyn Perez,female,51,architect
353,Jesse Perry,male,55,shop assistant
354,Jeffery Ortega,male,40,homemaker
355,Brittany Leblanc,female,19,student
356,Sandra Davis,female,23,engineer
357,Parker Cain,male,55,insurance agent
358,Kevin Hoffman,male,47,retired
359,Barbara Gomez,female,20,financial analyst
360,Nicole Parrish,female,44,nurse
361,Warren Burke,male,41,content creator
362,Kenneth Lewis,male,36,musician
363,Courtney Rodriguez,female,53,artist
364,Jacob Farmer,male,37,accountant
365,Renee Bruce,female,59,unemployed
366,Lisa Day,female,28,graphic designer
367,Timothy Gallegos,male,40,professor
368,Christopher Park,male,56,nurse
369,Gina Smith,female,32,human resources officer
370,Keith Morales,male,27,student
371,Madeline Johnson,female,21,human resources officer
372,Daniel Barnes,male,63,business owner
373,Jacqueline Griffith,female,31,social worker
374,Keith Miller,male,24,social worker
375,Brooke Williamson,female,31,photographer
376,Denise Stanley,female,37,manager
377,Jeremy Nelson,male,43,writer
378,Brian Jordan,male,35,police officer
379,Michael Tucker,male,35,consultant
380,Andrew Foster,male,52,social worker
381,Aimee Turner,female,36,delivery driver
382,Breanna Scott,female,25,civil servant
383,Aimee Burgess,female,36,military personnel
384,James Padilla,male,38,musician
385,Sandra Drake,female,51,doctor
386,Scott Williams,male,28,lawyer
387,Tammy Atkins,female,29,manager
388,Kenneth Mckinney,male,18,accountant
389,Ashley Smith,female,54,professor
390,Robert Montgomery,male,28,technician
391,Tamara Davis,female,54,real estate agent
392,Dana Chapman,female,28,shop assistant
393,Jennifer Collins,female,30,professor
394,Gary Jackson,male,66,real estate agent
395,Brian Hicks,male,26,sales executive
396,Hannah Luna,female,24,professor
397,Robin Young,female,41,professor
398,Craig Morrison,male,51,technician
399,Matthew Thompson,male,56,artist
400,Johnny Webster,male,26,chef
401,Joann Glass,female,41,retired
402,Madison Weber,female,41,retail worker
403,Mark Hernandez,male,26,nurse
404,Jessica Turner,female,25,professor
405,Anthony Romero,male,45,chef
406,Jodi Brown,female,44,engineer
407,Billy Lin,male,68,retired
408,Lucas Hunter,male,22,pharmacist
409,Kristen Conner,female,65,researcher
410,Jerry Pacheco,male,43,electrician
411,Frank Alvarez,male,35,researcher
412,Amy Garcia,female,43,government employee
413,Gwendolyn Klein,female,36,unemployed
414,Christopher Wright,male,40,financial analyst
415,Jessica Mills,female,20,graphic designer
416,Jake Campbell,male,25,data analyst
417,George Harper,male,55,warehouse worker
418,Maria Jones,female,37,financial analyst
419,Meghan Mitchell,female,42,technician
420,Mary Escobar,female,38,electrician
421,Felicia Aguilar,female,47,lecturer
422,Gregory Ponce,male,40,mechanic
423,James Larson,male,38,engineer
424,Eric Bennett,male,30,content creator
425,Robin Santiago,female,32,civil servant
426,Nancy Jennings,female,32,technician
427,Matthew Henderson,male,51,warehouse worker
428,Jack White,male,51,retail worker
429,Travis Tucker,male,29,sales executive
430,Chad Jones,male,44,business owner
431,Ashley Wise,female,38,accountant
432,Stephen Johnson,male,13,civil servant
433,Ralph Anderson,male,22,military personnel
434,Carla Guerra,female,39,sales executive
435,Robert Martin,male,26,financial analyst
436,Jennifer Rhodes,female,47,business owner
437,Jeremy Mitchell,male,67,graphic designer
438,Jerry Ferguson,male,49,data scientist
439,Rhonda Harrison,female,65,civil servant
440,Jacob Valentine,male,31,architect
441,Julia MD,female,30,project manager
442,Tracy Montoya,female,33,photographer
443,Brenda Wright,female,38,sales executive
444,Shane Spencer,male,65,insurance agent
445,Sarah Rosales,female,41,researcher
446,Pamela Nelson,female,46,student
447,Brittany Kim,female,32,photographer
448,Courtney Hayes,female,42,mechanic
449,Alyssa Brown,female,29,warehouse worker
450,Cynthia Vang,female,29,software developer
451,Alfred Galvan,male,33,researcher
452,Marie Moody,female,50,shop assistant
453,Dustin Gallegos,male,24,accountant
454,Brenda Thornton,female,24,chef
455,Aaron Miller,male,66,business owner
456,Ruben Dunn,male,55,data scientist
457,Joseph Rodriguez,male,36,customer service representative
458,Elizabeth Williams,female,41,researcher
459,Riley Bryant,male,18,financial analyst
460,Susan Carlson,female,21,administrative officer
461,Kaylee Allen,female,42,manager
462,Jessica Mendez,female,30,nurse
463,Jason Beck,male,17,journalist
464,William Jones,male,46,homemaker
465,Katie Mcneil,female,65,shop assistant
466,Jeanette Harrison,female,27,military personnel
467,William King,male,44,project manager
468,Rachel Cooper,female,67,mechanic
469,Mark Ingram,male,43,farmer
470,Evelyn Williams,female,41,architect
471,Robin Thompson,female,32,retail worker
472,John Dominguez,male,37,student
473,Robin Brown,female,47,civil servant
474,Jimmy Carter,male,65,freelancer
475,Christina Williams,female,20,delivery driver
476,Jose Hays,male,65,project manager
477,Dawn Mullins,female,59,civil servant
478,Heather Norman,female,33,software developer
479,Gary Martinez,male,39,data scientist
480,Steve Paul,male,13,business owner
481,James Beltran,male,35,data analyst
482,Kathleen Glass,female,28,software developer
483,Rebecca Acosta,female,28,real estate agent
484,Lance Short,male,39,delivery driver
485,Frank Miller,male,49,doctor
486,Elizabeth Morrison,female,65,entrepreneur
487,Michael Bell,male,29,manager
488,Sheila Gomez,female,30,electrician
489,William Jr.,male,59,accountant
490,Jack Owen,male,32,military personnel
491,Tiffany Thomas,female,41,marketing specialist
492,Rachael Johnson,female,56,accountant
493,Paula Diaz,female,32,government employee
494,Keith Jacobs,male,52,construction worker
495,Tiffany Watson,female,27,retired
496,Laura Moreno,female,57,business owner
497,Marie Wright,female,60,chef
498,Noah Porter,male,33,musician
499,Justin Green,male,34,business owner
500,Jeremy Davies,male,85,retired
501,Thomas Henry,male,28,professor
502,Sarah Hayes,female,31,engineer
503,Jill Miller,female,25,construction worker
504,Ryan Flores,male,50,writer
505,Austin Daniels,male,26,homemaker
506,Samuel Joseph,male,61,entrepreneur
507,Mark Leon,male,23,lecturer
508,Barbara Harris,female,15,student
509,Richard Johnson,male,31,marketing specialist
510,Jackie Lara,female,50,travel agent
511,Logan Miller,male,31,data scientist
512,Zachary Higgins,male,24,construction worker
513,Patricia Morrow,female,29,business owner
514,William Day,male,33,nurse
515,Melanie Cooper,female,18,real estate agent
516,Penny Bowman,female,64,journalist
517,Vincent Reynolds,male,40,delivery driver
518,Anthony Martinez,male,28,military personnel
519,Carmen Morris,female,52,writer
520,Hannah Everett,female,31,delivery driver
521,Ryan King,male,26,student
522,Krista Martinez,female,58,data analyst
523,Joseph Shaw,male,44,researcher
524,Teresa Moore,female,39,police officer
525,Michelle Jacobs,female,68,doctor
526,Justin Bryan,male,38,shop assistant
527,Angel May,male,37,lecturer
528,Matthew Wang,male,38,homemaker
529,Mark Jimenez,male,32,administrative officer
530,Donna Frye,female,39,technician
531,Regina Cohen,female,60,delivery driver
532,Angel Brown,female,26,doctor
533,Kari Harris,female,22,writer
534,Emily Higgins,female,59,data scientist
535,Scott Hester,male,53,lecturer
536,Jacqueline Hoffman,female,38,project manager
537,John Adams,male,33,administrative officer
538,Anne Roberts,female,37,social worker
539,Lisa Wright,female,37,unemployed
540,Christopher Murphy,male,46,lecturer
541,Emily Hines,female,11,customer service representative
542,Kayla Jimenez,female,25,accountant
543,Allison Landry,female,15,government employee
544,Vincent Lewis,male,29,financial analyst
545,Amber Simpson,female,27,civil servant
546,Martha Ruiz,female,25,software developer
547,Ryan Jordan,male,49,customer service representative
548,Nicholas Gallagher,male,25,travel agent
549,James Hudson,male,41,delivery driver
550,Juan Jones,male,33,unemployed
551,Phillip Ramirez,male,23,content creator
552,Michael DVM,male,40,mechanic
553,Rebecca Morgan,female,51,real estate agent
554,Nicole Gonzalez,female,58,doctor
555,Kathryn Williams,female,23,financial analyst
556,Felicia Wells,female,26,unemployed
557,Lisa Robertson,female,22,nurse
558,Lisa Martin,female,25,farmer
559,Patrick MD,male,32,farmer
560,Kim Erickson,female,40,pharmacist
561,Robyn Richardson,female,23,content creator
562,Veronica Silva,female,59,teacher
563,Molly Watts,female,31,pharmacist
564,John Coffey,male,34,real estate agent
565,Paula Lane,female,39,marketing specialist
566,Kevin Jackson,male,24,social worker
567,Lisa Randall,female,39,content creator
568,Michael Johnson,male,45,farmer
569,Brian Smith,male,43,civil servant
570,Brittany Vaughn,female,59,unemployed
571,Reginald Knapp,male,67,real estate agent
572,Noah Brown,male,47,farmer
573,Daniel Nguyen,male,41,financial analyst
574,Kelly Edwards,female,25,entrepreneur
575,Susan Peterson,female,36,nurse
576,Melissa Bishop,female,29,social worker
577,Danielle Grant,female,60,police officer
578,Valerie Evans,female,43,software developer
579,Daniel Bush,male,38,human resources officer
580,Hannah Peck,female,65,unemployed
581,Donald Martinez,male,47,lecturer
582,James Baird,male,29,retired
583,Tina Ballard,female,48,artist
584,Donna Klein,female,33,banker
585,Jessica Scott,female,52,lawyer
586,Christina Ryan,female,39,freelancer
587,Melissa Taylor,female,43,photographer
588,Kevin Sanchez,male,38,customer service representative
589,Joseph Little,male,34,project manager
590,Jason Love,male,75,freelancer
591,Randy Smith,male,38,social worker
592,Tanya Russell,female,34,unemployed
593,Shawn Woods,male,31,banker
594,Victor Morris,male,26,banker
595,Susan Davis,female,33,teacher
596,Joseph Sharp,male,60,civil servant
597,Thomas Thompson,male,44,lawyer
598,Christopher Gillespie,male,51,graphic designer
599,Kathleen DVM,female,44,marketing specialist
600,Sherri Smith,female,44,entrepreneur
601,Brian Bird,male,47,unemployed
602,William Daniels,male,32,researcher
603,Teresa Rosales,female,54,travel agent
604,Cheryl Rodriguez,female,42,entrepreneur
605,Jimmy Scott,male,48,customer service representative
606,Nancy Gibbs,female,12,architect
607,Peter Thompson,male,52,chef
608,Stephanie Wilcox,female,36,graphic designer
609,Angie Caldwell,female,50,government employee
610,Charles Morris,male,29,homemaker
611,Dean Young,male,24,shop assistant
612,Troy Turner,male,25,marketing specialist
613,Adam Valdez,male,28,teacher
614,Antonio Wilson,male,52,data analyst
615,Jared Shaw,male,29,business owner
616,Michele Collins,female,30,pharmacist
617,Thomas Phillips,male,33,technician
618,Daniel Anderson,male,17,business owner
619,Nicole Obrien,female,44,lecturer
620,Kirsten Ruiz,female,19,software developer
621,Matthew Robinson,male,23,electrician
622,Paul Marks,male,17,writer
623,Jillian Padilla,female,49,customer service representative
624,Kristy Brown,female,36,consultant
625,Kathy Armstrong,female,28,social worker
626,Erin Meyer,female,22,sales executive
627,Daniel Aguilar,male,52,writer
628,Jordan Stokes,male,31,electrician
629,Jose Bryant,male,44,chef
630,Joel Roman,male,29,data analyst
631,Jennifer Velasquez,female,30,human resources officer
632,Laura Williams,female,42,warehouse worker
633,Arthur Mcknight,male,20,lawyer
634,Andrea Peck,female,26,business owner
635,Jason Mack,male,29,lecturer
636,Veronica Brewer,female,24,military personnel
637,Willie Reyes,male,39,writer
638,Terry Bennett,male,26,student
639,Mary Ryan,female,26,retail worker
640,Hannah White,female,47,farmer
641,Kendra Luna,female,27,shop assistant
642,April Johnson,female,36,government employee
643,Michael Stephens,male,33,consultant
644,Rodney Wright,male,29,real estate agent
645,Desiree Pineda,female,42,real estate agent
646,Brian Pacheco,male,49,civil servant
647,Pamela Stephenson,female,29,lawyer
648,Daniel Garcia,male,48,administrative officer
649,Kyle Warner,male,35,writer
650,Natalie Morales,female,25,researcher
651,Claudia Shields,female,32,civil servant
652,Jonathan Roberts,male,24,marketing specialist
653,Monique Flores,female,51,mechanic
654,Megan Flores,female,30,sales executive
655,Briana Keller,female,22,civil servant
656,Elizabeth Brown,female,35,retired
657,Sheryl Buck,female,54,data analyst
658,Jeffery Simpson,male,25,consultant
659,Michael Floyd,male,46,project manager
660,Jason Hernandez,male,32,chef
661,Paul Wells,male,49,project manager
662,Eric Zimmerman,male,53,civil servant
663,Suzanne Hart,female,37,content creator
664,Brandi Sanchez,female,48,sales executive
665,Maria Nielsen,female,47,graphic designer
666,Anna Hardy,female,39,police officer
667,Debra Nunez,female,64,manager
668,Shane Lopez,male,26,delivery driver
669,Misty Hansen,female,33,data scientist
670,Sean Cook,male,56,lawyer
671,Adrian Giles,male,47,content creator
672,Zachary Mendoza,male,32,civil servant
673,Lindsey Harris,female,24,human resources officer
674,Juan Rowe,male,48,government employee
675,Kimberly Howard,female,40,real estate agent
676,Kayla Crawford,female,31,pharmacist
677,William Harrison,male,31,mechanic
678,Thomas Wood,male,53,warehouse worker
679,Justin Walker,male,32,project manager
680,Dean Donovan,male,40,graphic designer
681,Jennifer Hernandez,female,76,delivery driver
682,Jamie Whitaker,female,34,homemaker
683,Mary Cohen,female,36,student
684,Roberto Levy,male,39,project manager
685,Katherine Jackson,female,33,manager
686,Caroline Cortez,female,54,accountant
687,Sydney Weaver,female,26,writer
688,Amy Johnson,female,30,social worker
689,Theresa Barnett,female,42,technician
690,Jason Kirby,male,33,electrician
691,Michelle Smith,female,39,architect
692,Jacqueline Williamson,female,50,sales executive
693,Lisa Webb,female,40,photographer
694,Aaron Arnold,male,48,journalist
695,Joseph Hill,male,39,journalist
696,Alicia DDS,female,32,government employee
697,Susan Rodriguez,female,48,accountant
698,Brittany Lee,female,60,chef
699,Robert Adams,male,24,artist
700,Jacqueline Sullivan,female,26,social worker
701,Wanda Perez,female,27,social worker
702,Ryan Valdez,male,29,real estate agent
703,Olivia Davis,female,56,nurse
704,Juan Brown,male,33,civil servant
705,Christopher Porter,male,39,engineer
706,Rachel Knight,female,62,manager
707,Anna Rice,female,20,chef
708,Daniel Parrish,male,51,civil servant
709,John Williams,male,42,construction worker
710,Timothy Lam,male,30,mechanic
711,Andrew Mcfarland,male,27,marketing specialist
712,Tonya Matthews,female,40,engineer
713,Micheal Sanders,male,36,freelancer
714,Carla Allen,female,41,insurance agent
715,James Mosley,male,33,financial analyst
716,Perry Taylor,male,36,government employee
717,Misty DVM,female,27,project manager
718,Jessica Roberson,female,33,banker
719,Randy Friedman,male,27,farmer
720,Raymond Johnson,male,30,lawyer
721,Willie Henry,male,64,doctor
722,Teresa Reynolds,female,34,teacher
723,Mary Miller,female,36,lecturer
724,Rebecca Marquez,female,33,financial analyst
725,Brittany Dawson,female,25,artist
726,Nancy Stewart,female,32,mechanic
727,Aaron Parker,male,18,retired
728,Derrick Anderson,male,49,travel agent
729,Jerry Peters,male,26,researcher
730,Alexander Gomez,male,23,photographer
731,Kyle Nguyen,male,49,content creator
732,Edgar Hughes,male,51,construction worker
733,Stephanie Stein,female,43,warehouse worker
734,Kenneth MD,male,31,lawyer
735,Eric Snyder,male,50,military personnel
736,Jeffrey Fisher,male,29,police officer
737,Angela King,female,30,human resources officer
738,Lori Wheeler,female,26,musician
739,Brian Torres,male,23,graphic designer
740,Evelyn Oliver,female,50,financial analyst
741,Erin Cook,female,33,doctor
742,Shannon Mccann,female,33,architect
743,Erica Valentine,female,30,police officer
744,Ernest Oconnell,male,34,student
745,Melissa Henry,female,63,insurance agent
746,Dana Bennett,female,36,unemployed
747,James Wilson,male,31,travel agent
748,Kevin Gardner,male,17,software developer
749,Krista Benton,female,40,travel agent
750,Michael Gonzales,male,47,writer
751,Michael Fuentes,male,48,banker
752,Jennifer Porter,female,31,pharmacist
753,Dana Hopkins,female,23,farmer
754,Rachel Jones,female,52,police officer
755,John MD,male,45,retail worker
756,Ian Woodard,male,37,photographer
757,Margaret Miller,female,26,professor
758,Matthew Kelly,male,44,delivery driver
759,Andrew Terrell,male,38,financial analyst
760,James Goodwin,male,37,retired
761,Alexandra Green,female,45,data analyst
762,Kelly Carpenter,female,47,photographer
763,Jeremy Myers,male,11,data scientist
764,Kevin Mason,male,20,farmer
765,Alexander Garcia,male,48,photographer
766,Tonya Wilson,female,26,civil servant
767,Brenda Collins,female,35,retail worker
768,Christine Webb,female,56,delivery driver
769,Jeffrey Horton,male,52,electrician
770,Eric Patrick,male,32,sales executive
771,Samuel Wong,male,32,insurance agent
772,Christopher Riggs,male,38,journalist
773,Carrie Moore,female,35,mechanic
774,Tina Hall,female,25,freelancer
775,Cody Davidson,male,49,consultant
776,Alyssa Mendez,female,44,chef
777,Kevin Price,male,44,writer
778,Daniel Goodwin,male,20,homemaker
779,Arthur Garcia,male,34,delivery driver
780,Cody Nguyen,male,24,journalist
781,Deborah Huffman,female,24,nurse
782,Mark Harper,male,57,real estate agent
783,Kevin Bailey,male,42,unemployed
784,Lisa Cervantes,female,39,artist
785,Elizabeth Mendez,female,40,journalist
786,Cesar Wilson,male,29,business owner
787,Clayton Steele,male,35,insurance agent
788,Charlene Reid,female,46,financial analyst
789,Maria Cooke,female,37,homemaker
790,John Taylor,male,28,construction worker
791,Joanne Brown,female,53,entrepreneur
792,Adam Taylor,male,40,travel agent
793,Victor Wagner,male,51,travel agent
794,Melinda Perry,female,36,retail worker
795,John Miller,male,42,musician
796,Paige Carter,female,40,construction worker
797,Kimberly Jackson,female,38,financial analyst
798,Patrick Cannon,male,40,entrepreneur
799,Brian Wilson,male,34,journalist
800,Samantha Richardson,female,25,researcher
801,Andrew Ball,male,38,military personnel
802,William Garcia,male,61,manager
803,Nicole Evans,female,51,financial analyst
804,Gregory MD,male,40,entrepreneur
805,Patricia PhD,female,63,marketing specialist
806,Gregory Page,male,34,sales executive
807,Christopher Taylor,male,68,shop assistant
808,Daniel Brown,male,42,engineer
809,Diana Ryan,female,25,data scientist
810,Michael Roberts,male,58,doctor
811,Shannon Duke,female,54,banker
812,Anna Estes,female,52,human resources officer
813,Thomas Riddle,male,22,police officer
814,Beth Cline,female,28,doctor
815,Michelle Poole,female,33,military personnel
816,Megan Burns,female,50,accountant
817,Derrick Perry,male,47,researcher
818,Madeline Beard,female,18,content creator
819,Jose Ramirez,male,32,content creator
820,Jackie Clements,female,44,marketing specialist
821,April Schroeder,female,33,shop assistant
822,Nicholas Ellis,male,39,photographer
823,Hunter Brown,male,47,content creator
824,Daniel Jordan,male,29,professor
825,Derrick Clayton,male,38,accountant
826,Laura Knight,female,78,homemaker
827,Hailey Fleming,female,50,content creator
828,Ariana Bowers,female,15,human resources officer
829,Becky Mathews,female,26,travel agent
830,April Rubio,female,42,technician
831,Michael Anderson,male,45,police officer
832,Christopher Cantu,male,29,teacher
833,Mary Wright,female,64,retired
834,Stephanie Martin,female,22,insurance agent
835,Eric Lyons,male,21,warehouse worker
836,Mary Padilla,female,36,human resources officer
837,Karen Anderson,female,42,artist
838,Michael Smith,male,33,student
839,Robert Mcneil,male,33,customer service representative
840,Brandi Jones,female,43,project manager
841,Monica Garcia,female,29,insurance agent
842,Stanley Taylor,male,57,human resources officer
843,Nicole Anderson,female,23,retired
844,Charles Jr.,male,26,homemaker
845,Jessica Bowen,female,24,content creator
846,Christian Jenkins,male,27,shop assistant
847,Shannon Miller,female,47,real estate agent
848,Nicole Lawrence,female,31,real estate agent
849,Victor Edwards,male,32,shop assistant
850,Donald Miller,male,42,farmer
851,Kyle Lawson,male,34,electrician
852,Michael Abbott,male,43,banker
853,Elizabeth Holmes,female,50,musician
854,Paul Phillips,male,27,banker
855,Stephanie Blevins,female,43,entrepreneur
856,Ashley Porter,female,29,writer
857,Joseph Levine,male,48,musician
858,Taylor DVM,female,23,teacher
859,Holly Vega,female,43,human resources officer
860,Tiffany Townsend,female,32,marketing specialist
861,Andrea Baker,female,50,civil servant
862,Antonio Mccormick,male,28,government employee
863,Mark Mason,male,26,farmer
864,Michael Miller,male,22,graphic designer
865,Lisa Ramirez,female,31,consultant
866,Jorge Harris,male,29,nurse
867,Kimberly Myers,female,20,homemaker
868,Sandra Becker,female,30,photographer
869,Melissa Blair,female,39,data scientist
870,Anthony Miller,male,54,mechanic
871,Jesse Lynch,male,20,shop assistant
872,Patrick Yang,male,31,teacher
873,Michelle Miles,female,29,graphic designer
874,Tiffany Mills,female,39,technician
875,Michelle Jackson,female,37,warehouse worker
876,Richard Adams,male,33,civil servant
877,Patricia Johnson,female,38,teacher
878,Denise Brown,female,41,engineer
879,Kenneth Jones,male,34,architect
880,Heather Porter,female,49,writer
881,Holly Scott,female,57,data scientist
882,Kenneth Sharp,male,51,unemployed
883,Jordan Williams,male,62,photographer
884,Dana Ruiz,female,48,pharmacist
885,Chris Velazquez,male,51,professor
886,Juan Sloan,male,33,business owner
887,Jason Morris,male,43,human resources officer
888,Nathan Nelson,male,29,sales executive
889,Jacqueline Shaw,female,26,accountant
890,Cassie Brock,female,38,photographer
891,Troy MD,male,35,sales executive
892,Sarah Murphy,female,27,marketing specialist
893,Aimee Gonzalez,female,37,insurance agent
894,Eric Dean,male,14,human resources officer
895,Leslie Snyder,female,58,entrepreneur
896,Craig Mccullough,male,52,insurance agent
897,David Smith,male,35,homemaker
898,David Reed,male,39,content creator
899,Shawn Tapia,male,31,business owner
900,Mary Sweeney,female,35,homemaker
901,Ashley Moreno,female,34,engineer
902,Katherine Brown,female,42,artist
903,Brandon PhD,male,33,teacher
904,Michael Watson,male,29,real estate agent
905,Brendan Anderson,male,45,shop assistant
906,Angela Bradley,female,37,professor
907,Victor Young,male,26,customer service representative
908,Ethan Owen,male,45,banker
909,Nicolas Stewart,male,52,architect
910,Benjamin Harris,male,27,researcher
911,Lauren Moore,female,34,travel agent
912,Julie Russell,female,41,architect
913,Vincent Clark,male,49,lecturer
914,Deborah Wilson,female,54,insurance agent
915,Michael Mckenzie,male,32,teacher
916,Andrew Huff,male,32,financial analyst
917,Brandon Wright,male,40,lawyer
918,Kayla Byrd,female,37,homemaker
919,William Johnson,male,43,teacher
920,Jesse Adkins,male,16,mechanic
921,Julia Lara,female,50,doctor
922,Alexandra Greer,female,35,financial analyst
923,Carlos MD,male,34,data scientist
924,Maria Aguilar,female,40,artist
925,Robert Johnson,male,53,civil servant
926,Stephanie Ramos,female,18,data analyst
927,Taylor Calderon,male,35,warehouse worker
928,Andrew Murray,male,32,accountant
929,Kenneth Underwood,male,51,photographer
930,Allen Vega,male,24,police officer
931,Cindy Lopez,female,23,business owner
932,Sophia Johnson,female,47,travel agent
933,Danielle Phillips,female,23,administrative officer
934,Chad Gonzalez,male,57,nurse
935,Joseph Mccoy,male,36,electrician
936,Rebecca Mayo,female,36,electrician
937,Ian Stephens,male,44,real estate agent
938,Susan Shaw,female,38,military personnel
939,Christopher Flores,male,43,data analyst
940,Steven Osborne,male,41,travel agent
941,William Moreno,male,26,freelancer
942,Yvonne Dickson,female,38,nurse
943,Mary Adams,female,36,project manager
944,Sylvia Brown,female,34,software developer
945,Ryan MD,male,22,technician
946,Sarah Thompson,female,56,teacher
947,Robert Wolfe,male,26,project manager
948,Alfred Haynes,male,37,warehouse worker
949,Kristy Hart,female,29,government employee
950,William Keith,male,35,human resources officer
951,Ellen Henry,female,30,graphic designer
952,David Robinson,male,40,military personnel
953,Aaron Hardin,male,33,lawyer
954,Bianca Love,female,48,researcher
955,Sarah Morris,female,27,technician
956,Kevin Stark,male,40,police officer
957,Ryan Valencia,male,43,homemaker
958,Tom Foster,male,59,construction worker
959,Elizabeth Taylor,female,58,financial analyst
960,Tiffany Conner,female,36,software developer
961,Carrie Novak,female,62,police officer
962,Tanya Buchanan,female,36,travel agent
963,Leah Thompson,female,30,project manager
964,Melissa Anderson,female,30,retired
965,Tiffany Fry,female,36,government employee
966,Zachary Sanford,male,32,electrician
967,Lance Mccall,male,42,farmer
968,Keith Zuniga,male,27,data analyst
969,Patrick Young,male,50,social worker
970,Carol MD,female,58,warehouse worker
971,Margaret Tanner,female,39,social worker
972,Derek Wright,male,62,lecturer
973,David Rodriguez,male,52,customer service representative
974,James Oconnor,male,26,shop assistant
975,Johnny Gray,male,59,writer
976,Brian Mendoza,male,30,civil servant
977,Marilyn Mcdaniel,female,25,administrative officer
978,Angela Singleton,female,25,researcher
979,Fernando Lynn,male,25,chef
980,Carolyn Bennett,female,48,architect
981,Joshua Villanueva,male,25,marketing specialist
982,Linda Austin,female,28,student
983,Andre Dunlap,male,48,retired
984,Stacy Moore,female,41,content creator
985,Christine Lee,female,24,freelancer
986,Nathan Blair,male,59,musician
987,Diane Young,female,26,software developer
988,Kenneth Larsen,male,54,writer
989,Heather Patterson,female,23,administrative officer
990,Mary Greene,female,34,construction worker
991,Alexander Jackson,male,49,homemaker
992,Bradley Anthony,male,24,photographer
993,James Burns,male,21,military personnel
994,Brandon Stephens,male,34,doctor
995,Stephen Wood,male,59,writer
996,Dennis Marshall,male,31,pharmacist
997,Derrick Brown,male,34,consultant
998,Kimberly Arellano,female,43,retail worker
999,Kristen Randall,female,51,architect
1000,Jason Nichols,male,37,entrepreneur
1001,Karen Keith,female,27,mechanic
1002,Angela Orr,female,27,farmer
1003,Jonathan Lester,male,46,shop assistant
1004,Michael Oliver,male,49,travel agent
1005,William Graham,male,46,artist
1006,Sandra DVM,female,47,photographer
1007,Austin Hughes,male,32,writer
1008,Erika Hill,female,17,freelancer
1009,Shelley Buchanan,female,61,consultant
1010,Kelly Barnes,female,45,technician
1011,Brittany Matthews,female,38,entrepreneur
1012,Teresa Buckley,female,31,sales executive
1013,Ashlee Mitchell,female,38,retired
1014,Gregg Jenkins,male,45,financial analyst
1015,John Lynch,male,33,homemaker
1016,Desiree Thomas,female,38,engineer
1017,Melissa Williams,female,61,entrepreneur
1018,Erin Young,female,42,journalist
1019,Thomas Prince,male,33,financial analyst
1020,Robert Turner,male,30,insurance agent
1021,John Horton,male,59,photographer
1022,Sheila Taylor,female,45,warehouse worker
1023,Roger Adams,male,57,mechanic
1024,Matthew Lopez,male,29,civil servant
1025,Rodney Figueroa,male,36,human resources officer
1026,Sean Nicholson,male,38,marketing specialist
1027,Christopher Collins,male,21,teacher
1028,Brandy York,female,34,musician
1029,Alyssa Lee,female,15,retired
1030,Russell Wright,male,52,sales executive
1031,Tamara Bush,female,34,pharmacist
1032,Rodney Wagner,male,28,musician
1033,Becky Johnson,female,25,accountant
1034,Kirk Thompson,male,48,customer service representative
1035,Steven Curry,male,62,farmer
1036,Dustin Hughes,male,40,business owner
1037,Laura Hanna,female,30,marketing specialist
1038,Maria Byrd,female,22,entrepreneur
1039,Jason Smith,male,31,electrician
1040,Randall Smith,male,55,police officer
1041,Maria Burke,female,27,entrepreneur
1042,David Trujillo,male,59,delivery driver
1043,Tracy Day,female,27,student
1044,Jamie Bailey,female,24,retail worker
1045,John Byrd,male,27,lawyer
1046,James Garcia,male,43,engineer
1047,Mary Bridges,female,24,financial analyst
1048,Maria Lynch,female,40,consultant
1049,Ashley Brown,female,48,content creator
1050,Martin III,male,50,musician
1051,Stephanie Evans,female,58,delivery driver
1052,Ralph Yoder,male,49,insurance agent
1053,Rebekah Greene,female,23,financial analyst
1054,Michael Griffith,male,40,police officer
1055,Yolanda Green,female,30,artist
1056,James Johnson,male,51,architect
1057,Kenneth Lee,male,33,military personnel
1058,Daniel Nichols,male,35,musician
1059,Terry Powers,male,34,journalist
1060,Ryan Pittman,male,44,social worker
1061,Christopher Davis,male,31,teacher
1062,David Stokes,male,33,engineer
1063,Clayton Frazier,male,34,manager
1064,Ann Kelly,female,47,banker
1065,Elizabeth French,female,25,graphic designer
1066,David Carter,male,48,police officer
1067,John Delacruz,male,40,financial analyst
1068,Terry Jones,female,57,project manager
1069,Jonathan Dillon,male,18,civil servant
1070,Brenda Gonzalez,female,31,technician
1071,Laura Knox,female,42,administrative officer
1072,Eugene Baldwin,male,57,artist
1073,Katherine Welch,female,37,delivery driver
1074,Mark Smith,male,25,retail worker
1075,Philip Jackson,male,43,customer service representative
1076,Katherine Gallagher,female,35,writer
1077,Lisa Schultz,female,61,real estate agent
1078,Traci Reyes,female,34,delivery driver
1079,Curtis Watson,male,30,marketing specialist
1080,Frank Whitaker,male,37,customer service representative
1081,Megan Sims,female,47,police officer
1082,Michael Cooper,male,26,photographer
1083,James Chapman,male,28,entrepreneur
1084,Rodney Evans,male,45,project manager
1085,Monica Carlson,female,17,business owner
1086,Stacy Cowan,female,34,banker
1087,Stephanie Howard,female,36,data analyst
1088,Tiffany Hull,female,34,consultant
1089,Darryl Acosta,male,41,lawyer
1090,Nicholas Lawrence,male,22,sales executive
1091,Holly Santos,female,19,data analyst
1092,Shawn Scott,male,55,real estate agent
1093,Amber Vang,female,35,shop assistant
1094,Matthew Smith,male,40,insurance agent
1095,Jennifer James,female,63,police officer
1096,Kara Hernandez,female,22,pharmacist
1097,Mark Turner,male,30,lawyer
1098,Mary Nelson,female,39,accountant
1099,Breanna Rivas,female,69,real estate agent
1100,Michelle Wilson,female,57,artist
1101,Brian Gonzalez,male,23,entrepreneur
1102,Dennis Mills,male,52,consultant
1103,Michael Phillips,male,30,technician
1104,Kathleen Clark,female,56,insurance agent
1105,Gary Smith,male,32,retail worker
1106,Susan Conley,female,38,electrician
1107,Brittany Davis,female,35,manager
1108,Nathaniel Garcia,male,28,software developer
1109,Crystal Hinton,female,38,homemaker
1110,John Garcia,male,39,lawyer
1111,Amanda Roberts,female,25,manager
1112,Emily Rodgers,female,29,banker
1113,Olivia Williams,female,27,administrative officer
1114,Matthew Jackson,male,31,pharmacist
1115,Jeffrey Howell,male,43,project manager
1116,Brandon Briggs,male,19,student
1117,James Rivers,male,52,military personnel
1118,James Jefferson,male,26,shop assistant
1119,Mariah Robles,female,43,data scientist
1120,Michael Brown,male,58,entrepreneur
1121,Christopher Perry,male,34,lecturer
1122,Robert Gregory,male,14,professor
1123,James Howard,male,81,delivery driver
1124,Melinda Roberson,female,57,manager
1125,Thomas Rodriguez,male,23,police officer
1126,Amber Green,female,55,data scientist
1127,Michael Gregory,male,26,construction worker
1128,Kenneth Cunningham,male,36,unemployed
1129,Michael MD,male,33,insurance agent
1130,Brandon Stanley,male,54,musician
1131,Haley Rhodes,female,35,software developer
1132,Sara Grant,female,38,unemployed
1133,Anthony Jr.,male,58,student
1134,Samuel Booth,male,34,warehouse worker
1135,John Allen,male,28,manager
1136,Daniel Schneider,male,19,artist
1137,David Stevens,male,30,artist
1138,Jerome Gates,male,37,journalist
1139,Barbara Jimenez,female,36,marketing specialist
1140,Brian Gutierrez,male,33,pharmacist
1141,Aaron Davis,male,41,professor
1142,Manuel Torres,male,63,business owner
1143,Christine Powers,female,30,unemployed
1144,Heidi Brown,female,39,artist
1145,Jesse Castro,male,38,data analyst
1146,Kara Sandoval,female,53,freelancer
1147,Brian Malone,male,24,researcher
1148,Gloria Gallegos,female,53,graphic designer
1149,Kelly Park,female,48,musician
1150,Carly Taylor,female,24,researcher
1151,Mikayla Rodriguez,female,27,warehouse worker
1152,Cody Conrad,male,28,construction worker
1153,Joyce Harrington,female,27,government employee
1154,Ashley Perry,female,42,professor
1155,Ryan Chapman,male,29,doctor
1156,Jerry Barrett,male,40,doctor
1157,Brandy Porter,female,35,farmer
1158,Anthony Mcconnell,male,30,warehouse worker
1159,John Romero,male,50,project manager
1160,Cassandra Lane,female,47,engineer
1161,Betty Hughes,female,52,financial analyst
1162,Sonya Gordon,female,48,data analyst
1163,Veronica Moon,female,36,delivery driver
1164,Denise Stuart,female,33,insurance agent
1165,Brandi Gutierrez,female,50,content creator
1166,Shannon Joseph,female,43,electrician
1167,Mackenzie Harris,female,24,electrician
1168,Donna Reed,female,37,social worker
1169,Vicki Santos,female,31,mechanic
1170,Jonathan Benson,male,58,banker
1171,Ashley Bell,female,41,travel agent
1172,Laura Contreras,female,49,retail worker
1173,Nicole Skinner,female,57,human resources officer
1174,Ryan Stokes,male,38,journalist
1175,Alexander Thomas,male,35,journalist
1176,Curtis Christensen,male,24,project manager
1177,Donna King,female,33,unemployed
1178,Andrew Cervantes,male,25,technician
1179,Sean Stevenson,male,64,writer
1180,Patrick Hoffman,male,58,project manager
1181,Richard Lindsey,male,39,warehouse worker
1182,Matthew House,male,50,mechanic
1183,Tina Daugherty,female,53,professor
1184,Kristen Smith,female,41,mechanic
1185,Marc Norman,male,44,real estate agent
1186,Sandra Pruitt,female,65,software developer
1187,Matthew Fischer,male,25,insurance agent
1188,Larry Parsons,male,38,accountant
1189,Christopher Fleming,male,18,construction worker
1190,Carrie Palmer,female,44,accountant
1191,Jeffrey Hawkins,male,41,business owner
1192,Kevin Scott,male,58,civil servant
1193,Michelle Moore,female,35,engineer
1194,Frank Williams,male,35,nurse
1195,Lisa Stanley,female,23,financial analyst
1196,Kenneth Howard,male,29,pharmacist
1197,Emily Robinson,female,25,delivery driver
1198,Barry Wagner,male,63,researcher
1199,Kimberly Davis,female,44,nurse
1200,Daniel Rivera,male,27,student
1201,Colleen Goodwin,female,19,content creator
1202,Yesenia Colon,female,64,journalist
1203,Adam MD,male,52,police officer
1204,Lisa Oliver,female,30,electrician
1205,Melanie Flores,female,27,artist
1206,Tony Cruz,male,33,manager
1207,Douglas Pruitt,male,26,lecturer
1208,Jaime Lang,female,40,banker
1209,Amanda Villanueva,female,60,manager
1210,Kayla Vaughan,female,31,military personnel
1211,Tina Medina,female,50,manager
1212,Austin Santiago,male,47,police officer
1213,Sean Coleman,male,39,unemployed
1214,Kimberly Park,female,27,photographer
1215,Reginald DVM,male,39,researcher
1216,Brittany Stevens,female,23,government employee
1217,Anita Brown,female,23,banker
1218,Kristin Andrews,female,33,business owner
1219,David Hughes,male,25,social worker
1220,Jeffrey Smith,male,22,social worker
1221,Kimberly May,female,22,construction worker
1222,Peter Richards,male,41,technician
1223,Benjamin Reilly,male,15,civil servant
1224,Rachel Turner,female,24,farmer
1225,Preston Kim,male,29,lawyer
1226,Matthew Wells,male,45,writer
1227,Chad Myers,male,28,data analyst
1228,Joshua Choi,male,28,shop assistant
1229,Megan Sloan,female,36,banker
1230,Monica Brooks,female,41,architect
1231,Kristen Peters,female,28,doctor
1232,Aaron Carlson,male,61,entrepreneur
1233,Travis Torres,male,31,freelancer
1234,Stephanie Cooper,female,43,doctor
1235,Matthew Hunt,male,39,researcher
1236,Daniel Davenport,male,46,professor
1237,Christopher Marsh,male,27,nurse
1238,Samuel Randolph,male,36,social worker
1239,Annette Swanson,female,34,project manager
1240,Erin Anderson,female,43,electrician
1241,Brett Harvey,male,57,real estate agent
1242,Evan Hayes,male,47,freelancer
1243,Elizabeth Silva,female,43,warehouse worker
1244,Jacob Stewart,male,33,manager
1245,Aaron Sanchez,male,34,journalist
1246,Nancy Graham,female,17,data analyst
1247,Brandy Quinn,female,54,photographer
1248,Julie Howard,female,30,police officer
1249,Juan Thompson,male,58,project manager
1250,Sarah Trevino,female,42,police officer
1251,Joshua Baker,male,38,graphic designer
1252,Billy Jones,male,26,entrepreneur
1253,Katie Johnson,female,32,chef
1254,Jared Lawrence,male,40,shop assistant
1255,Juan Stephens,male,34,musician
1256,Patricia MD,female,36,journalist
1257,Nicholas Carter,male,29,engineer
1258,Katrina Sanders,female,38,electrician
1259,Mary Charles,female,28,lecturer
1260,Jill White,female,29,writer
1261,Mary Faulkner,female,53,real estate agent
1262,Karen Howard,female,34,sales executive
1263,Amanda Clark,female,51,electrician
1264,Isaiah Harrison,male,29,business owner
1265,Anthony Hooper,male,16,teacher
1266,Michele Boyd,female,26,engineer
1267,Ruben Baker,male,29,banker
1268,Christopher Valdez,male,27,government employee
1269,Matthew Houston,male,35,homemaker
1270,Jamie Solomon,female,67,unemployed
1271,Heather Parrish,female,55,warehouse worker
1272,John Munoz,male,28,technician
1273,Brenda Martin,female,42,teacher
1274,Mason Lewis,male,34,insurance agent
1275,Heidi Love,female,31,government employee
1276,David Shepherd,male,57,freelancer
1277,Karen Mendoza,female,35,entrepreneur
1278,Candace Whitaker,female,20,warehouse worker
1279,Andrew Berry,male,36,lecturer
1280,Lori Williams,female,13,insurance agent
1281,Amy Scott,female,41,insurance agent
1282,Tina Greene,female,51,pharmacist
1283,Alicia Ball,female,41,artist
1284,Diane Miller,female,50,retail worker
1285,Willie Dillon,male,68,architect
1286,Sandra Burke,female,31,journalist
1287,Robert White,male,29,entrepreneur
1288,Deborah Ramsey,female,45,pharmacist
1289,Jody Garza,female,60,technician
1290,Janice Rodriguez,female,42,writer
1291,Shannon Gordon,female,38,construction worker
1292,Lisa Williams,female,45,freelancer
1293,Kathy Wilson,female,47,musician
1294,Carlos Munoz,male,44,engineer
1295,Stephanie Hampton,female,13,artist
1296,Joseph Wood,male,25,customer service representative
1297,Kendra Perez,female,12,content creator
1298,Rachel James,female,50,marketing specialist
1299,Natalie Juarez,female,35,sales executive
1300,Anne Anderson,female,29,civil servant
1301,David Trevino,male,53,software developer
1302,Sherri Ortiz,female,10,retired
1303,Michelle Clarke,female,24,nurse
1304,Autumn Smith,female,34,marketing specialist
1305,Michael Stewart,male,22,content creator
1306,Christopher Pearson,male,50,police officer
1307,Scott Henderson,male,28,musician
1308,Donald Becker,male,35,manager
1309,Jennifer Bowers,female,49,civil servant
1310,Jacqueline Peters,female,32,graphic designer
1311,Eric Cooper,male,18,freelancer
1312,Nancy Wyatt,female,31,insurance agent
1313,Nicole Griffin,female,59,delivery driver
1314,Candice Lewis,female,46,lecturer
1315,George Pierce,male,62,photographer
1316,Michelle Martin,female,29,engineer
1317,Anna Thomas,female,37,sales executive
1318,Jeffrey Brown,male,66,business owner
1319,Angela Johnson,female,32,sales executive
1320,William Mendez,male,26,data analyst
1321,Michelle Harper,female,55,travel agent
1322,Robert Bowman,male,41,graphic designer
1323,Christina Sandoval,female,42,unemployed
1324,Dustin Johnson,male,28,chef
1325,Kelli Hall,female,31,freelancer
1326,Amanda Allen,female,23,student
1327,Brooke Shea,female,51,civil servant
1328,Heather Foster,female,55,unemployed
1329,Joseph Mclaughlin,male,35,shop assistant
1330,Ann Mitchell,female,25,photographer
1331,Suzanne Bailey,female,41,content creator
1332,Larry Lee,male,46,professor
1333,Laura Green,female,29,lawyer
1334,Ashley Jones,female,36,retail worker
1335,Theresa Pratt,female,43,administrative officer
1336,Sherri Li,female,39,mechanic
1337,Melissa Church,female,33,insurance agent
1338,Randy Todd,male,24,musician
1339,Joe Matthews,male,29,construction worker
1340,Brian Jones,male,32,journalist
1341,Wendy Rhodes,female,41,insurance agent
1342,Emily Moses,female,34,professor
1343,Alexandra Collier,female,36,accountant
1344,Brandon Nunez,male,27,entrepreneur
1345,Billy Velazquez,male,51,delivery driver
1346,Hayden Shannon,male,41,data scientist
1347,Theresa Vega,female,43,manager
1348,Kathryn Gonzalez,female,47,journalist
1349,Shelley Clark,female,46,police officer
1350,Danielle Montgomery,female,30,musician
1351,Brian Mora,male,19,data analyst
1352,Mary Austin,female,25,teacher
1353,Joshua Williams,male,56,construction worker
1354,Marc Vasquez,male,26,electrician
1355,Steven MD,male,47,farmer
1356,Sydney MD,female,40,financial analyst
1357,Amy Lloyd,female,23,military personnel
1358,Kimberly Shaw,female,36,nurse
1359,Melissa Thompson,female,57,project manager
1360,Melissa DDS,female,35,delivery driver
1361,Daniel Carpenter,male,26,student
1362,Lisa Green,female,42,delivery driver
1363,David Ruiz,male,42,content creator
1364,Holly Jimenez,female,53,engineer
1365,Douglas White,male,31,banker
1366,Laura Perez,female,18,homemaker
1367,Debra Young,female,33,data analyst
1368,Jane Thomas,female,49,photographer
1369,Brittany Shaffer,female,26,data analyst
1370,Jonathan Cowan,male,36,architect
1371,Jose Le,male,57,homemaker
1372,Elizabeth Hart,female,23,doctor
1373,Jennifer Vaughn,female,62,musician
1374,Robin Woods,female,30,military personnel
1375,Joanna Cook,female,29,manager
1376,Justin Frederick,male,28,chef
1377,Alejandro Martinez,male,62,military personnel
1378,Tracey Gonzalez,female,23,entrepreneur
1379,Henry Nunez,male,28,content creator
1380,Noah Preston,male,74,homemaker
1381,Dustin Welch,male,26,artist
1382,Christopher Morton,male,34,artist
1383,Lynn Duncan,female,21,financial analyst
1384,Andrea Martin,female,23,photographer
1385,Emily Carter,female,48,delivery driver
1386,Maria Nelson,female,54,doctor
1387,Shari Cox,female,34,human resources officer
1388,Tracie Gutierrez,female,30,lawyer
1389,Alexander Luna,male,29,electrician
1390,Teresa Haynes,female,37,chef
1391,Carol Garcia,female,31,real estate agent
1392,Sherry Kelley,female,27,data scientist
1393,James Hubbard,male,40,unemployed
1394,Dennis Moore,male,35,researcher
1395,Stephen Parker,male,33,entrepreneur
1396,Diane Sims,female,49,travel agent
1397,Ryan Johnson,male,15,social worker
1398,Shannon Nguyen,female,51,retired
1399,Vanessa Fernandez,female,24,content creator
1400,Jeremy Montes,male,42,marketing specialist
1401,Cassandra Harper,female,48,social worker
1402,Madison Elliott,female,46,chef
1403,Margaret Collins,female,24,entrepreneur
1404,Joshua Ballard,male,55,freelancer
1405,Holly Green,female,24,student
1406,Aaron Ochoa,male,58,manager
1407,Hailey Harrison,female,39,consultant
1408,Tammy Arroyo,female,33,project manager
1409,Adam Jordan,male,31,homemaker
1410,Jason Castro,male,44,technician
1411,Carla Mclaughlin,female,57,technician
1412,James Baker,male,36,civil servant
1413,Cynthia Duran,female,21,musician
1414,Rhonda Cohen,female,20,unemployed
1415,Patrick Lamb,male,35,doctor
1416,Mallory Williamson,female,29,journalist
1417,Marcus Lopez,male,33,shop assistant
1418,Anthony Nichols,male,28,artist
1419,Ashley Adams,female,16,customer service representative
1420,Nicholas Hall,male,50,marketing specialist
1421,Katherine Peterson,female,38,delivery driver
1422,Robert Bolton,male,34,insurance agent
1423,Rick Rivera,male,27,shop assistant
1424,Tiffany Brown,female,20,human resources officer
1425,Benjamin Harrison,male,30,photographer
1426,Sarah Roth,female,53,sales executive
1427,Barbara Tate,female,29,unemployed
1428,Patricia Ramos,female,21,lawyer
1429,Joseph Hendrix,male,24,police officer
1430,Melanie Collins,female,64,financial analyst
1431,Kelly King,female,20,warehouse worker
1432,Cristian Clay,male,28,human resources officer
1433,Daniel Rodriguez,male,26,banker
1434,Frederick Jackson,male,23,retired
1435,Barbara Mccormick,female,40,travel agent
1436,Andrew Logan,male,28,content creator
1437,Linda Watson,female,61,lecturer
1438,Timothy Shea,male,28,sales executive
1439,Amy Newman,female,20,real estate agent
1440,Rebecca Martinez,female,32,artist
1441,Vicki Kramer,female,42,military personnel
1442,Renee Gonzales,female,39,farmer
1443,Michael Howard,male,49,human resources officer
1444,Steven Washington,male,21,human resources officer
1445,Elizabeth Terry,female,24,civil servant
1446,Cody Bailey,male,35,social worker
1447,Donald Guerra,male,25,freelancer
1448,Julian Jones,male,29,architect
1449,Elizabeth Baker,female,50,doctor
1450,Aaron Little,male,28,musician
1451,Charlene Smith,female,31,lecturer
1452,Patty Allen,female,36,data scientist
1453,Matthew Ryan,male,22,chef
1454,Joseph Jimenez,male,27,technician
1455,Lisa Morris,female,35,marketing specialist
1456,Ashley Mills,female,26,unemployed
1457,Sandy Anderson,female,31,software developer
1458,Dale Washington,male,33,unemployed
1459,Laura Huff,female,35,retired
1460,Kelly Miles,female,35,journalist
1461,Jacob Obrien,male,22,software developer
1462,Tara Clark,female,26,retail worker
1463,Steve Miller,male,30,photographer
1464,Antonio Grant,male,28,student
1465,Jason Wood,male,33,consultant
1466,Samantha Baker,female,49,doctor
1467,Benjamin Torres,male,48,content creator
1468,Tyler Davis,male,71,unemployed
1469,Kim Lopez,female,25,architect
1470,Danielle Garrett,female,34,doctor
1471,Nicole Perry,female,58,researcher
1472,Mark Howard,male,49,artist
1473,Mary Andrade,female,30,social worker
1474,Catherine Morales,female,37,business owner
1475,Christopher Murillo,male,48,marketing specialist
1476,Harold Edwards,male,55,mechanic
1477,Erika PhD,female,36,police officer
1478,Molly Franklin,female,44,graphic designer
1479,Cindy Cannon,female,17,architect
1480,David Nixon,male,38,engineer
1481,James Barber,male,57,retired
1482,Linda DVM,female,50,marketing specialist
1483,Eric Walker,male,49,retired
1484,Alison Short,female,19,government employee
1485,Donald Spencer,male,25,retired
1486,Timothy Moore,male,59,shop assistant
1487,Heather Taylor,female,35,human resources officer
1488,Kevin Hall,male,25,sales executive
1489,Anna Ross,female,21,construction worker
1490,Nicholas Cummings,male,33,military personnel
1491,Christopher Petersen,male,18,insurance agent
1492,Laura Velez,female,79,musician
1493,Elizabeth Cross,female,25,unemployed
1494,Blake Brown,male,51,shop assistant
1495,Gregory Montoya,male,25,lecturer
1496,Shawna Kane,female,38,mechanic
1497,Matthew Guzman,male,27,researcher
1498,Richard Reyes,male,13,financial analyst
1499,Andrew Fernandez,male,29,construction worker
1500,Kathryn Walker,female,33,government employee
1501,Monique Long,female,38,manager
1502,Kurt Wagner,male,27,banker
1503,Donna Foster,female,32,real estate agent
1504,Bradley Duncan,male,39,engineer
1505,Jennifer Miller,female,61,writer
1506,Patricia Anderson,female,40,software developer
1507,Justin Freeman,male,43,insurance agent
1508,Craig Gilbert,male,37,construction worker
1509,David Jones,male,21,military personnel
1510,Erica Glass,female,53,unemployed
1511,Michael Henderson,male,21,software developer
1512,Frank Wheeler,male,49,journalist
1513,Elizabeth Huerta,female,28,nurse
1514,Wanda Ramos,female,42,police officer
1515,Amanda Meyers,female,58,project manager
1516,Jacqueline Todd,female,31,teacher
1517,Brian Brown,male,39,lecturer
1518,Tammy Melton,female,29,sales executive
1519,Alexis Benson,female,56,social worker
1520,Jerry Johnson,male,47,professor
1521,Kimberly Harris,female,37,manager
1522,Deanna Webb,female,51,customer service representative
1523,Charles Hale,male,58,administrative officer
1524,Kevin Alvarado,male,66,writer
1525,Christopher Campbell,male,64,doctor
1526,Luke Brown,male,37,financial analyst
1527,Adam Price,male,43,retail worker
1528,Sarah Keller,female,37,content creator
1529,Alicia Dillon,female,55,warehouse worker
1530,David James,male,27,government employee
1531,Brett PhD,male,26,social worker
1532,Cody Mason,male,24,pharmacist
1533,Timothy Smith,male,43,nurse
1534,Kendra Cook,female,26,pharmacist
1535,Christopher Reed,male,24,engineer
1536,Mario Young,male,57,mechanic
1537,Jonathan DDS,male,58,unemployed
1538,Steve Briggs,male,29,human resources officer
1539,Kristen Ramirez,female,55,mechanic
1540,Stephanie Sandoval,female,38,government employee
1541,James Yu,male,26,financial analyst
1542,Lori Perez,female,23,musician
1543,Brittany Waller,female,35,technician
1544,Gary Daniels,male,29,doctor
1545,Brenda Weaver,female,28,banker
1546,Scott Parker,male,53,photographer
1547,Kelly Taylor,female,35,construction worker
1548,Brianna DVM,female,34,business owner
1549,Kristin Fry,female,64,photographer
1550,Evan Hobbs,male,24,business owner
1551,Pamela Beard,female,32,civil servant
1552,Jennifer Ramos,female,20,student
1553,Steven Mahoney,male,43,farmer
1554,Peggy Rodriguez,female,27,photographer
1555,Pamela Salazar,female,34,manager
1556,Latasha Hall,female,26,government employee
1557,John Shaw,male,27,shop assistant
1558,Michael Brooks,male,33,nurse
1559,Katherine Taylor,female,52,researcher
1560,Andrew Duran,male,41,journalist
1561,Derrick Gutierrez,male,30,customer service representative
1562,William Todd,male,21,technician
1563,Timothy Duke,male,46,project manager
1564,Katherine Nguyen,female,60,construction worker
1565,David Sullivan,male,15,writer
1566,Nancy James,female,36,police officer
1567,Lisa Newton,female,44,business owner
1568,Kelly Liu,female,18,photographer
1569,Kelly Hayes,female,75,retired
1570,Andrew Forbes,male,44,project manager
1571,James Moss,male,20,lawyer
1572,Jose Mccoy,male,46,human resources officer
1573,Eddie Sanders,male,17,retired
1574,Ronald Murray,male,28,artist
1575,Louis Brown,male,20,software developer
1576,Charles Gallegos,male,25,financial analyst
1577,Nathan Wilson,male,28,human resources officer
1578,Teresa Horton,female,34,warehouse worker
1579,Jason Hayes,male,28,customer service representative
1580,Leslie Marquez,female,60,warehouse worker
1581,Jesse Wright,male,52,manager
1582,Susan Hogan,female,30,police officer
1583,Caleb Wilson,male,57,manager
1584,Jack Mills,male,45,teacher
1585,Richard Hunt,male,36,homemaker
1586,Jamie James,female,37,civil servant
1587,Susan Cunningham,female,34,graphic designer
1588,Chris Melton,male,35,entrepreneur
1589,Michael Barnes,male,42,student
1590,Randy Griffin,male,27,warehouse worker
1591,Autumn Anderson,female,23,unemployed
1592,Lisa King,female,34,government employee
1593,Scott Stephens,male,30,travel agent
1594,Sonya Young,female,46,real estate agent
1595,Karen Ortiz,female,26,professor
1596,Lindsay Sanchez,female,57,electrician
1597,Lisa Grant,female,62,real estate agent
1598,Amber Hernandez,female,47,musician
1599,Amanda Nash,female,23,homemaker
1600,Sara Evans,female,23,manager
1601,Anthony Butler,male,38,travel agent
1602,Megan Carr,female,21,farmer
1603,Kurt Cobb,male,40,banker
1604,Jesse Riley,male,22,electrician
1605,Brandon Evans,male,59,farmer
1606,Jamie Jones,female,28,customer service representative
1607,Krista Carter,female,55,banker
1608,Melissa Hill,female,48,construction worker
1609,Joseph Dominguez,male,59,lawyer
1610,Brian Blair,male,52,mechanic
1611,Victoria Webb,female,56,business owner
1612,Timothy Andersen,male,21,government employee
1613,Lee Stewart,male,45,insurance agent
1614,Whitney Gomez,female,33,consultant
1615,Justin Stone,male,35,travel agent
1616,Katherine White,female,33,civil servant
1617,Michelle Krause,female,60,government employee
1618,Alexander Garrett,male,24,homemaker
1619,Ryan Marsh,male,41,data scientist
1620,Felicia DDS,female,57,construction worker
1621,Curtis Campbell,male,34,software developer
1622,Eric Hunter,male,33,construction worker
1623,Abigail Jennings,female,52,architect
1624,Misty Gilbert,female,31,lecturer
1625,Christopher Rivera,male,30,project manager
1626,Michael Hendricks,male,65,social worker
1627,Matthew Olson,male,37,journalist
1628,Steven Herrera,male,40,lecturer
1629,Rachel Gutierrez,female,39,technician
1630,Russell Evans,male,48,administrative officer
1631,Ethan Herrera,male,16,consultant
1632,Melissa Marsh,female,25,data scientist
1633,Hayden Montes,male,30,engineer
1634,Amanda Terrell,female,44,manager
1635,Sarah Duncan,female,58,sales executive
1636,Linda Hancock,female,54,real estate agent
1637,Michael Edwards,male,38,content creator
1638,Jennifer Crawford,female,39,pharmacist
1639,Jesse Sampson,male,47,lawyer
1640,Elizabeth Rodriguez,female,41,data scientist
1641,Richard Gentry,male,26,social worker
1642,Alexander Webb,male,50,shop assistant
1643,Cheryl Mclean,female,37,administrative officer
1644,Joseph Rowe,male,32,retail worker
1645,Shelby Short,female,38,chef
1646,Megan Anderson,female,54,entrepreneur
1647,Julia Reeves,female,17,homemaker
1648,Aaron Randolph,male,23,nurse
1649,Linda Miller,female,33,business owner
1650,Amber Meyer,female,53,freelancer
1651,Emily Lane,female,36,artist
1652,Steven Flores,male,49,farmer
1653,Destiny Flores,female,49,manager
1654,Bruce Hernandez,male,25,real estate agent
1655,Alexis Dean,female,41,unemployed
1656,Daniel Bell,male,37,marketing specialist
1657,Charles Bush,male,40,farmer
1658,Danielle Jones,female,41,data analyst
1659,Gerald Wallace,male,36,photographer
1660,John Lowe,male,20,researcher
1661,Amy Simmons,female,40,doctor
1662,Kyle Watkins,male,26,insurance agent
1663,Michael Jensen,male,47,banker
1664,Robert Marquez,male,25,unemployed
1665,Joseph Beltran,male,48,government employee
1666,Julie Anderson,female,42,consultant
1667,Thomas Mcdonald,male,45,government employee
1668,Michael Mckinney,male,35,graphic designer
1669,David Walker,male,62,retired
1670,Luis Durham,male,26,farmer
1671,Michael Ortega,male,26,delivery driver
1672,Sonya Chavez,female,24,administrative officer
1673,Karen Bell,female,52,engineer
1674,Christopher Tate,male,31,social worker
1675,Cameron Garcia,male,25,graphic designer
1676,Robert Nguyen,male,39,student
1677,Ricky Patel,male,29,business owner
1678,Jennifer Oliver,female,26,shop assistant
1679,William Reyes,male,58,data analyst
1680,Robert Garza,male,24,photographer
1681,Jessica Cobb,female,31,administrative officer
1682,Cynthia Bates,female,39,government employee
1683,Tara Andrews,female,38,real estate agent
1684,Leslie Ford,female,51,government employee
1685,Rodney Thompson,male,37,business owner
1686,Benjamin Rodriguez,male,57,technician
1687,Raymond Gray,male,32,human resources officer
1688,Mary Davis,female,71,freelancer
1689,Stephen Berger,male,29,construction worker
1690,April Thomas,female,59,administrative officer
1691,Kim Price,female,49,software developer
1692,Craig Maldonado,male,53,government employee
1693,Kelly Gentry,male,23,banker
1694,Tony Graham,male,23,artist
1695,Hailey MD,female,52,teacher
1696,Jared IV,male,53,mechanic
1697,Kimberly Brown,female,31,delivery driver
1698,Samantha Howard,female,38,sales executive
1699,Sharon Young,female,36,mechanic
1700,James Flores,male,23,banker
1701,James Gardner,male,19,architect
1702,John Lopez,male,24,researcher
1703,Tammy Larsen,female,52,construction worker
1704,Zachary Santiago,male,20,freelancer
1705,John Kim,male,25,photographer
1706,Bradley MD,male,15,police officer
1707,Richard Munoz,male,44,project manager
1708,Catherine Hicks,female,56,architect
1709,Joanna Kelly,female,25,content creator
1710,Lindsey Lane,female,30,data analyst
1711,Cynthia Shaw,female,44,data scientist
1712,Joshua Richardson,male,56,lecturer
1713,Keith Jr.,male,24,lecturer
1714,Michael Thomas,male,48,project manager
1715,Victoria Terrell,female,25,musician
1716,Brandon Kennedy,male,77,data analyst
1717,Tyler Miller,male,36,software developer
1718,Rebecca Edwards,female,54,financial analyst
1719,Greg Osborne,male,19,shop assistant
1720,Kayla Harrison,female,27,data scientist
1721,Jennifer Yu,female,83,human resources officer
1722,Donna Johnson,female,44,photographer
1723,Paul Acosta,male,23,administrative officer
1724,Antonio Kennedy,male,30,civil servant
1725,Amber Mooney,female,31,real estate agent
1726,Marcus Mitchell,male,27,police officer
1727,Jonathan York,male,43,shop assistant
1728,Casey Campbell,male,25,content creator
1729,Adrian Rodriguez,male,47,technician
1730,Kevin Hernandez,male,39,real estate agent
1731,Rhonda Green,female,76,consultant
1732,John Lloyd,male,30,doctor
1733,Grace Miller,female,18,content creator
1734,Wyatt Townsend,male,30,architect
1735,Jessica Walsh,female,31,software developer
1736,Morgan Reed,female,34,homemaker
1737,Nicole Wilson,female,26,musician
1738,James Turner,male,61,mechanic
1739,Paul Patel,male,25,content creator
1740,Michele Wells,female,58,entrepreneur
1741,Seth Smith,male,30,lecturer
1742,Joan Gregory,female,29,police officer
1743,Amanda Hardin,female,41,administrative officer
1744,Tyler Reynolds,male,55,accountant
1745,Scott Rogers,male,54,journalist
1746,Brett Pena,male,57,journalist
1747,Raymond Curry,male,23,financial analyst
1748,Leah Lee,female,28,retired
1749,Michael White,male,40,administrative officer
1750,Michael Decker,male,34,software developer
1751,Anne Garcia,female,30,government employee
1752,Colleen Campbell,female,57,administrative officer
1753,Allison Davis,female,28,shop assistant
1754,Mary Houston,female,35,architect
1755,Margaret Erickson,female,40,customer service representative
1756,Scott Anderson,male,30,professor
1757,Steven Knight,male,34,graphic designer
1758,Michael King,male,23,entrepreneur
1759,Timothy Fowler,male,23,lawyer
1760,Donald Simmons,male,26,data analyst
1761,Patricia Morris,female,41,retired
1762,Benjamin Waters,male,40,freelancer
1763,Faith Brown,female,50,photographer
1764,Deborah Alexander,female,31,engineer
1765,Tanya Bishop,female,35,civil servant
1766,Johnathan Thomas,male,36,accountant
1767,Mike Garcia,male,29,architect
1768,Kenneth King,male,36,construction worker
1769,Steven Hernandez,male,29,electrician
1770,Timothy Ortega,male,53,teacher
1771,Melissa Conway,female,56,professor
1772,Kaylee Case,female,49,social worker
1773,Jessica Anthony,female,37,marketing specialist
1774,Rachel Fernandez,female,54,financial analyst
1775,Tiffany Meyers,female,35,data scientist
1776,Latoya Donovan,female,40,social worker
1777,Melanie Morales,female,63,warehouse worker
1778,Randall Holland,male,33,accountant
1779,Andrew Cruz,male,35,researcher
1780,Melissa Mosley,female,26,homemaker
1781,Heather Miller,female,41,insurance agent
1782,Nancy Taylor,female,39,delivery driver
1783,Michelle Watkins,female,46,accountant
1784,Arthur Fernandez,male,31,technician
1785,Joseph Flowers,male,30,accountant
1786,Zachary Johnson,male,21,freelancer
1787,Richard Williams,male,29,unemployed
1788,Renee Contreras,female,22,banker
1789,Michael Sawyer,male,34,marketing specialist
1790,Kerry Buckley,male,31,travel agent
1791,Brenda Valdez,female,42,doctor
1792,Thomas Williams,male,52,social worker
1793,Bianca Jackson,female,21,electrician
1794,Elizabeth Leon,female,23,student
1795,Carolyn Garza,female,53,entrepreneur
1796,Ashley Crawford,female,77,retired
1797,Connie Brock,female,40,doctor
1798,Robin Hendrix,female,20,data scientist
1799,Frederick Daugherty,male,57,shop assistant
1800,Brenda Copeland,female,64,business owner
1801,Pamela Watkins,female,26,farmer
1802,Barbara Thomas,female,62,pharmacist
1803,Melissa Tran,female,29,data analyst
1804,Timothy Williams,male,32,civil servant
1805,Sarah Salazar,female,46,unemployed
1806,Alexis Tucker,female,60,teacher
1807,Cassie Davis,female,54,data scientist
1808,Stephen Butler,male,29,student
1809,Raymond Schwartz,male,41,customer service representative
1810,Margaret Mills,female,45,social worker
1811,Teresa Bishop,female,47,social worker
1812,Catherine Porter,female,52,financial analyst
1813,Lori Patton,female,49,technician
1814,Abigail Young,female,34,sales executive
1815,Joseph Davis,male,22,teacher
1816,Paige Fernandez,female,43,pharmacist
1817,Randy Hopkins,male,61,business owner
1818,Cheryl Hogan,female,42,professor
1819,Tracy Wells,female,31,data scientist
1820,Michael Williams,male,29,real estate agent
1821,Dominique Hamilton,female,32,content creator
1822,Renee Chang,female,18,retail worker
1823,Natalie Buckley,female,43,data analyst
1824,Rachel Washington,female,30,real estate agent
1825,Stephanie Griffith,female,27,researcher
1826,Erika Gonzalez,female,49,artist
1827,Gabriel Maxwell,male,44,journalist
1828,Annette Rojas,female,62,travel agent
1829,Jaime Walker,female,35,administrative officer
1830,Kari Zamora,female,38,chef
1831,Timothy Gibson,male,56,technician
1832,Chad Cortez,male,72,software developer
1833,William Harris,male,55,journalist
1834,Melissa Brown,female,54,chef
1835,Sarah Ellis,female,26,banker
1836,Gwendolyn Tanner,female,70,mechanic
1837,Rachel Little,female,56,lecturer
1838,Carolyn Cordova,female,50,consultant
1839,Angelica Vincent,female,56,social worker
1840,Whitney Vargas,female,28,unemployed
1841,Douglas Blair,male,43,civil servant
1842,Danielle Murphy,female,44,retail worker
1843,Stephanie Vargas,female,34,project manager
1844,Laura Smith,female,24,photographer
1845,Amanda PhD,female,31,architect
1846,Joseph Mendoza,male,26,teacher
1847,Roberto Chavez,male,27,professor
1848,Kristin Smith,female,45,artist
1849,Travis Anderson,male,65,retired
1850,Maria Davis,female,24,graphic designer
1851,Elizabeth Warner,female,29,writer
1852,Paul Johnson,male,38,government employee
1853,Raymond Sawyer,male,27,software developer
1854,Richard Wood,male,21,musician
1855,Madeline Dalton,female,29,military personnel
1856,Stephanie Cook,female,40,journalist
1857,Jeffery Nelson,male,37,researcher
1858,Kimberly Norton,female,58,engineer
1859,Brad Gilmore,male,39,sales executive
1860,Amy Dougherty,female,53,electrician
1861,Stephen Rodriguez,male,21,doctor
1862,Lisa Diaz,female,25,researcher
1863,Kristin Jones,female,32,data scientist
1864,Daniel Zavala,male,69,entrepreneur
1865,Kevin Haley,male,48,mechanic
1866,Patrick Perez,male,24,construction worker
1867,Debra Frazier,female,19,technician
1868,Amy Reed,female,34,delivery driver
1869,Joseph Martinez,male,59,military personnel
1870,Michael Patel,male,33,sales executive
1871,Lisa Marsh,female,33,human resources officer
1872,Robert Everett,male,76,electrician
1873,Steven Ellis,male,42,retail worker
1874,Steven Roberts,male,38,manager
1875,Brian Hill,male,46,photographer
1876,Jon Golden,male,37,chef
1877,Lori Carter,female,29,electrician
1878,Carlos Reed,male,57,writer
1879,Matthew Carter,male,27,software developer
1880,Shane Hall,male,13,social worker
1881,Maria Jenkins,female,60,police officer
1882,Maria Nguyen,female,17,data analyst
1883,Michael Wilkinson,male,36,retired
1884,Eric Anderson,male,28,architect
1885,Carolyn Green,female,29,architect
1886,Tracy Carrillo,female,34,travel agent
1887,Harry Bryant,male,34,delivery driver
1888,Tammy Joseph,female,51,consultant
1889,William Franco,male,20,unemployed
1890,Melvin Hernandez,male,31,accountant
1891,Amanda Stewart,female,29,writer
1892,Debbie Lopez,female,34,journalist
1893,Jacqueline Fernandez,female,30,banker
1894,Eric Knapp,male,29,content creator
1895,Jonathan Thomas,male,26,marketing specialist
1896,Erica Smith,female,43,freelancer
1897,Vanessa Rivera,female,33,photographer
1898,Kara Roberts,female,23,graphic designer
1899,William Berry,male,36,content creator
1900,Krystal Meadows,female,27,consultant
1901,Michael Dennis,male,34,software developer
1902,Brenda Pierce,female,43,sales executive
1903,James Randall,male,28,writer
1904,Anna Brown,female,28,sales executive
1905,Lauren Walker,female,52,civil servant
1906,Donald Johnson,male,25,business owner
1907,Jeremy Powers,male,45,administrative officer
1908,Jorge Lee,male,42,doctor
1909,Larry Harding,male,13,government employee
1910,Isaac Hernandez,male,70,artist
1911,Jacob Watson,male,40,researcher
1912,Gregory Madden,male,35,engineer
1913,Brandon Luna,male,24,homemaker
1914,Willie Lara,male,29,engineer
1915,Robert Waller,male,43,engineer
1916,Stephanie Taylor,female,25,writer
1917,Brandon Clark,male,46,software developer
1918,Sharon Hatfield,female,46,real estate agent
1919,Toni Avila,female,23,real estate agent
1920,Jason Rocha,male,40,administrative officer
1921,Justin Page,male,63,farmer
1922,Chad Lopez,male,34,data scientist
1923,Kristen Williams,female,21,delivery driver
1924,Sandra Torres,female,56,professor
1925,Julie Johnson,female,56,technician
1926,Deborah Blanchard,female,35,delivery driver
1927,Kaitlyn Valdez,female,24,delivery driver
1928,Jennifer Vasquez,female,40,marketing specialist
1929,David Wilson,male,45,civil servant
1930,Wendy Jones,female,52,data analyst
1931,Lauren Cunningham,female,17,content creator
1932,Mark Alvarez,male,24,customer service representative
1933,Bryan Hunt,male,33,unemployed
1934,Sarah Martin,female,18,civil servant
1935,Francisco Johns,male,49,insurance agent
1936,Carla Nelson,female,22,writer
1937,Susan Kelly,female,43,unemployed
1938,Joseph Mayer,male,58,consultant
1939,Randall White,male,17,professor
1940,Nicole Stephens,female,26,manager
1941,Ronald Cohen,male,70,electrician
1942,Michael Barker,male,32,project manager
1943,Kevin Morrow,male,29,customer service representative
1944,Joseph Watson,male,30,software developer
1945,Gerald Bartlett,male,25,warehouse worker
1946,Brittney Walker,female,30,chef
1947,Stephanie Austin,female,26,accountant
1948,Joseph Patel,male,49,doctor
1949,Angela Fuentes,female,28,civil servant
1950,John Collins,male,58,artist
1951,Robert Preston,male,32,banker
1952,Phillip Peterson,male,42,retired
1953,Allen Olsen,male,25,software developer
1954,Scott Thomas,male,55,customer service representative
1955,Calvin Anderson,male,29,retired
1956,Melissa Bowers,female,25,delivery driver
1957,Patricia Todd,female,42,administrative officer
1958,Ashley Mcguire,female,28,data analyst
1959,Anthony Wilson,male,30,insurance agent
1960,Andrea Contreras,female,33,entrepreneur
1961,Richard Mora,male,24,warehouse worker
1962,Steven Lopez,male,35,banker
1963,Ann Singleton,female,67,farmer
1964,Travis Bailey,male,36,writer
1965,Jonathan Chandler,male,14,retired
1966,Kelly Garcia,male,43,delivery driver
1967,Alexis Robinson,female,49,travel agent
1968,Douglas Winters,male,26,freelancer
1969,Jonathan Zimmerman,male,42,mechanic
1970,Kevin Gonzales,male,36,mechanic
1971,Catherine Kelly,female,43,government employee
1972,Cindy Perez,female,37,architect
1973,William Martinez,male,38,delivery driver
1974,Chad Farmer,male,34,teacher
1975,Justin Williams,male,46,electrician
1976,Brian Campbell,male,27,civil servant
1977,Eric Cherry,male,26,homemaker
1978,Julian Roberts,male,54,police officer
1979,Colin Jones,male,48,entrepreneur
1980,Karen Shelton,female,30,teacher
1981,Yvonne Vasquez,female,44,pharmacist
1982,Jessica Barrett,female,54,entrepreneur
1983,Briana Morales,female,39,police officer
1984,Brian Schaefer,male,34,insurance agent
1985,Austin MD,male,57,project manager
1986,Wanda Martinez,female,18,marketing specialist
1987,Neil Ramirez,male,57,customer service representative
1988,Kevin Nelson,male,44,student
1989,Maria Ross,female,46,pharmacist
1990,Larry Sullivan,male,68,unemployed
1991,Douglas Tate,male,29,doctor
1992,David Crawford,male,41,warehouse worker
1993,Chad Garcia,male,65,civil servant
1994,Barry Gregory,male,29,graphic designer
1995,Meghan Hernandez,female,32,researcher
1996,Anne Jones,female,65,doctor
1997,Patricia Sparks,female,25,real estate agent
1998,Mary Henry,female,50,construction worker
1999,Greg Heath,male,29,teacher
2000,Tiffany Johnson,female,31,engineer
2001,Suzanne Reyes,female,38,real estate agent
2002,James Stevens,male,18,retail worker
2003,Kristin Dalton,female,44,accountant
2004,Michael Henry,male,30,human resources officer
2005,Michelle Freeman,female,49,content creator
2006,Megan Keller,female,44,photographer
2007,Kenneth Alvarez,male,28,marketing specialist
2008,Katie Myers,female,52,nurse
2009,Wesley Jensen,male,54,administrative officer
2010,William Flores,male,28,project manager
2011,Andrew Hood,male,27,consultant
2012,Patrick Johnson,male,37,sales executive
2013,Gloria Davis,female,59,travel agent
2014,Hunter Bell,male,54,warehouse worker
2015,Danielle Wong,female,55,electrician
2016,Thomas Jones,male,14,engineer
2017,George Smith,male,38,professor
2018,Joel Boyer,male,34,doctor
2019,Steven Adams,male,22,nurse
2020,Leah Odom,female,58,insurance agent
2021,James Armstrong,male,49,mechanic
2022,Ariel Leonard,female,54,professor
2023,Kathryn Hubbard,female,30,government employee
2024,Lucas Cox,male,92,engineer
2025,Jonathan Boone,male,39,entrepreneur
2026,Ryan Herrera,male,44,journalist
2027,Amber Davies,female,55,civil servant
2028,Darrell Newton,male,24,writer
2029,Ryan Davis,male,53,musician
2030,Austin Solis,male,59,electrician
2031,Christine Flynn,female,25,journalist
2032,Eric Brock,male,48,content creator
2033,Kimberly Gonzalez,female,26,entrepreneur
2034,Lori Chavez,female,24,accountant
2035,Christopher Smith,male,55,insurance agent
2036,Scott Ray,male,65,chef
2037,Tonya Harmon,female,33,data analyst
2038,Timothy Patel,male,39,customer service representative
2039,Randy Hamilton,male,60,writer
2040,Lori Boyd,female,28,data analyst
2041,Brittany Hernandez,female,29,manager
2042,Elizabeth Graham,female,60,government employee
2043,Ronald Brown,male,45,government employee
2044,Jason Colon,male,29,technician
2045,Dawn Burke,female,53,musician
2046,Brian Lee,male,39,retail worker
2047,Ronald Marshall,male,39,civil servant
2048,Jessica Lucas,female,18,project manager
2049,Robert Hopkins,male,34,lecturer
2050,Sarah Stuart,female,27,banker
2051,Alejandro Heath,male,48,graphic designer
2052,Kyle Camacho,male,36,electrician
2053,Jason Cox,male,46,professor
2054,Brandon Hahn,male,25,student
2055,Brenda Rodriguez,female,30,accountant
2056,Timothy Boyd,male,19,project manager
2057,Travis Huynh,male,21,accountant
2058,Stephen Young,male,43,travel agent
2059,Robert Murphy,male,49,data scientist
2060,Jean Goodman,female,22,insurance agent
2061,Jenny Thomas,female,29,business owner
2062,Tracy Gonzales,female,32,manager
2063,Kevin Henry,male,35,sales executive
2064,Tiffany Stewart,female,53,data analyst
2065,Michael Richmond,male,34,student
2066,Timothy Cox,male,15,musician
2067,Roberto Smith,male,25,real estate agent
2068,Sarah Bates,female,66,writer
2069,Melissa Mccormick,female,22,pharmacist
2070,Juan Parker,male,28,data scientist
2071,Jack Burnett,male,17,human resources officer
2072,Sharon Mathews,female,26,shop assistant
2073,Susan Long,female,23,military personnel
2074,Dawn DVM,female,29,banker
2075,Daniel Zamora,male,44,chef
2076,Mark Suarez,male,24,delivery driver
2077,Jared Johnson,male,32,homemaker
2078,Rodney Shepard,male,27,civil servant
2079,Jennifer Randall,female,30,farmer
2080,Sherri Wilkins,female,41,customer service representative
2081,Michael Hunter,male,26,researcher
2082,Lance Li,male,29,graphic designer
2083,Jesse Johnson,male,60,unemployed
2084,Margaret Mccoy,female,32,real estate agent
2085,Chad Morales,male,38,lecturer
2086,Emily Miller,female,28,writer
2087,Jose Booker,male,44,teacher
2088,Pamela Bradford,female,52,photographer
2089,Rebecca Flores,female,49,researcher
2090,Nancy Green,female,44,unemployed
2091,Samantha Marsh,female,36,sales executive
2092,Jennifer White,female,23,warehouse worker
2093,Theresa Wilkerson,female,57,writer
2094,Travis Leblanc,male,56,warehouse worker
2095,Mark Meadows,male,39,graphic designer
2096,Michael Jackson,male,32,military personnel
2097,Jeffrey Green,male,29,construction worker
2098,Nathan Graham,male,48,content creator
2099,Jody Nunez,female,24,manager
2100,Michelle Lee,female,52,data analyst
2101,Rachael Roberts,female,45,graphic designer
2102,Carlos Gates,male,24,teacher
2103,Whitney Campbell,female,38,sales executive
2104,Jennifer Ortiz,female,50,nurse
2105,Dylan Green,male,62,farmer
2106,Terry Wood,male,38,mechanic
2107,Judith Smith,female,31,photographer
2108,Erica Steele,female,68,homemaker
2109,Micheal Erickson,male,28,police officer
2110,Dawn Davis,female,32,administrative officer
2111,Faith Young,female,39,engineer
2112,Yesenia Crosby,female,35,writer
2113,Paul Williams,male,18,retired
2114,Manuel Turner,male,38,software developer
2115,Jacqueline Donaldson,female,27,financial analyst
2116,Kevin Green,male,42,writer
2117,Timothy Humphrey,male,24,technician
2118,Emily Moreno,female,28,graphic designer
2119,Bruce Williams,male,43,retail worker
2120,Shelby Davenport,female,44,engineer
2121,Tammy Campbell,female,38,graphic designer
2122,Lisa Juarez,female,47,unemployed
2123,Emily Stafford,female,56,project manager
2124,Zachary Gallagher,male,63,real estate agent
2125,Samuel Sandoval,male,29,marketing specialist
2126,Amy Hernandez,female,29,banker
2127,Amanda Green,female,14,marketing specialist
2128,Jessica Carney,female,22,travel agent
2129,Andrew Kelly,male,30,nurse
2130,John Vasquez,male,37,researcher
2131,Sean Martinez,male,39,chef
2132,Sheena White,female,34,construction worker
2133,Jordan Nelson,male,49,data analyst
2134,Laurie Silva,female,26,retail worker
2135,Laura Butler,female,46,chef
2136,Patricia Rhodes,female,32,lawyer
2137,Allison Maldonado,female,60,travel agent
2138,Jennifer Garza,female,49,customer service representative
2139,Russell Hernandez,male,31,customer service representative
2140,Ronald Keller,male,48,consultant
2141,Tyler Wheeler,male,57,freelancer
2142,Wayne Douglas,male,69,architect
2143,Erika Dennis,female,65,freelancer
2144,Tyler Carroll,male,43,doctor
2145,Anthony Schneider,male,39,financial analyst
2146,Amy Jones,female,26,software developer
2147,James Ross,male,34,doctor
2148,Vincent Glenn,male,42,business owner
2149,Samuel Martin,male,58,lawyer
2150,Dominique Goodwin,female,37,pharmacist
2151,Bryan Henry,male,30,electrician
2152,Renee Collins,female,40,doctor
2153,Carlos Wade,male,42,insurance agent
2154,Jose Burns,male,50,insurance agent
2155,John Hart,male,31,architect
2156,Peter Shepherd,male,26,researcher
2157,Jessica Simmons,female,59,pharmacist
2158,Gloria Ford,female,25,travel agent
2159,Melissa Moore,female,38,construction worker
2160,Lori Warren,female,63,musician
2161,Jeffrey Solomon,male,59,photographer
2162,Charles Anderson,male,58,insurance agent
2163,Ryan Mills,male,71,warehouse worker
2164,Anthony Jones,male,63,insurance agent
2165,Ashley Coleman,female,27,technician
2166,Mary Carroll,female,23,journalist
2167,David Miller,male,52,government employee
2168,Brian Stanley,male,31,warehouse worker
2169,Catherine Long,female,45,architect
2170,Shawn Evans,male,39,construction worker
2171,Jesse Santiago,male,22,mechanic
2172,Derek Levy,male,29,sales executive
2173,Chelsea Lopez,female,21,unemployed
2174,Lindsey Savage,female,31,construction worker
2175,Joseph Smith,male,35,sales executive
2176,Carolyn Woods,female,38,doctor
2177,Sheila Church,female,29,journalist
2178,John Montgomery,male,30,researcher
2179,Michael Vaughn,male,22,artist
2180,Eric Martinez,male,59,journalist
2181,Christine Wong,female,34,construction worker
2182,Jeffrey Garrett,male,58,project manager
2183,Cheryl Turner,female,36,social worker
2184,John Johnson,male,46,entrepreneur
2185,Christian Park,male,43,technician
2186,Scott Richards,male,21,professor
2187,Keith Bass,male,30,customer service representative
2188,Adam Mccoy,male,50,chef
2189,Veronica Allison,female,38,researcher
2190,Linda Spencer,female,53,project manager
2191,John Tucker,male,59,photographer
2192,Lisa Gregory,female,40,journalist
2193,John Klein,male,45,lecturer
2194,Javier Stewart,male,77,professor
2195,Steven Butler,male,44,administrative officer
2196,Johnny Mcmillan,male,53,homemaker
2197,Melissa Smith,female,35,manager
2198,Cheryl Cooper,female,33,researcher
2199,Colleen Stout,female,38,architect
2200,Lance Kirby,male,50,unemployed
2201,Bonnie Carter,female,23,retired
2202,Toni Whitaker,female,30,engineer
2203,Nicholas Flynn,male,43,mechanic
2204,Sarah Howell,female,17,electrician
2205,Paul Estrada,male,25,chef
2206,Curtis Obrien,male,35,human resources officer
2207,Jennifer Chaney,female,33,photographer
2208,Christine Williams,female,32,technician
2209,Shirley Kelly,female,49,delivery driver
2210,Samantha Kline,female,48,social worker
2211,Amy Jordan,female,55,real estate agent
2212,Bryan Walker,male,27,lecturer
2213,Gerald Kelly,male,22,journalist
2214,Shawn Adams,male,37,farmer
2215,Michael Robertson,male,47,warehouse worker
2216,Michelle House,female,29,architect
2217,Jim Skinner,male,35,lawyer
2218,Ashley Bishop,female,18,sales executive
2219,Travis Colon,male,56,electrician
2220,Brian Soto,male,31,artist
2221,Susan Moore,female,25,chef
2222,Jessica Hunter,female,25,doctor
2223,Brett Holland,male,23,professor
2224,Chad Allison,male,24,journalist
2225,Jennifer Mack,female,38,software developer
2226,Robert Peterson,male,40,farmer
2227,Bradley Watson,male,44,homemaker
2228,Heather Ortega,female,49,marketing specialist
2229,Nicole Fisher,female,37,military personnel
2230,Rebecca Gutierrez,female,36,engineer
2231,Judy Phelps,female,64,chef
2232,Heidi Johnson,female,29,architect
2233,Adam Drake,male,25,pharmacist
2234,Angela Edwards,female,48,lecturer
2235,Christopher DDS,male,30,financial analyst
2236,Margaret Orr,female,25,military personnel
2237,Lynn Reeves,female,31,journalist
2238,Joseph Phillips,male,44,journalist
2239,Michael Spencer,male,16,retail worker
2240,Patrick Blankenship,male,39,retail worker
2241,Diana Rose,female,57,mechanic
2242,Melody Griffin,female,30,nurse
2243,Joshua Kramer,male,52,administrative officer
2244,Melissa Barron,female,24,administrative officer
2245,Jennifer Gonzalez,female,30,manager
2246,Amanda Cook,female,60,human resources officer
2247,Patrick Martinez,male,42,content creator
2248,Duane MD,male,33,travel agent
2249,Peter Moore,male,27,marketing specialist
2250,Rebecca Vargas,female,34,government employee
2251,Patricia Barber,female,26,electrician
2252,Ashley MD,female,35,professor
2253,Heather Williams,female,23,social worker
2254,Calvin Evans,male,60,construction worker
2255,Jesse Bird,male,31,architect
2256,William Cunningham,male,81,marketing specialist
2257,Mark Ferguson,male,28,researcher
2258,Hayley Mitchell,female,29,marketing specialist
2259,Miguel Chambers,male,47,software developer
2260,Kelly Wright,female,97,delivery driver
2261,Lauren Carson,female,31,government employee
2262,Brent Dawson,male,32,human resources officer
2263,Angela Brown,female,21,manager
2264,John Griffin,male,37,business owner
2265,Kelsey Chapman,female,70,consultant
2266,Jay Alexander,male,43,retired
2267,Katherine Mcpherson,female,29,civil servant
2268,Brianna Martinez,female,56,electrician
2269,Carl Bush,male,32,unemployed
2270,Bruce Lewis,male,30,doctor
2271,Nicole Raymond,female,40,marketing specialist
2272,Trevor Guzman,male,22,engineer
2273,Barbara Armstrong,female,48,technician
2274,Christian Watson,male,23,civil servant
2275,Kevin Williams,male,50,doctor
2276,Stacy Lewis,female,30,customer service representative
2277,Katherine Martinez,female,23,project manager
2278,Seth Butler,male,34,architect
2279,Krystal Mccullough,female,16,police officer
2280,John Cortez,male,33,civil servant
2281,Philip Wagner,male,53,graphic designer
2282,Joanna Cole,female,60,data scientist
2283,Frederick Marsh,male,27,electrician
2284,Jason Hall,male,24,military personnel
2285,Joshua Rubio,male,36,engineer
2286,Nancy Brewer,female,28,project manager
2287,Michelle Armstrong,female,34,delivery driver
2288,Michelle Hoffman,female,31,human resources officer
2289,Kristin Lee,female,21,architect
2290,Kenneth Brown,male,39,social worker
2291,Chelsey Alvarez,female,23,marketing specialist
2292,Bryan Mayer,male,46,freelancer
2293,Albert Buchanan,male,30,data scientist
2294,Michele Clay,female,50,civil servant
2295,Renee Lawson,female,45,police officer
2296,Andrew Atkins,male,47,homemaker
2297,Jeffrey Perry,male,32,real estate agent
2298,Evan Scott,male,29,government employee
2299,Brett Jackson,male,47,retail worker
2300,Jason Jackson,male,38,engineer
2301,Erika Johnson,female,71,architect
2302,Jean Flores,female,26,civil servant
2303,Erika Bennett,female,38,writer
2304,Bryan Harris,male,24,chef
2305,Laurie Vasquez,female,30,administrative officer
2306,John Russell,male,66,teacher
2307,Derrick Richmond,male,35,administrative officer
2308,David Peters,male,31,project manager
2309,Elizabeth Russell,female,29,pharmacist
2310,Madison Harris,female,30,accountant
2311,William Casey,male,31,marketing specialist
2312,Jeff Buck,male,26,travel agent
2313,April Marshall,female,34,musician
2314,Dylan Stanton,male,50,lawyer
2315,Taylor Olson,female,35,banker
2316,Ryan James,male,29,data scientist
2317,Lynn Richards,female,45,doctor
2318,Amber Stevenson,female,24,researcher
2319,Eric Foster,male,29,manager
2320,Charles Hawkins,male,18,retired
2321,Jeffrey Bishop,male,23,social worker
2322,Evan Fleming,male,31,software developer
2323,Dean Mullins,male,37,chef
2324,David Bird,male,59,travel agent
2325,Joe Greene,male,62,shop assistant
2326,Michael Lucas,male,34,homemaker
2327,John Valenzuela,male,46,real estate agent
2328,Jennifer Woodard,female,31,retail worker
2329,Phillip Medina,male,51,lecturer
2330,Matthew Jones,male,41,civil servant
2331,Sandra Powers,female,12,marketing specialist
2332,Harry Hess,male,65,travel agent
2333,Heather Thompson,female,38,mechanic
2334,Taylor Wallace,female,16,data scientist
2335,Alicia Campbell,female,31,electrician
2336,Heather Davis,female,41,human resources officer
2337,Elizabeth Robbins,female,32,doctor
2338,Katherine Cox,female,25,nurse
2339,Summer Mann,female,30,pharmacist
2340,Craig Nicholson,male,64,homemaker
2341,Sergio Carroll,male,33,police officer
2342,Kristen Keller,female,40,travel agent
2343,Michael Cunningham,male,24,mechanic
2344,Carl Brown,male,31,farmer
2345,Rachael Lee,female,53,nurse
2346,William Steele,male,37,consultant
2347,Dawn Castro,female,56,journalist
2348,Todd Davidson,male,32,lecturer
2349,Anthony Mcmillan,male,47,content creator
2350,Zachary Hill,male,24,administrative officer
2351,John Ward,male,59,government employee
2352,Stephen Walker,male,49,consultant
2353,Jennifer Cole,female,42,financial analyst
2354,Chloe Miller,female,59,journalist
2355,Allison Mclaughlin,female,46,mechanic
2356,Jeff II,male,42,manager
2357,Emily Garrett,female,39,insurance agent
2358,Karen Morton,female,38,real estate agent
2359,Mark Cook,male,27,social worker
2360,Ashley Allen,female,50,journalist
2361,Amy Cook,female,24,banker
2362,Tony Parsons,male,39,shop assistant
2363,Pamela Garrett,female,31,financial analyst
2364,Emily Abbott,female,44,project manager
2365,Bethany Ellison,female,27,farmer
2366,Eric Sims,male,29,social worker
2367,Megan Hansen,female,20,artist
2368,Jane Davis,female,27,homemaker
2369,David Greene,male,32,lawyer
2370,Alexandra Reyes,female,50,administrative officer
2371,Spencer Harvey,male,62,government employee
2372,Teresa Logan,female,30,warehouse worker
2373,Garrett Lee,male,41,journalist
2374,Linda Jones,female,63,photographer
2375,Cory Berry,male,36,travel agent
2376,David Fisher,male,63,manager
2377,Jill Sanchez,female,63,travel agent
2378,Antonio Collins,male,23,human resources officer
2379,Tina Webster,female,34,chef
2380,Stacey Rowe,female,32,retail worker
2381,Elizabeth Cooper,female,38,content creator
2382,Adam Willis,male,54,nurse
2383,Anthony Hunter,male,39,freelancer
2384,Curtis Kerr,male,27,lawyer
2385,Glenn Contreras,male,32,farmer
2386,Vicki Greene,female,48,electrician
2387,Kenneth Mccarty,male,29,data scientist
2388,Jennifer Martin,female,27,unemployed
2389,Aaron Walker,male,32,business owner
2390,Marcus Allen,male,30,professor
2391,Tiffany Rivera,female,38,architect
2392,Christine Lopez,female,46,artist
2393,Heidi MD,female,38,unemployed
2394,Dylan Lee,male,57,administrative officer
2395,Ralph Williams,male,32,delivery driver
2396,Christina Thompson,female,45,software developer
2397,Michelle Morgan,female,42,military personnel
2398,Thomas Smith,male,28,retired
2399,Jamie Cobb,female,19,retail worker
2400,Timothy Torres,male,27,retired
2401,Robert Guerrero,male,20,data analyst
2402,Vanessa Cuevas,female,41,manager
2403,Sherry Jones,female,38,engineer
2404,Thomas Norton,male,31,insurance agent
2405,Jamie Brooks,female,42,nurse
2406,Vanessa Sanchez,female,55,entrepreneur
2407,Lisa Lopez,female,27,journalist
2408,Rachel Murphy,female,52,chef
2409,Robert Salas,male,46,doctor
2410,Warren Blackwell,male,44,homemaker
2411,Brad Ruiz,male,17,writer
2412,Amy Romero,female,22,engineer
2413,Maria Hicks,female,25,banker
2414,John Morris,male,37,freelancer
2415,Michael Baldwin,male,25,journalist
2416,Derrick Morales,male,21,customer service representative
2417,Kevin Johnson,male,48,teacher
2418,Christina Roy,female,18,content creator
2419,Eric Oneal,male,46,professor
2420,Taylor Brooks,female,32,graphic designer
2421,Chad Miller,male,43,chef
2422,Heather Silva,female,46,administrative officer
2423,Marc Simmons,male,25,financial analyst
2424,Jason Ballard,male,24,human resources officer
2425,James White,male,26,engineer
2426,Matthew Howard,male,48,administrative officer
2427,Ryan Hunt,male,25,banker
2428,Richard House,male,53,teacher
2429,Andrea Johnson,female,42,sales executive
2430,Craig Murphy,male,36,software developer
2431,Robert Sutton,male,29,homemaker
2432,Michele Bolton,female,53,military personnel
2433,Patrick Jr.,male,28,architect
2434,Rodney Logan,male,37,marketing specialist
2435,Jennifer Carpenter,female,38,social worker
2436,Kaitlyn Hunt,female,29,doctor
2437,Chase Sanders,male,23,data scientist
2438,Richard Todd,male,28,lecturer
2439,Julia Conner,female,24,manager
2440,Chelsea Carrillo,female,43,homemaker
2441,Daniel Cole,male,32,artist
2442,Jade Ray,female,23,police officer
2443,Tony Smith,male,25,homemaker
2444,Ruben Morgan,male,40,data scientist
2445,Michael Powell,male,32,insurance agent
2446,Kimberly Nguyen,female,46,military personnel
2447,Richard Weeks,male,30,artist
2448,Troy Rivera,male,27,journalist
2449,Lindsey Franklin,female,50,mechanic
2450,Veronica Harris,female,44,student
2451,Joseph Lopez,male,22,engineer
2452,Laura Hayes,female,45,teacher
2453,Brandon Garcia,male,18,business owner
2454,Andrew Barker,male,40,accountant
2455,Chelsea Jones,female,25,homemaker
2456,Crystal Keller,female,43,doctor
2457,Amy Stone,female,26,delivery driver
2458,Shannon Jenkins,female,40,consultant
2459,Brian Herrera,male,35,electrician
2460,Benjamin Friedman,male,28,retail worker
2461,Beverly Harris,female,17,writer
2462,Michael Wells,male,36,data analyst
2463,Todd Matthews,male,36,travel agent
2464,Charles Brown,male,25,manager
2465,Robert Fox,male,46,financial analyst
2466,Sherry Stevens,female,31,project manager
2467,Nancy Roberts,female,34,data analyst
2468,Joyce Graves,female,16,professor
2469,Edward Austin,male,35,financial analyst
2470,Casey Wright,female,36,content creator
2471,Morgan Ellis,female,51,construction worker
2472,Clifford Carroll,male,41,social worker
2473,Theresa Allen,female,26,mechanic
2474,Denise Fuller,female,28,photographer
2475,Thomas Wolfe,male,43,researcher
2476,Daniel Snyder,male,31,data analyst
2477,Juan Jr.,male,23,homemaker
2478,Randall Nguyen,male,46,musician
2479,David Hunter,male,46,electrician
2480,Benjamin Neal,male,27,shop assistant
2481,James Reese,male,33,teacher
2482,Jennifer Smith,female,30,construction worker
2483,Sylvia Murphy,female,30,chef
2484,Kari Jones,female,34,warehouse worker
2485,Dana Dodson,female,38,financial analyst
2486,Robert Skinner,male,44,military personnel
2487,Alicia Garcia,female,39,doctor
2488,Joseph Myers,male,32,manager
2489,Pamela Byrd,female,32,writer
2490,Heather Robinson,female,30,student
2491,Michael Robinson,male,33,mechanic
2492,Sara Cain,female,28,customer service representative
2493,Michelle Prince,female,34,financial analyst
2494,Patricia Wang,female,57,warehouse worker
2495,James Allen,male,57,content creator
2496,Javier Hays,male,56,pharmacist
2497,Corey Caldwell,male,52,civil servant
2498,Stephen Robles,male,30,civil servant
2499,Christopher Jackson,male,42,engineer
2500,Brian Murphy,male,36,retail worker
2501,Collin Clark,male,57,administrative officer
2502,Todd Martinez,male,49,researcher
2503,Emily Price,female,20,retail worker
2504,Andrea Briggs,female,29,shop assistant
2505,Jackie Jones,female,33,chef
2506,Elizabeth George,female,32,social worker
2507,Ashley DVM,female,22,chef
2508,Carolyn Haley,female,23,delivery driver
2509,Vicki Horton,female,45,teacher
2510,Valerie Benson,female,41,human resources officer
2511,Madison Henson,female,27,unemployed
2512,Sarah Olson,female,45,artist
2513,Lee Richards,male,45,lecturer
2514,Margaret Hall,female,43,construction worker
2515,Virginia Hall,female,47,human resources officer
2516,Steven Parker,male,35,administrative officer
2517,Nicole Harvey,female,41,business owner
2518,Jade Phillips,female,36,real estate agent
2519,Dan Johnson,male,40,teacher
2520,Kyle Bautista,male,53,customer service representative
2521,Erin Ramirez,female,37,social worker
2522,Philip Meyer,male,34,researcher
2523,Matthew Jr.,male,34,customer service representative
2524,Erin Allen,female,43,financial analyst
2525,Susan Ortega,female,24,consultant
2526,Melissa Ball,female,31,civil servant
2527,Jane Morris,female,31,construction worker
2528,Aaron Kane,male,24,software developer
2529,Corey Walters,male,52,travel agent
2530,Dan Davis,male,31,technician
2531,Sandra Frederick,female,60,real estate agent
2532,Blake Hardy,male,34,insurance agent
2533,Mikayla Sanchez,female,48,marketing specialist
2534,Danielle Mitchell,female,40,data scientist
2535,Mark Nelson,male,34,lecturer
2536,Bobby Kaufman,male,18,customer service representative
2537,Carol Alexander,female,31,shop assistant
2538,Nicholas Wolf,male,30,marketing specialist
2539,Rebecca Smith,female,60,freelancer
2540,Sarah Blake,female,42,architect
2541,Kurt Hernandez,male,43,pharmacist
2542,David Ford,male,44,homemaker
2543,James Obrien,male,51,travel agent
2544,Chad Harrison,male,39,government employee
2545,Chelsey Smith,female,24,photographer
2546,Nicholas Henry,male,36,police officer
2547,Todd Waller,male,39,artist
2548,John Davidson,male,54,construction worker
2549,Jason Williams,male,27,pharmacist
2550,Janice Cunningham,female,33,farmer
2551,Miranda Hicks,female,50,data scientist
2552,Melissa Horton,female,24,researcher
2553,Timothy Fitzgerald,male,40,military personnel
2554,Andrew Li,male,51,travel agent
2555,Megan Terry,female,65,photographer
2556,Dean Gibson,male,34,lecturer
2557,David Guzman,male,30,manager
2558,Ryan Smith,male,35,lawyer
2559,Maria Rangel,female,23,lecturer
2560,Kevin Santana,male,32,social worker
2561,Colin Henderson,male,33,lawyer
2562,David Turner,male,47,lecturer
2563,James Parker,male,62,sales executive
2564,Sherri Luna,female,30,project manager
2565,Makayla Frank,female,38,chef
2566,Charles Goodman,male,33,graphic designer
2567,Jennifer Parker,female,54,freelancer
2568,Robert Jr.,male,27,shop assistant
2569,Joseph Pena,male,38,artist
2570,Christopher Brooks,male,63,business owner
2571,Christina White,female,18,lecturer
2572,Joanne Olsen,female,20,insurance agent
2573,Anthony White,male,90,architect
2574,David Barrera,male,29,lawyer
2575,Lori Weber,female,36,manager
2576,Christopher Carter,male,32,customer service representative
2577,Donald Peterson,male,35,unemployed
2578,John Chambers,male,32,travel agent
2579,Antonio Walton,male,31,professor
2580,Kevin Huerta,male,36,unemployed
2581,Kelly Smith,female,26,architect
2582,Victoria Juarez,female,39,marketing specialist
2583,John Rogers,male,31,entrepreneur
2584,Jacqueline Wu,female,18,data analyst
2585,Todd MD,male,15,farmer
2586,Heather Rivera,female,25,administrative officer
2587,Joyce Hale,female,18,writer
2588,Stacy Taylor,female,37,graphic designer
2589,Sheila Ramirez,female,47,real estate agent
2590,Robert Richardson,male,51,journalist
2591,Mary Alvarez,female,36,human resources officer
2592,Cole Andersen,male,27,marketing specialist
2593,Robert Smith,male,64,pharmacist
2594,Angel Aguirre,male,31,musician
2595,Jill Lawson,female,35,police officer
2596,Lisa Miller,female,47,musician
2597,Tara Galvan,female,54,administrative officer
2598,Shannon PhD,female,57,farmer
2599,Cory Thomas,male,55,retail worker
2600,Kenneth Vincent,male,62,entrepreneur
2601,Carl Robles,male,23,farmer
2602,Megan Dunn,female,54,engineer
2603,Carol Griffin,female,58,consultant
2604,Mary Allen,female,39,writer
2605,Nicole Keller,female,29,engineer
2606,Jeffrey Baldwin,male,38,writer
2607,Timothy Orr,male,44,electrician
2608,Connie Scott,female,57,freelancer
2609,Stephanie Martinez,female,55,pharmacist
2610,Kimberly Swanson,female,43,shop assistant
2611,Melissa Wiggins,female,29,manager
2612,Randall Burke,male,41,sales executive
2613,James Love,male,23,software developer
2614,James May,male,25,engineer
2615,Scott Stokes,male,33,sales executive
2616,Ashley Miller,female,57,civil servant
2617,Patrick Pineda,male,39,manager
2618,Audrey Richardson,female,64,project manager
2619,Tiffany Ray,female,29,journalist
2620,Amy Nichols,female,30,electrician
2621,Michael Hogan,male,28,military personnel
2622,Kyle Walker,male,28,writer
2623,Kimberly Murray,female,36,nurse
2624,Terri Hood,female,28,police officer
2625,Joy Guzman,female,34,journalist
2626,Mary Solis,female,53,customer service representative
2627,Linda Parker,female,27,journalist
2628,Becky DDS,female,25,lecturer
2629,Sandra Simpson,female,26,consultant
2630,Jamie Zavala,female,40,unemployed
2631,Ronald Clark,male,26,customer service representative
2632,Rita Graves,female,25,mechanic
2633,Sean White,male,24,writer
2634,James Joyce,male,26,entrepreneur
2635,Samuel Ritter,male,28,construction worker
2636,Gail Gregory,female,39,social worker
2637,Norma DDS,female,31,professor
2638,Michael Lee,male,48,researcher
2639,James Anderson,male,26,civil servant
2640,Lauren Trujillo,female,27,construction worker
2641,Michelle Ellis,female,40,graphic designer
2642,Brenda Dominguez,female,28,administrative officer
2643,Charles Robinson,male,53,chef
2644,Nicolas Smith,male,32,farmer
2645,Laura Gregory,female,43,real estate agent
2646,Brittany MD,female,35,government employee
2647,Timothy Davis,male,29,nurse
2648,Anthony Baird,male,35,teacher
2649,Kevin Booker,male,61,doctor
2650,Jennifer Johnson,female,62,retired
2651,Katherine Watts,female,54,electrician
2652,Matthew Bennett,male,32,government employee
2653,Robert Barrett,male,30,social worker
2654,Sean Santos,male,32,journalist
2655,Matthew Richardson,male,23,lecturer
2656,Angela Burns,female,39,data scientist
2657,Katrina Johnson,female,37,researcher
2658,Kenneth Hill,male,33,financial analyst
2659,Rebecca White,female,40,travel agent
2660,Maria Hamilton,female,34,architect
2661,Brett Brown,male,24,administrative officer
2662,Robert Lopez,male,48,administrative officer
2663,Alejandro Hawkins,male,58,human resources officer
2664,Robert Freeman,male,25,warehouse worker
2665,Kevin Reeves,male,62,lecturer
2666,Becky Mullins,female,32,electrician
2667,Christopher George,male,66,doctor
2668,Kristen Mcbride,female,42,government employee
2669,Betty Harris,female,46,journalist
2670,Kristina York,female,32,administrative officer
2671,Veronica Hunter,female,47,administrative officer
2672,Joshua Henderson,male,46,journalist
2673,Aaron Turner,male,28,insurance agent
2674,Joseph Patton,male,20,researcher
2675,Jill Ray,female,29,warehouse worker
2676,Joseph Andersen,male,46,data scientist
2677,Kimberly Clark,female,32,retail worker
2678,Robert Young,male,44,administrative officer
2679,Elizabeth Wall,female,33,graphic designer
2680,Lindsey Robinson,female,39,sales executive
2681,Betty Dean,female,34,architect
2682,James Miller,male,20,entrepreneur
2683,Jeffery Neal,male,33,financial analyst
2684,Benjamin Oconnor,male,43,data analyst
2685,Corey DDS,male,23,teacher
2686,Larry Barnes,male,27,real estate agent
2687,Willie Hamilton,male,42,pharmacist
2688,Lindsey Jones,female,51,musician
2689,Brian Kelley,male,39,retail worker
2690,Margaret Cox,female,47,human resources officer
2691,Donald Melton,male,18,delivery driver
2692,Adam Bennett,male,40,data analyst
2693,Ashley Frost,female,18,business owner
2694,Nicholas Parker,male,31,travel agent
2695,John Rice,male,33,business owner
2696,Sean Arnold,male,25,military personnel
2697,Stephanie Jackson,female,35,journalist
2698,James Reed,male,62,accountant
2699,Tracy Schmidt,female,55,mechanic
2700,Sarah Woods,female,80,manager
2701,Adam Palmer,male,31,police officer
2702,Cameron Gray,male,48,musician
2703,Amy Swanson,female,26,lawyer
2704,David Franklin,male,32,data analyst
2705,Catherine Andersen,female,32,data scientist
2706,Kathryn Hill,female,26,retired
2707,Todd Keith,male,25,researcher
2708,Eric Hodge,male,28,journalist
2709,Jennifer Edwards,female,59,pharmacist
2710,Angela Blair,female,35,military personnel
2711,Carmen Brown,female,36,journalist
2712,Julian Vasquez,male,37,engineer
2713,Tonya Coleman,female,46,farmer
2714,Nicholas Castillo,male,24,government employee
2715,Zachary Barron,male,27,retired
2716,Jennifer Jensen,female,22,sales executive
2717,Nichole Klein,female,31,civil servant
2718,Paul Sanchez,male,35,customer service representative
2719,Trevor Morrow,male,31,military personnel
2720,Joseph Lynch,male,35,researcher
2721,Traci Craig,female,24,delivery driver
2722,Kelly Walker,female,39,shop assistant
2723,Sara Palmer,female,37,manager
2724,Jay Gray,male,35,project manager
2725,Brian Sloan,male,37,retired
2726,Kimberly Miranda,female,44,nurse
2727,Edwin Carter,male,14,military personnel
2728,Oscar Carroll,male,40,military personnel
2729,Elizabeth Fitzpatrick,female,50,police officer
2730,Samantha Johnson,female,49,construction worker
2731,Luke Freeman,male,48,pharmacist
2732,Luis Murphy,male,34,social worker
2733,Aaron Zamora,male,36,administrative officer
2734,Heather Garcia,female,48,chef
2735,Bradley Robertson,male,21,banker
2736,Becky Freeman,female,38,data analyst
2737,Mary Perez,female,36,lawyer
2738,Edwin Patterson,male,38,social worker
2739,Robin Rodriguez,female,39,data scientist
2740,Ryan Martin,male,40,financial analyst
2741,Jeffrey Howard,male,35,social worker
2742,Christina Lopez,female,16,musician
2743,Jennifer Manning,female,47,teacher
2744,Christopher Gonzalez,male,30,administrative officer
2745,Maurice Baker,male,27,delivery driver
2746,Krista Marsh,female,35,warehouse worker
2747,Erika Duran,female,47,administrative officer
2748,Kathryn Mclean,female,32,photographer
2749,James Rodriguez,male,24,farmer
2750,Alisha Moore,female,36,delivery driver
2751,Randall Young,male,30,data scientist
2752,Gloria Bray,female,53,mechanic
2753,Jeffrey Roberts,male,26,engineer
2754,Paige Wright,female,33,researcher
2755,Jorge Wright,male,22,project manager
2756,Sean Gamble,male,36,graphic designer
2757,Robert Gonzalez,male,20,military personnel
2758,Robert Haynes,male,49,consultant
2759,Christopher Riddle,male,37,artist
2760,Andrew Mooney,male,38,retail worker
2761,Jeffery Jensen,male,38,content creator
2762,Anthony Russell,male,54,travel agent
2763,Mark Hall,male,42,content creator
2764,Karen Hicks,female,25,freelancer
2765,Elizabeth Adams,female,41,warehouse worker
2766,Heather Barnes,female,35,researcher
2767,Anthony Williams,male,29,data scientist
2768,Patrick Lewis,male,35,sales executive
2769,Susan Garcia,female,32,architect
2770,Tiffany Cox,female,44,researcher
2771,Anne Smith,female,23,journalist
2772,Scott Rivera,male,27,photographer
2773,Isaiah Maxwell,male,39,government employee
2774,Jacqueline Santos,female,21,retail worker
2775,Janet Eaton,female,42,customer service representative
2776,Thomas Pena,male,48,data scientist
2777,Michele Schaefer,female,26,homemaker
2778,Joshua Cooper,male,31,travel agent
2779,Wanda Harris,female,30,delivery driver
2780,Amanda Lee,female,34,construction worker
2781,David Wiley,male,23,technician
2782,Terry Hester,male,22,pharmacist
2783,Joan Love,female,32,travel agent
2784,Andrea Barnes,female,36,data scientist
2785,Kathy Johnson,female,44,writer
2786,Keith Bauer,male,35,chef
2787,Patrick Sanders,male,47,unemployed
2788,Seth Mata,male,20,professor
2789,Paul Cruz,male,22,homemaker
2790,James Nelson,male,28,data analyst
2791,Christopher Robinson,male,52,retail worker
2792,Sherry Gibbs,female,46,doctor
2793,Michelle Warren,female,29,project manager
2794,Connie Erickson,female,21,nurse
2795,Christopher Williams,male,21,nurse
2796,Amanda Hernandez,female,29,sales executive
2797,Timothy Nelson,male,51,military personnel
2798,Marvin Wright,male,46,banker
2799,Kimberly Smith,female,47,customer service representative
2800,Lisa Wood,female,44,retail worker
2801,Michael Dunn,male,30,manager
2802,Jennifer Carr,female,35,retired
2803,Amy Cabrera,female,29,engineer
2804,Daniel Sanford,male,32,business owner
2805,Valerie Medina,female,58,lawyer
2806,Paula MD,female,50,construction worker
2807,James Valdez,male,30,delivery driver
2808,Mark Pierce,male,34,entrepreneur
2809,Daniel Adams,male,52,data scientist
2810,Robert Mullins,male,43,construction worker
2811,David Barber,male,51,project manager
2812,Steven Davis,male,41,mechanic
2813,Cody Huffman,male,46,shop assistant
2814,Katherine Blair,female,61,engineer
2815,Alisha Martin,female,50,chef
2816,James Franklin,male,41,architect
2817,Benjamin Sanchez,male,53,nurse
2818,Wesley Garcia,male,33,technician
2819,Monica Morton,female,32,technician
2820,James Smith,male,52,doctor
2821,Pamela Newman,female,33,nurse
2822,Brian Fitzgerald,male,25,civil servant
2823,Michael Harris,male,36,mechanic
2824,Kristine Wallace,female,45,consultant
2825,Gary Moore,male,59,electrician
2826,Roger Garcia,male,34,marketing specialist
2827,Kayla Copeland,female,27,homemaker
2828,Thomas Johnson,male,59,warehouse worker
2829,Charles Rios,male,26,lecturer
2830,Sherry Cruz,female,35,freelancer
2831,Samantha Rodriguez,female,38,unemployed
2832,Ashley Garcia,female,33,teacher
2833,Hunter Gilbert,male,17,engineer
2834,Tammy Gillespie,female,29,lecturer
2835,Lindsey Thompson,female,45,architect
2836,Linda Shelton,female,54,travel agent
2837,Mary Turner,female,32,warehouse worker
2838,Hannah Garcia,female,34,business owner
2839,Matthew Cantu,male,27,architect
2840,Michelle Jones,female,26,accountant
2841,Taylor Hernandez,female,28,travel agent
2842,Erica Myers,female,23,warehouse worker
2843,Rachel Mendoza,female,27,content creator
2844,Kenneth Moyer,male,42,mechanic
2845,Ann Cooley,female,50,construction worker
2846,Janice Flores,female,24,teacher
2847,Michael Gutierrez,male,36,musician
2848,Felicia Pham,female,33,construction worker
2849,David Barnes,male,32,shop assistant
2850,James Carpenter,male,25,manager
2851,Laura Steele,female,21,architect
2852,Michael Young,male,28,project manager
2853,Wendy Smith,female,26,artist
2854,Tyler Mccall,male,26,financial analyst
2855,Gregory Allison,male,39,farmer
2856,Sabrina Phillips,female,49,farmer
2857,Samuel Bonilla,male,39,government employee
2858,Dana Carey,female,21,graphic designer
2859,Chad Hayden,male,34,project manager
2860,Michael Bates,male,25,photographer
2861,Ryan Harrell,male,33,researcher
2862,Holly Miller,female,31,police officer
2863,Laura Cervantes,female,69,professor
2864,Catherine Manning,female,56,nurse
2865,Melissa Evans,female,40,journalist
2866,George Harrington,male,39,content creator
2867,Donna Moore,female,38,artist
2868,Amanda Potter,female,20,photographer
2869,Adam Wall,male,37,accountant
2870,Sherri Spencer,female,37,marketing specialist
2871,Tamara Shaw,female,28,electrician
2872,Jeff Moore,male,68,doctor
2873,Manuel Robinson,male,26,sales executive
2874,Nichole Hansen,female,31,unemployed
2875,Rose Mcdonald,female,31,military personnel
2876,Martin Wilcox,male,32,sales executive
2877,Regina Lucas,female,31,consultant
2878,Sarah Johnson,female,34,unemployed
2879,Kimberly Jones,female,45,customer service representative
2880,Peter Parker,male,38,graphic designer
2881,Mark Johnson,male,38,data scientist
2882,Vanessa Cunningham,female,28,insurance agent
2883,Douglas Sanders,male,49,administrative officer
2884,Nicole Swanson,female,33,chef
2885,Brent Russell,male,24,delivery driver
2886,Brian Aguirre,male,63,software developer
2887,Kevin Reyes,male,30,sales executive
2888,Samuel Roberts,male,36,financial analyst
2889,Julie Mcclure,female,33,photographer
2890,Michelle Wilkerson,female,52,data analyst
2891,Martha Mack,female,40,entrepreneur
2892,Tracey Black,female,42,journalist
2893,Marisa Conrad,female,50,financial analyst
2894,Richard Morgan,male,42,doctor
2895,Scott Jordan,male,29,software developer
2896,Patricia Hughes,female,39,professor
2897,Leroy Jones,male,37,manager
2898,Lori Jimenez,female,27,human resources officer
2899,Charles Harrell,male,49,unemployed
2900,Wayne Harrington,male,42,mechanic
2901,Brandon Edwards,male,25,content creator
2902,Candice Ramirez,female,24,financial analyst
2903,Brandon White,male,47,unemployed
2904,Deanna Kennedy,female,51,nurse
2905,Shawn Santos,male,14,freelancer
2906,Becky Carroll,female,43,sales executive
2907,Shannon Morales,female,26,warehouse worker
2908,Thomas Anderson,male,48,consultant
2909,Sarah Crane,female,24,sales executive
2910,Melanie Hunter,female,31,lawyer
2911,Sheri Fleming,female,64,insurance agent
2912,Mathew Figueroa,male,30,nurse
2913,Earl Moore,male,28,musician
2914,Benjamin Price,male,21,chef
2915,Anna Owens,female,42,photographer
2916,Stephanie Marshall,female,38,musician
2917,Monique Lowery,female,41,project manager
2918,Randy Gonzalez,male,42,musician
2919,Emily Davies,female,53,teacher
2920,Michaela Alvarez,female,37,engineer
2921,Andrew Moore,male,30,graphic designer
2922,Mark Flores,male,25,chef
2923,Lindsay James,female,36,photographer
2924,Heather Jordan,female,34,financial analyst
2925,Anthony Parrish,male,17,accountant
2926,Michael Nelson,male,27,technician
2927,Angela Jones,female,34,customer service representative
2928,Elizabeth Joseph,female,64,professor
2929,Kelly Caldwell,female,47,professor
2930,Ronald Davis,male,32,manager
2931,Glenn Mullins,male,22,musician
2932,Gregory Barnes,male,32,electrician
2933,Michael Martin,male,23,homemaker
2934,Henry Schwartz,male,36,architect
2935,Alexandra Logan,female,21,government employee
2936,Blake Contreras,male,23,artist
2937,Erica Downs,female,50,manager
2938,Natalie Doyle,female,24,shop assistant
2939,Brittany Ellis,female,30,student
2940,Sean Wilson,male,34,retired
2941,Sandra Martinez,female,29,software developer
2942,Wayne Davis,male,36,writer
2943,Veronica Fisher,female,49,data scientist
2944,Carol Gray,female,25,business owner
2945,Tristan Bonilla,male,26,consultant
2946,Adrian Cervantes,male,57,administrative officer
2947,Stephanie Shaw,female,67,insurance agent
2948,Michael Banks,male,54,graphic designer
2949,Jason Bell,male,26,administrative officer
2950,Joseph Hubbard,male,34,lecturer
2951,Christopher Patterson,male,24,graphic designer
2952,Kurt Daniels,male,31,professor
2953,Sarah Barker,female,35,warehouse worker
2954,Douglas Oliver,male,55,delivery driver
2955,Scott Cowan,male,30,lawyer
2956,Ashley Banks,female,49,administrative officer
2957,Jason Crawford,male,32,delivery driver
2958,Timothy Garcia,male,64,manager
2959,Lauren Johnson,female,39,researcher
2960,Jennifer Walker,female,40,human resources officer
2961,Jane Gonzalez,female,41,chef
2962,Caleb Ponce,male,48,journalist
2963,Jennifer Hoover,female,27,insurance agent
2964,Natalie Smith,female,42,delivery driver
2965,Courtney Campbell,female,35,entrepreneur
2966,Dennis Roberson,male,33,freelancer
2967,Jason Allen,male,25,mechanic
2968,James Montoya,male,42,government employee
2969,Lindsay Rogers,female,29,mechanic
2970,Wendy Allen,female,22,data analyst
2971,Maria Poole,female,44,data scientist
2972,Kenneth Anderson,male,29,software developer
2973,Vanessa Thompson,female,30,graphic designer
2974,Joseph Kim,male,50,administrative officer
2975,Robert Gordon,male,36,social worker
2976,Richard Cameron,male,38,marketing specialist
2977,David Tran,male,15,delivery driver
2978,Christina Davis,female,33,administrative officer
2979,Lori Watkins,female,61,insurance agent
2980,Michelle Knapp,female,36,doctor
2981,James Newton,male,24,lawyer
2982,Jesse Welch,male,29,electrician
2983,Cynthia Hurst,female,30,chef
2984,Joseph Sanchez,male,47,graphic designer
2985,Rachel Townsend,female,34,chef
2986,Denise Donovan,female,53,lecturer
2987,Margaret Riley,female,38,lecturer
2988,Jimmy Carlson,male,55,lecturer
2989,Douglas Kline,male,44,data scientist
2990,Kathleen Ward,female,39,military personnel
2991,Jeanette Henry,female,23,marketing specialist
2992,Benjamin Chung,male,42,farmer
2993,Melissa Brooks,female,22,artist
2994,Susan Stokes,female,33,retail worker
2995,Adam White,male,33,photographer
2996,Lawrence Johnson,male,56,doctor
2997,Wendy DDS,female,29,electrician
2998,Christopher Harmon,male,18,chef
2999,Corey Johnson,male,58,data scientist
3000,Kayla Hernandez,female,26,sales executive
3001,Ashley Robinson,female,26,mechanic
3002,Colleen Luna,female,50,sales executive
3003,Derek Olson,male,22,nurse
3004,Hannah Arnold,female,40,graphic designer
3005,Patrick Simpson,male,39,mechanic
3006,James Lee,male,29,real estate agent
3007,Melissa Clay,female,14,homemaker
3008,Jenna Silva,female,33,project manager
3009,Emily Bauer,female,60,technician
3010,Katherine Andrade,female,71,marketing specialist
3011,Nicole Cabrera,female,24,chef
3012,Lisa Patterson,female,33,homemaker
3013,Jacqueline Chen,female,40,chef
3014,Christopher Johnson,male,18,shop assistant
3015,Laurie Carter,female,61,musician
3016,Matthew Sanford,male,22,military personnel
3017,Amanda White,female,28,warehouse worker
3018,Rachel Howard,female,24,project manager
3019,Matthew Watson,male,66,artist
3020,Bryan Flores,male,38,freelancer
3021,Erin Marshall,female,25,teacher
3022,Steven Hoffman,male,35,administrative officer
3023,Lindsay Rose,female,20,marketing specialist
3024,Donald Franklin,male,26,government employee
3025,Javier Avila,male,30,data analyst
3026,Francisco Gonzalez,male,28,content creator
3027,Jonathan Mooney,male,58,technician
3028,Becky Jackson,female,33,project manager
3029,James Ray,male,43,social worker
3030,Mason Chase,male,44,consultant
3031,Thomas PhD,male,20,unemployed
3032,Stephanie Hull,female,31,police officer
3033,Rebekah Cummings,female,22,construction worker
3034,Nicole Ross,female,25,teacher
3035,Erik Salazar,male,29,electrician
3036,Michael Gibson,male,50,artist
3037,Walter Martinez,male,44,business owner
3038,Luke Johnson,male,27,architect
3039,Alexandra Garcia,female,31,social worker
3040,Michael Graham,male,31,travel agent
3041,Cheryl Barrera,female,22,technician
3042,Steven Mayo,male,26,warehouse worker
3043,Shawna Green,female,45,banker
3044,Ashley Valentine,female,38,consultant
3045,Erin Salazar,female,67,professor
3046,Derrick Jackson,male,32,technician
3047,Julia Martinez,female,31,artist
3048,Nicole Barron,female,28,nurse
3049,Jillian Martinez,female,24,retail worker
3050,Laura Stanley,female,31,construction worker
3051,Frank II,male,45,consultant
3052,Edward Miller,male,37,mechanic
3053,Shelley Keller,female,29,travel agent
3054,Christine Miller,female,23,homemaker
3055,Chelsea Garcia,female,42,human resources officer
3056,Kevin Rose,male,30,doctor
3057,Philip Collins,male,62,freelancer
3058,Brittany Wagner,female,42,government employee
3059,Daniel Cox,male,32,financial analyst
3060,Jose Deleon,male,33,lecturer
3061,Diana Martin,female,40,warehouse worker
3062,Sheila Wong,female,59,police officer
3063,Shawn Mcgee,male,39,data analyst
3064,Stephanie Lopez,female,31,lawyer
3065,Matthew Chavez,male,60,teacher
3066,Tammy Miller,female,27,journalist
3067,Chris Shaw,male,29,sales executive
3068,Amy Nelson,female,38,content creator
3069,Mariah Dennis,female,26,doctor
3070,Edward Powell,male,61,content creator
3071,Kendra Snyder,female,39,police officer
3072,Derek Jones,male,54,accountant
3073,Courtney Oliver,female,46,content creator
3074,Jenna Garcia,female,44,chef
3075,Sherry Adams,female,27,travel agent
3076,Rachel Bailey,female,38,mechanic
3077,Kyle Gross,male,15,artist
3078,Jonathan Graves,male,36,unemployed
3079,Elizabeth Knox,female,59,retired
3080,Emily Jones,female,53,real estate agent
3081,Stephanie Thomas,female,49,consultant
3082,John Cook,male,38,professor
3083,Deborah Jones,female,50,military personnel
3084,Samuel Wheeler,male,26,data scientist
3085,John Wright,male,55,retail worker
3086,Sabrina Bradley,female,39,accountant
3087,Sara MD,female,19,delivery driver
3088,Anna Torres,female,47,sales executive
3089,Jodi Navarro,female,26,civil servant
3090,Harold Mckinney,male,25,artist
3091,Raymond Vincent,male,31,retail worker
3092,Kyle Rodriguez,male,26,human resources officer
3093,Monica Smith,female,37,sales executive
3094,Scott Jr.,male,48,pharmacist
3095,Dana Figueroa,female,43,photographer
3096,Natasha Lee,female,37,shop assistant
3097,Mark Sheppard,male,34,marketing specialist
3098,Michael Nolan,male,19,shop assistant
3099,Tyler Rose,male,45,customer service representative
3100,Michael Barron,male,42,government employee
3101,Jennifer Mcknight,female,34,travel agent
3102,Andrew Meyer,male,24,unemployed
3103,Lisa Hamilton,female,57,consultant
3104,Walter Sparks,male,42,government employee
3105,Wayne Porter,male,26,architect
3106,Julie Hernandez,female,28,farmer
3107,Mary Torres,female,29,police officer
3108,Diane Watkins,female,35,business owner
3109,Elizabeth Jordan,female,36,mechanic
3110,April King,female,44,artist
3111,Diane Trevino,female,60,lawyer
3112,Patricia Moore,female,52,financial analyst
3113,Devin Ferrell,male,72,entrepreneur
3114,Kevin Miller,male,32,delivery driver
3115,John Gomez,male,54,project manager
3116,Mark Henderson,male,42,banker
3117,Dean Turner,male,35,project manager
3118,Kristy Shelton,female,46,travel agent
3119,Laura Vega,female,14,manager
3120,Brandy Spencer,female,42,military personnel
3121,Angela Knight,female,30,accountant
3122,Kimberly Bennett,female,66,police officer
3123,Jessica Taylor,female,26,military personnel
3124,Erik Donovan,male,36,musician
3125,John Patterson,male,27,sales executive
3126,Jason Johnson,male,65,artist
3127,Tyler Fisher,male,28,customer service representative
3128,Lisa Turner,female,31,delivery driver
3129,Kayla Martinez,female,47,social worker
3130,Keith Carter,male,52,consultant
3131,James Powell,male,37,entrepreneur
3132,Robert Golden,male,19,manager
3133,Anthony Brown,male,40,data analyst
3134,Matthew Cook,male,37,warehouse worker
3135,Donna Olson,female,43,government employee
3136,Amy Yang,female,27,shop assistant
3137,Nancy Brown,female,43,human resources officer
3138,Brianna Yang,female,43,graphic designer
3139,Courtney Lowe,female,18,freelancer
3140,Eric Collins,male,38,customer service representative
3141,Aaron DDS,male,46,travel agent
3142,April Munoz,female,30,farmer
3143,Anne Harris,female,63,doctor
3144,Sandra Wallace,female,63,manager
3145,Barbara Sullivan,female,37,lecturer
3146,Robert MD,male,35,manager
3147,Melanie Villarreal,female,20,military personnel
3148,Jeffrey Fields,male,23,engineer
3149,Robert Sandoval,male,54,customer service representative
3150,Patrick Payne,male,60,journalist
3151,Dylan Contreras,male,50,architect
3152,Johnny Contreras,male,59,business owner
3153,Michael Rodriguez,male,29,real estate agent
3154,Jeffery Johnson,male,59,artist
3155,Kristy Smith,female,58,accountant
3156,Maria Barry,female,22,lawyer
3157,Andrew Meadows,male,28,freelancer
3158,Miranda Hill,female,23,shop assistant
3159,Hunter MD,male,27,entrepreneur
3160,Michelle Myers,female,28,delivery driver
3161,Mary Bell,female,39,police officer
3162,Gina Espinoza,female,43,entrepreneur
3163,Diana Farmer,female,45,data scientist
3164,James Hendricks,male,32,software developer
3165,Jamie Ruiz,female,30,mechanic
3166,Laura Pennington,female,24,real estate agent
3167,Joseph Anderson,male,43,technician
3168,Tyler Bailey,male,44,financial analyst
3169,Jared Williams,male,41,financial analyst
3170,Caitlin Davis,female,17,professor
3171,Timothy Alvarez,male,41,civil servant
3172,Vicki Stokes,female,26,retail worker
3173,Cynthia Yoder,female,26,banker
3174,Steven Campos,male,32,construction worker
3175,Amy Salazar,female,58,banker
3176,Sarah Jones,female,33,professor
3177,Lawrence Pittman,male,40,software developer
3178,Erica Hale,female,27,content creator
3179,Virginia Berry,female,33,marketing specialist
3180,Dawn Kim,female,49,military personnel
3181,Curtis Martin,male,53,artist
3182,Robert Lee,male,25,software developer
3183,Lori Barnett,female,36,government employee
3184,Robert Barry,male,44,travel agent
3185,Jennifer Payne,female,37,data scientist
3186,Cathy Blair,female,51,student
3187,Maria Crawford,female,57,delivery driver
3188,Laura Wells,female,22,nurse
3189,Luke Hansen,male,23,content creator
3190,Andrea Patterson,female,28,architect
3191,Andrea Miller,female,29,artist
3192,Edward Wilson,male,29,artist
3193,Lindsay Rivera,female,28,architect
3194,Todd Nielsen,male,52,lawyer
3195,Michele Jones,female,46,insurance agent
3196,Tracy Jones,female,60,manager
3197,Sarah Frederick,female,31,sales executive
3198,Jennifer Brown,female,19,manager
3199,Ashley Ruiz,female,35,architect
3200,Dennis Johnson,male,25,professor
3201,Debbie Cook,female,32,travel agent
3202,Brenda Payne,female,31,engineer
3203,Tammy Alvarado,female,36,architect
3204,Tanner Warner,male,29,warehouse worker
3205,Amanda Zavala,female,25,banker
3206,Kyle Salazar,male,32,shop assistant
3207,Kristen Potts,female,35,real estate agent
3208,Andrew Johnson,male,57,consultant
3209,Matthew Reynolds,male,26,retired
3210,Sarah Mata,female,24,lecturer
3211,Anthony Ayala,male,34,pharmacist
3212,Joseph Dalton,male,28,content creator
3213,Nancy Tran,female,21,homemaker
3214,Ralph Dominguez,male,33,pharmacist
3215,Stephanie Haas,female,44,lecturer
3216,Cheryl Kim,female,32,homemaker
3217,Crystal Chapman,female,24,graphic designer
3218,Nicole Beasley,female,50,social worker
3219,Laura Ritter,female,17,musician
3220,Michelle Hess,female,59,pharmacist
3221,Cameron White,male,54,real estate agent
3222,Gregory Rios,male,37,unemployed
3223,Eduardo Obrien,male,37,manager
3224,Bryan Jones,male,29,lecturer
3225,Kimberly Simpson,female,43,student
3226,Heather Herman,female,17,project manager
3227,Michelle Pugh,female,46,warehouse worker
3228,Edward Valdez,male,26,electrician
3229,Debra Wolfe,female,28,software developer
3230,Anthony Mccullough,male,29,marketing specialist
3231,Breanna Daugherty,female,31,manager
3232,Natalie Clark,female,33,photographer
3233,Robert Thomas,male,44,architect
3234,Melissa MD,female,46,shop assistant
3235,Jonathan Johnson,male,29,retail worker
3236,Janet Wilcox,female,46,musician
3237,Diana Lynch,female,30,data scientist
3238,Scott Cruz,male,52,retired
3239,Amy Torres,female,55,chef
3240,Hannah Johnson,female,62,photographer
3241,Steven Livingston,male,56,entrepreneur
3242,Glen Calderon,male,29,lawyer
3243,Jeffrey Daniel,male,25,farmer
3244,Nathan Gregory,male,23,data analyst
3245,Teresa Ford,female,44,marketing specialist
3246,Keith Stone,male,60,nurse
3247,Carlos Smith,male,23,consultant
3248,Trevor Miller,male,23,photographer
3249,Joshua Morgan,male,73,architect
3250,Luis Ward,male,33,business owner
3251,Richard Patrick,male,28,military personnel
3252,Caleb Carroll,male,59,pharmacist
3253,Deborah White,female,31,student
3254,Jessica Owens,female,28,real estate agent
3255,Sarah Robinson,female,26,marketing specialist
3256,Teresa Hill,female,18,social worker
3257,Erik Brown,male,57,manager
3258,Pamela Hill,female,58,warehouse worker
3259,Cameron Mccoy,male,57,government employee
3260,Amanda Cohen,female,60,insurance agent
3261,Antonio Klein,male,27,lawyer
3262,David Gregory,male,65,pharmacist
3263,Harry Higgins,male,48,mechanic
3264,Hannah Jones,female,38,retired
3265,Jorge Young,male,32,construction worker
3266,Jacob Carson,male,34,graphic designer
3267,Maria Liu,female,66,freelancer
3268,Erin French,female,23,writer
3269,Jennifer Pearson,female,60,chef
3270,William Howell,male,63,sales executive
3271,Andrew Conrad,male,19,engineer
3272,Alexander Lynch,male,55,graphic designer
3273,Kayla Norman,female,57,civil servant
3274,Lauren Cooper,female,25,software developer
3275,Ronald Johnson,male,42,pharmacist
3276,James Cuevas,male,24,data scientist
3277,Billy Walls,male,26,artist
3278,Jonathan Andrews,male,44,sales executive
3279,Jason Quinn,male,43,financial analyst
3280,Joseph Williams,male,28,student
3281,Joseph Alexander,male,29,business owner
3282,Russell Carter,male,33,human resources officer
3283,David Saunders,male,19,financial analyst
3284,Jesus Goodman,male,39,journalist
3285,David Oconnor,male,29,insurance agent
3286,Ivan Bell,male,28,entrepreneur
3287,Suzanne Valdez,female,16,marketing specialist
3288,Joann Barnes,female,20,project manager
3289,Ronald Martinez,male,21,technician
3290,Paula Russell,female,25,consultant
3291,Charles Green,male,23,warehouse worker
3292,Victoria Johnston,female,36,student
3293,Raymond Yoder,male,46,business owner
3294,Alexis Martinez,female,35,architect
3295,Justin Conrad,male,43,administrative officer
3296,Beth Johnson,female,32,police officer
3297,Michael Fritz,male,24,financial analyst
3298,Sharon Sellers,female,39,professor
3299,Heather Morales,female,57,civil servant
3300,Wendy Williams,female,38,data analyst
3301,Heather Cole,female,36,photographer
3302,Jerry Davenport,male,15,project manager
3303,Karen Taylor,female,28,nurse
3304,Pamela Hendricks,female,28,graphic designer
3305,Bradley Huang,male,35,government employee
3306,Jacqueline Banks,female,22,chef
3307,Jeffrey Romero,male,37,military personnel
3308,Tony Davis,male,46,travel agent
3309,Glenn Elliott,male,65,project manager
3310,Kevin Anthony,male,47,police officer
3311,Erica Flores,female,37,data analyst
3312,Briana Cervantes,female,49,construction worker
3313,William Clark,male,32,manager
3314,Laura Gilbert,female,43,administrative officer
3315,Dustin Wilson,male,44,mechanic
3316,Jeffrey Mcclure,male,11,banker
3317,Thomas Zhang,male,24,banker
3318,Tim Estrada,male,35,data scientist
3319,Daniel Roberson,male,29,artist
3320,Alyssa Orr,female,36,doctor
3321,Joshua Lloyd,male,62,photographer
3322,Sandra Johnson,female,35,real estate agent
3323,Tom Duncan,male,27,electrician
3324,Kelly Guerra,female,41,administrative officer
3325,Ashley Mccarthy,female,43,content creator
3326,Jill Reynolds,female,36,police officer
3327,Sean Kaiser,male,24,delivery driver
3328,Audrey Gomez,female,55,artist
3329,Ricky Luna,male,28,insurance agent
3330,Jonathon Hill,male,36,shop assistant
3331,Jose Waters,male,41,farmer
3332,Emily Middleton,female,26,civil servant
3333,Timothy Bauer,male,40,freelancer
3334,Sarah Guerrero,female,62,accountant
3335,Andrew Walters,male,27,insurance agent
3336,Chad Bennett,male,36,financial analyst
3337,Megan Baker,female,21,government employee
3338,Robert Gross,male,35,insurance agent
3339,Craig Liu,male,34,electrician
3340,Shannon Curry,female,58,unemployed
3341,Austin Grant,male,31,social worker
3342,Cassandra Barnes,female,51,engineer
3343,Jamie Silva,female,38,retail worker
3344,John Sandoval,male,33,journalist
3345,Elizabeth Hall,female,56,retail worker
3346,John Robles,male,49,military personnel
3347,Howard Castillo,male,23,administrative officer
3348,Brian Ibarra,male,30,researcher
3349,Donna Montes,female,46,warehouse worker
3350,Matthew Wilson,male,61,data analyst
3351,Francis Wilson,male,32,professor
3352,Michael Ayala,male,34,homemaker
3353,Robert Burns,male,39,delivery driver
3354,Steve Patton,male,33,chef
3355,Patricia Green,female,43,lawyer
3356,Jenna Ramos,female,40,warehouse worker
3357,Susan Adams,female,41,shop assistant
3358,Gina Cardenas,female,60,doctor
3359,Jason Armstrong,male,61,nurse
3360,Daniel Garrett,male,40,sales executive
3361,Louis Rivera,male,44,retired
3362,Alicia Bowen,female,35,retail worker
3363,Brandon Bush,male,66,journalist
3364,Pamela Tran,female,58,data analyst
3365,Joseph Cox,male,41,government employee
3366,Brooke Nichols,female,29,accountant
3367,Dave Solis,male,43,military personnel
3368,Erin Lewis,female,38,technician
3369,Todd Johnson,male,47,musician
3370,Todd Garcia,male,32,engineer
3371,John Moore,male,36,chef
3372,Crystal Barton,female,34,journalist
3373,Denise Martinez,female,60,farmer
3374,Mary Anderson,female,23,professor
3375,Debra Miller,female,27,photographer
3376,Miranda Farmer,female,37,data scientist
3377,Adrian Greer,male,37,chef
3378,Brittany Fitzgerald,female,50,content creator
3379,Cheyenne Obrien,female,41,photographer
3380,Erica Hunt,female,13,warehouse worker
3381,Denise Harris,female,37,professor
3382,Matthew Ruiz,male,20,delivery driver
3383,Brandon Rasmussen,male,31,photographer
3384,Karen Velez,female,42,government employee
3385,Dana Smith,female,28,farmer
3386,James Watson,male,23,project manager
3387,Ashley Walker,female,64,consultant
3388,David Wood,male,47,teacher
3389,Maria Cook,female,21,graphic designer
3390,William Davis,male,30,business owner
3391,Sharon Burns,female,25,freelancer
3392,Brenda Jensen,female,58,student
3393,Nathan Knight,male,40,real estate agent
3394,Randall King,male,45,accountant
3395,George Hernandez,male,30,technician
3396,Krystal Russell,female,51,researcher
3397,Melissa Fischer,female,20,lecturer
3398,Kimberly Edwards,female,25,writer
3399,Frank Fletcher,male,54,customer service representative
3400,Scott Haney,male,39,police officer
3401,Ashley Lyons,female,29,researcher
3402,Peter Martin,male,33,shop assistant
3403,Carol Kim,female,44,professor
3404,Jessica Jackson,female,29,researcher
3405,Katelyn Curry,female,54,artist
3406,James Phillips,male,57,lecturer
3407,Edward Weeks,male,51,manager
3408,Joseph Gilbert,male,36,content creator
3409,Marie Thomas,female,28,pharmacist
3410,Dan Mendez,male,25,travel agent
3411,Taylor Ho,female,29,data scientist
3412,Samuel Taylor,male,25,travel agent
3413,Ronald Smith,male,45,architect
3414,Brittany Jones,female,31,consultant
3415,Emily DDS,female,69,architect
3416,Erin Brown,female,45,content creator
3417,Christopher Bell,male,35,administrative officer
3418,Courtney Fuller,female,36,human resources officer
3419,Donald Hoover,male,27,journalist
3420,Lauren Torres,female,27,unemployed
3421,Jamie Scott,male,15,human resources officer
3422,Nicholas Ramirez,male,17,human resources officer
3423,Brian Robles,male,36,engineer
3424,Ralph Rivera,male,53,government employee
3425,Leslie Ramirez,female,25,civil servant
3426,Shelby Barnett,female,32,unemployed
3427,Christopher Logan,male,45,shop assistant
3428,Brandon Jr.,male,33,data scientist
3429,Shannon Morris,male,38,architect
3430,Anthony Hunt,male,34,unemployed
3431,Maurice Murphy,male,28,customer service representative
3432,Autumn Castro,female,23,data analyst
3433,James Wells,male,34,pharmacist
3434,Kelly Schmidt,female,18,shop assistant
3435,Sarah Moses,female,36,graphic designer
3436,Roy Dawson,male,26,retail worker
3437,Justin Henry,male,38,data scientist
3438,Michael Grant,male,47,consultant
3439,Julie Santiago,female,37,banker
3440,Cindy Castro,female,35,homemaker
3441,James DDS,male,47,student
3442,Jessica Fox,female,37,insurance agent
3443,Emily Davis,female,51,teacher
3444,Dawn Dorsey,female,32,project manager
3445,Andrew Hill,male,31,photographer
3446,Andrew Dominguez,male,40,government employee
3447,Lori Maddox,female,47,consultant
3448,Sharon Pennington,female,35,shop assistant
3449,John PhD,male,38,writer
3450,Seth Anderson,male,41,shop assistant
3451,Sarah Brown,female,32,human resources officer
3452,Antonio Davis,male,61,freelancer
3453,Victoria Lee,female,33,banker
3454,Alice Hood,female,44,financial analyst
3455,Eugene Fletcher,male,20,photographer
3456,Kevin Blackburn,male,48,customer service representative
3457,Todd Powell,male,32,doctor
3458,Mckenzie Brown,female,33,entrepreneur
3459,Jonathan Daniel,male,57,lawyer
3460,Jill Hill,female,31,consultant
3461,Kathy Thompson,female,55,insurance agent
3462,Gregory Peterson,male,61,data analyst
3463,Melissa Knight,female,57,lecturer
3464,Audrey Davis,female,46,farmer
3465,Cody Garza,male,55,civil servant
3466,Richard Robinson,male,40,content creator
3467,Brad Ramsey,male,32,mechanic
3468,Ryan May,male,41,travel agent
3469,Cheryl Campos,female,55,teacher
3470,Anthony Mccarthy,male,21,financial analyst
3471,Brenda Stewart,female,30,accountant
3472,Chelsea Stephenson,female,32,researcher
3473,Edward Wolfe,male,27,software developer
3474,Katherine Lane,female,57,electrician
3475,Maria Cole,female,46,lecturer
3476,James Medina,male,52,journalist
3477,Michael Reed,male,27,electrician
3478,Robert Clark,male,37,government employee
3479,Jonathan Gallegos,male,34,military personnel
3480,Ann Ayala,female,24,unemployed
3481,Mary Lopez,female,32,professor
3482,Laurie Watson,female,34,financial analyst
3483,Mark Booth,male,33,real estate agent
3484,Jennifer Cook,female,30,lecturer
3485,Brett Gentry,male,25,graphic designer
3486,Robert Bryant,male,35,journalist
3487,Jessica Ross,female,33,banker
3488,Dawn Brooks,female,23,shop assistant
3489,Meghan Evans,female,31,accountant
3490,Pamela Santana,female,30,insurance agent
3491,Jennifer Schroeder,female,25,unemployed
3492,Thomas Tanner,male,24,travel agent
3493,Christina Compton,female,27,professor
3494,Carlos Cook,male,47,data scientist
3495,Tracy Parker,female,37,chef
3496,Rebecca Ellis,female,37,manager
3497,April Hernandez,female,36,banker
3498,Eric Miller,male,47,freelancer
3499,Melinda Singleton,female,39,consultant
3500,John Cooper,male,42,warehouse worker
3501,Michael Hale,male,23,sales executive
3502,Mary Guerra,female,30,warehouse worker
3503,Pamela Davis,female,30,electrician
3504,Pamela Anderson,female,33,travel agent
3505,Stephanie Weiss,female,29,government employee
3506,Jeff Long,male,26,freelancer
3507,Katherine Yang,female,42,sales executive
3508,Connie Franklin,female,33,financial analyst
3509,Jacob Morgan,male,29,project manager
3510,Leroy Walton,male,52,doctor
3511,Matthew Taylor,male,49,civil servant
3512,Christine Graham,female,52,retail worker
3513,Martha Simmons,female,25,banker
3514,Jasmine Nicholson,female,27,content creator
3515,Michael Flowers,male,22,project manager
3516,Angela Parks,female,32,entrepreneur
3517,Shannon Lara,female,55,professor
3518,Francis Andrews,male,30,delivery driver
3519,Jordan Tucker,female,45,technician
3520,Jennifer Wise,female,58,real estate agent
3521,Deanna Walters,female,32,pharmacist
3522,Rebekah Cole,female,34,construction worker
3523,Jacob Floyd,male,63,government employee
3524,Kim DDS,female,34,writer
3525,Gabrielle Villa,female,49,delivery driver
3526,Craig Hess,male,66,musician
3527,Barbara Burns,female,32,professor
3528,Stacy Parks,female,22,customer service representative
3529,Gail Phillips,female,29,architect
3530,Kimberly White,female,34,civil servant
3531,Alicia Nguyen,female,29,human resources officer
3532,Linda Howard,female,24,social worker
3533,Nancy Wright,female,31,retail worker
3534,Brandon Acosta,male,54,sales executive
3535,Jessica Hill,female,22,police officer
3536,David Petersen,male,43,content creator
3537,Nicholas Mills,male,30,content creator
3538,Angela Watson,female,82,doctor
3539,Vanessa Little,female,28,project manager
3540,Timothy Curry,male,50,human resources officer
3541,Alex Clements,male,42,pharmacist
3542,Marissa Andrade,female,23,insurance agent
3543,Jessica Wilson,female,31,shop assistant
3544,Debbie Turner,female,32,artist
3545,Sarah Sanchez,female,39,financial analyst
3546,James Kennedy,male,84,retired
3547,Jeffrey Burgess,male,26,banker
3548,Destiny Powers,female,26,project manager
3549,Susan Gregory,female,42,retired
3550,Carlos Adams,male,55,military personnel
3551,Albert Nguyen,male,26,doctor
3552,Donna Joseph,female,37,farmer
3553,James Spears,male,22,photographer
3554,Gina Reed,female,22,professor
3555,Joel Newton,male,31,delivery driver
3556,Melissa Chambers,female,27,content creator
3557,Amanda Phelps,female,28,content creator
3558,Justin Reed,male,20,delivery driver
3559,William Wood,male,63,retail worker
3560,Emily Craig,female,40,data scientist
3561,Lori Jackson,female,38,human resources officer
3562,Jessica Forbes,female,80,financial analyst
3563,William Hawkins,male,60,business owner
3564,David Morse,male,39,accountant
3565,Lawrence Atkinson,male,54,marketing specialist
3566,Colleen Gay,female,46,architect
3567,Cassandra Moore,female,36,engineer
3568,Nicholas Morales,male,35,journalist
3569,Nicole Barnes,female,33,retired
3570,Francisco Cox,male,56,administrative officer
3571,Stephen Horne,male,50,engineer
3572,Emily Nichols,female,52,shop assistant
3573,Scott Simpson,male,57,consultant
3574,Samantha Cole,female,61,homemaker
3575,Christopher Roberts,male,53,lawyer
3576,Geoffrey Marshall,male,35,professor
3577,Susan Reyes,female,39,entrepreneur
3578,William Jenkins,male,43,human resources officer
3579,Lisa Taylor,female,32,government employee
3580,Zachary Greene,male,31,electrician
3581,Tony Nguyen,male,45,electrician
3582,Laura Kennedy,female,53,lecturer
3583,Jacqueline Paul,female,40,unemployed
3584,Martha Arnold,female,29,researcher
3585,Shelly Thompson,female,26,lawyer
3586,Tammy Morris,female,28,farmer
3587,Steven Clark,male,37,insurance agent
3588,Danielle Morrison,female,49,technician
3589,Larry Rivera,male,47,consultant
3590,Caitlin Ford,female,21,civil servant
3591,Amanda Rhodes,female,25,delivery driver
3592,Whitney Atkins,female,30,accountant
3593,Jennifer Green,female,75,artist
3594,Bryan Frank,male,60,accountant
3595,Joseph Johnson,male,64,unemployed
3596,Rodney Mack,male,20,marketing specialist
3597,Michelle Hunt,female,31,project manager
3598,Jessica Martinez,female,25,student
3599,Dennis Bryan,male,35,accountant
3600,Ashley Jackson,female,35,lawyer
3601,Gina Durham,female,25,real estate agent
3602,Christine Davis,female,40,data analyst
3603,Benjamin Nolan,male,28,real estate agent
3604,David Green,male,40,insurance agent
3605,Jill Cobb,female,62,artist
3606,Keith Wheeler,male,44,financial analyst
3607,Charles Roberts,male,44,police officer
3608,Jacqueline Cox,female,26,electrician
3609,Tony Moore,male,40,military personnel
3610,John Gonzales,male,36,accountant
3611,Natasha Neal,female,28,graphic designer
3612,Ebony Cruz,female,40,financial analyst
3613,Alfred Lewis,male,47,delivery driver
3614,Patrick Ferrell,male,30,sales executive
3615,Lisa Jackson,female,43,travel agent
3616,Brittney Farrell,female,15,manager
3617,Jacqueline Grimes,female,56,human resources officer
3618,Caroline Fox,female,49,photographer
3619,Stephanie Smith,female,48,shop assistant
3620,Gordon Parker,male,33,architect
3621,Donald Strickland,male,50,customer service representative
3622,Marie Kelly,female,28,project manager
3623,Thomas Escobar,male,30,business owner
3624,Sarah Logan,female,35,administrative officer
3625,Crystal Harris,female,24,chef
3626,Austin Tran,male,29,musician
3627,Natalie Salas,female,35,photographer
3628,Lacey Wright,female,46,software developer
3629,Nancy Norris,female,26,farmer
3630,Danielle Norris,female,35,consultant
3631,Amanda Lynch,female,41,artist
3632,Anna Lee,female,57,insurance agent
3633,Amy Leach,female,49,homemaker
3634,Amy Perez,female,37,sales executive
3635,Lauren Marshall,female,55,accountant
3636,Rachael Flores,female,22,administrative officer
3637,Christina Wilson,female,65,sales executive
3638,Craig Daniels,male,29,content creator
3639,John Hudson,male,31,lecturer
3640,Scott Rodriguez,male,60,warehouse worker
3641,Paula Lee,female,23,unemployed
3642,Lisa Bryant,female,55,banker
3643,Nicole Guzman,female,44,real estate agent
3644,Christopher Hunter,male,33,doctor
3645,Tiffany Evans,female,41,teacher
3646,Danielle Hill,female,61,business owner
3647,Eric Alexander,male,28,delivery driver
3648,Tracy MD,male,36,technician
3649,Christopher Jones,male,60,technician
3650,Elizabeth Schaefer,female,70,consultant
3651,Mark Ryan,male,34,content creator
3652,Richard Hines,male,27,manager
3653,Kathryn Flores,female,50,doctor
3654,Brian Evans,male,28,lawyer
3655,Kenneth Moore,male,33,marketing specialist
3656,Randall Floyd,male,37,banker
3657,Lisa Moore,female,31,human resources officer
3658,William Valdez,male,30,warehouse worker
3659,John Chase,male,32,homemaker
3660,Charles Cook,male,33,financial analyst
3661,Patrick Cole,male,49,musician
3662,Jennifer Butler,female,50,delivery driver
3663,Jared Schmitt,male,32,architect
3664,Renee Proctor,female,31,government employee
3665,Alec Bush,male,50,marketing specialist
3666,Mitchell Phillips,male,24,business owner
3667,Erica Gibbs,female,39,insurance agent
3668,Justin Gonzalez,male,24,freelancer
3669,Kathryn Gates,female,28,musician
3670,Dana Nguyen,female,33,consultant
3671,Nathan Harrison,male,37,architect
3672,Matthew Watts,male,55,real estate agent
3673,John Ramirez,male,28,musician
3674,Donald Wood,male,31,photographer
3675,Brian Taylor,male,18,nurse
3676,Frederick Rowe,male,63,consultant
3677,Christian Hernandez,male,39,social worker
3678,Curtis Miller,male,31,customer service representative
3679,Laura Farmer,female,24,nurse
3680,Joseph Carter,male,56,data scientist
3681,Patricia Jones,female,55,consultant
3682,Taylor Griffin,male,54,shop assistant
3683,Cathy Mcdonald,female,65,musician
3684,Felicia Byrd,female,33,pharmacist
3685,Dawn Adkins,female,27,shop assistant
3686,Barbara Jenkins,female,55,architect
3687,Katelyn Williams,female,66,professor
3688,Thomas Hunt,male,33,retail worker
3689,Jeffrey Johnson,male,100,lecturer
3690,Robert Tyler,male,12,homemaker
3691,Kenneth Walters,male,28,retired
3692,Keith Mccann,male,29,researcher
3693,Joseph Lindsey,male,40,freelancer
3694,Brandon Nielsen,male,16,civil servant
3695,Willie Walton,male,53,professor
3696,Jeffrey Hill,male,19,insurance agent
3697,Shirley Stevenson,female,34,student
3698,Benjamin Holland,male,22,content creator
3699,Kelsey Schwartz,female,24,data scientist
3700,Abigail Clayton,female,33,homemaker
3701,Danny Simmons,male,47,construction worker
3702,Courtney Craig,female,37,banker
3703,Judith Ortega,female,33,researcher
3704,Kenneth Gomez,male,35,military personnel
3705,Sean Hernandez,male,23,doctor
3706,Daniel White,male,18,student
3707,Lance Kirk,male,37,accountant
3708,Joshua Blevins,male,44,chef
3709,Emily Hall,female,51,photographer
3710,Eric Coleman,male,36,administrative officer
3711,Timothy Robinson,male,22,professor
3712,Brenda Nolan,female,25,mechanic
3713,Sandra Brooks,female,51,construction worker
3714,Patrick Singh,male,24,civil servant
3715,Jillian Ross,female,26,mechanic
3716,James Olsen,male,44,artist
3717,Carrie Gentry,female,22,civil servant
3718,Barbara Sherman,female,20,musician
3719,John Jacobs,male,28,teacher
3720,Evan Lee,male,23,student
3721,Rebecca MD,female,61,shop assistant
3722,Jesus Smith,male,38,delivery driver
3723,Jennifer Mathews,female,34,content creator
3724,Theresa Copeland,female,23,student
3725,Sarah Turner,female,24,teacher
3726,Maria DDS,female,28,retail worker
3727,Denise Holland,female,28,consultant
3728,Charles Wright,male,40,entrepreneur
3729,Carl Moore,male,60,shop assistant
3730,Pamela Brown,female,36,manager
3731,Sharon Guerrero,female,49,teacher
3732,Jason Moore,male,26,chef
3733,Taylor Sanford,female,37,freelancer
3734,Brian Martin,male,55,police officer
3735,Eric Garrett,male,37,government employee
3736,Derek Morris,male,43,writer
3737,Gary Oneal,male,20,farmer
3738,Shane Mcintyre,male,37,pharmacist
3739,James George,male,36,software developer
3740,Brooke Smith,female,54,software developer
3741,Anna Mcneil,female,41,retail worker
3742,John Lucero,male,30,doctor
3743,Kimberly Taylor,female,47,financial analyst
3744,Mark Collins,male,56,lawyer
3745,Stephanie Anderson,female,45,mechanic
3746,Jacob Austin,male,34,retail worker
3747,John Goodman,male,38,business owner
3748,Christina Robinson,female,40,freelancer
3749,Terri Perez,female,33,customer service representative
3750,Brandon Powell,male,43,entrepreneur
3751,Ashley Perez,female,52,social worker
3752,Mary Murphy,female,49,graphic designer
3753,Kelly Ray,female,43,engineer
3754,Peter Anderson,male,24,administrative officer
3755,Matthew Riley,male,22,graphic designer
3756,Andrew Bullock,male,38,photographer
3757,Anthony Gonzalez,male,45,warehouse worker
3758,Brenda Johnson,female,51,financial analyst
3759,Candice Morris,female,31,police officer
3760,Robert Ray,male,43,banker
3761,Cindy Howell,female,36,project manager
3762,Autumn Ramirez,female,29,government employee
3763,Tammy Rogers,female,80,freelancer
3764,David Roman,male,41,retired
3765,Kimberly Alvarado,female,59,engineer
3766,Gloria Stone,female,30,architect
3767,Jacob May,male,82,retired
3768,Crystal Ellis,female,30,architect
3769,Krista Phillips,female,62,insurance agent
3770,Angela DDS,female,26,lecturer
3771,Teresa Lutz,female,49,engineer
3772,Sara Walker,female,37,graphic designer
3773,Morgan Gomez,female,28,human resources officer
3774,Christian Heath,male,57,human resources officer
3775,Robert Cox,male,58,delivery driver
3776,Travis Schmidt,male,27,artist
3777,Ariel Martin,female,52,professor
3778,Lisa Bridges,female,29,construction worker
3779,Brittany Dunlap,female,46,student
3780,Scott Ramirez,male,29,police officer
3781,Tiffany Phillips,female,39,nurse
3782,William English,male,39,engineer
3783,Brandy Hurley,female,58,musician
3784,Thomas Austin,male,52,retired
3785,Amy Jenkins,female,45,writer
3786,Rodney Duran,male,30,architect
3787,Tiffany Sanchez,female,60,social worker
3788,Maria Myers,female,26,marketing specialist
3789,Ruben Jones,male,52,warehouse worker
3790,Steven Martinez,male,34,retired
3791,Terry Hernandez,female,32,software developer
3792,Megan Hodges,female,53,retail worker
3793,Autumn Collins,female,28,lecturer
3794,Mark Ruiz,male,32,banker
3795,Elizabeth Martinez,female,47,accountant
3796,Jordan Jones,female,59,unemployed
3797,Jane MD,female,40,police officer
3798,Lauren Walter,female,29,warehouse worker
3799,Rebecca Blake,female,41,artist
3800,Brian Bright,male,51,entrepreneur
3801,Kyle Cox,male,50,lecturer
3802,Maurice Copeland,male,37,researcher
3803,Mark Grimes,male,27,government employee
3804,Nathaniel Hill,male,44,entrepreneur
3805,Jordan Barnes,male,49,shop assistant
3806,William Miller,male,41,warehouse worker
3807,Robert Sanchez,male,60,civil servant
3808,Kevin Wade,male,33,lecturer
3809,Richard Erickson,male,65,pharmacist
3810,Sara Bennett,female,63,retired
3811,Timothy Reyes,male,26,sales executive
3812,Kevin Leon,male,54,teacher
3813,Kenneth Wilson,male,23,accountant
3814,Heather Chambers,female,26,technician
3815,Javier Long,male,52,doctor
3816,Gregory French,male,36,insurance agent
3817,Laura Mills,female,28,freelancer
3818,Robin Fuller,female,51,military personnel
3819,Alexander Bautista,male,41,freelancer
3820,Thomas Pham,male,33,graphic designer
3821,Sarah King,female,58,researcher
3822,Hailey Beltran,female,50,project manager
3823,Jill Williams,female,46,nurse
3824,Daniel Townsend,male,34,warehouse worker
3825,Erica Morales,female,44,financial analyst
3826,Robert Kirk,male,26,warehouse worker
3827,Gene Jensen,male,41,homemaker
3828,Russell Perez,male,41,retired
3829,Brian Bowen,male,43,human resources officer
3830,Emily Crawford,female,27,government employee
3831,Janet Baker,female,18,shop assistant
3832,Gregory Shaffer,male,46,marketing specialist
3833,Nicole Chung,female,51,human resources officer
3834,Brian Perkins,male,53,insurance agent
3835,Melody Castro,female,37,real estate agent
3836,Joshua Sanders,male,39,data scientist
3837,Craig Davis,male,31,social worker
3838,Sherri Sullivan,female,29,police officer
3839,Mike Patel,male,37,consultant
3840,Thomas Garcia,male,59,engineer
3841,Robin Clay,female,36,chef
3842,Kelly Miller,male,27,real estate agent
3843,Andrew DDS,male,51,customer service representative
3844,Johnny Whitaker,male,55,professor
3845,Danielle DDS,female,36,software developer
3846,Adam Sanchez,male,35,writer
3847,Logan Massey,male,28,banker
3848,Kristen Carroll,female,34,homemaker
3849,Sarah Carpenter,female,34,researcher
3850,Stacy Werner,female,38,marketing specialist
3851,Michelle Holden,female,26,electrician
3852,Dennis Wood,male,22,travel agent
3853,Taylor Flores,female,18,mechanic
3854,Tyler Taylor,male,40,electrician
3855,William Wright,male,34,graphic designer
3856,Betty Pollard,female,25,travel agent
3857,Jordan Alvarez,male,47,sales executive
3858,Renee Munoz,female,30,teacher
3859,Mitchell Newman,male,26,construction worker
3860,Victoria Marshall,female,38,entrepreneur
3861,Amy Montgomery,female,49,social worker
3862,Jessica Benton,female,26,journalist
3863,Kristin Hansen,female,39,musician
3864,Hannah Dillon,female,45,banker
3865,Melanie Jones,female,27,customer service representative
3866,Kelly Valentine,male,40,delivery driver
3867,Michelle Henry,female,55,human resources officer
3868,Terri Andersen,female,33,writer
3869,Jesse Ryan,male,54,pharmacist
3870,Gary Hudson,male,26,government employee
3871,Tracy Thomas,male,30,technician
3872,Melanie Edwards,female,61,civil servant
3873,Leonard Joseph,male,31,human resources officer
3874,Bryan Madden,male,26,engineer
3875,Kendra Cross,female,40,travel agent
3876,Danielle Guzman,female,33,mechanic
3877,Christopher White,male,49,manager
3878,Kathleen Wilson,female,37,farmer
3879,Tracy Berry,male,23,financial analyst
3880,Jasmine Russell,female,50,military personnel
3881,Brenda Cooper,female,21,researcher
3882,Henry Mann,male,61,engineer
3883,Jonathan Lopez,male,30,entrepreneur
3884,Darrell Duke,male,35,doctor
3885,Gerald Walton,male,32,human resources officer
3886,Alicia Obrien,female,34,military personnel
3887,Amy MD,female,51,social worker
3888,Aaron Cruz,male,19,construction worker
3889,Susan Elliott,female,56,doctor
3890,Tyler Lopez,male,17,real estate agent
3891,Catherine Robinson,female,34,human resources officer
3892,Shelby Gaines,female,49,sales executive
3893,Laura Vance,female,39,administrative officer
3894,Shawn Thompson,male,35,software developer
3895,Sabrina Johnson,female,42,engineer
3896,Kimberly Rubio,female,30,student
3897,Robert Collins,male,51,project manager
3898,Stephanie Jimenez,female,49,journalist
3899,Zachary Mora,male,62,administrative officer
3900,Timothy Kelley,male,46,insurance agent
3901,Jo Wilson,female,24,entrepreneur
3902,George Diaz,male,21,software developer
3903,Ruth Lopez,female,34,data scientist
3904,Heather Rangel,female,55,engineer
3905,Robert Browning,male,65,pharmacist
3906,Ryan Garcia,male,50,writer
3907,Matthew Flores,male,58,journalist
3908,Kenneth Patel,male,42,delivery driver
3909,Jo Gonzalez,female,57,delivery driver
3910,Jessica Graham,female,22,chef
3911,Allison Garcia,female,32,content creator
3912,Leonard Torres,male,14,software developer
3913,Patricia DDS,female,65,teacher
3914,Andrew Arroyo,male,15,engineer
3915,Kevin Mccullough,male,44,customer service representative
3916,Margaret Stevenson,female,35,delivery driver
3917,Anthony Turner,male,36,engineer
3918,Tracey Williams,female,31,electrician
3919,Shane Rodgers,male,66,electrician
3920,Christopher Wood,male,34,social worker
3921,Stephanie Joseph,female,55,sales executive
3922,Dalton Clark,male,39,unemployed
3923,Alexis Weeks,female,34,human resources officer
3924,Melissa Glass,female,21,student
3925,David Cervantes,male,39,manager
3926,William Benitez,male,41,content creator
3927,Jacqueline Monroe,female,29,human resources officer
3928,Charles Sanchez,male,26,travel agent
3929,Stephen Henderson,male,18,engineer
3930,Sharon Sims,female,21,consultant
3931,Shawn Doyle,male,58,delivery driver
3932,Michael Perry,male,31,financial analyst
3933,Donald Santana,male,56,warehouse worker
3934,Katherine Greene,female,41,retail worker
3935,James Dominguez,male,25,nurse
3936,Mary Walker,female,36,government employee
3937,Ashley Barrera,female,34,human resources officer
3938,Catherine Murphy,female,29,nurse
3939,Dawn Becker,female,27,data scientist
3940,Jennifer Herrera,female,35,entrepreneur
3941,Kelly Rodriguez,male,19,project manager
3942,Rodney Henson,male,50,entrepreneur
3943,Justin Jimenez,male,40,musician
3944,Whitney Harrison,female,25,doctor
3945,Crystal Whitaker,female,29,researcher
3946,Phillip Drake,male,19,nurse
3947,Luis Kim,male,28,writer
3948,Kyle Williams,male,29,entrepreneur
3949,Randall Lopez,male,24,content creator
3950,Evan Carroll,male,29,project manager
3951,Glenn Clements,male,29,artist
3952,Gregory Gonzalez,male,47,social worker
3953,Jeanne Hernandez,female,22,researcher
3954,Arthur White,male,25,administrative officer
3955,Matthew Gonzales,male,67,business owner
3956,Andrea Sanchez,female,37,financial analyst
3957,Justin Thomas,male,53,consultant
3958,Melinda Ortiz,female,25,construction worker
3959,Jacqueline Thomas,female,29,musician
3960,Robert Mack,male,24,electrician
3961,Angela Banks,female,43,mechanic
3962,Timothy Newman,male,54,lawyer
3963,Luis Cole,male,52,photographer
3964,Melanie Salazar,female,53,software developer
3965,Victoria Gibson,female,32,data scientist
3966,Christian Herrera,male,35,project manager
3967,Charles Walsh,male,30,student
3968,Walter Kidd,male,20,graphic designer
3969,Isabel Smith,female,62,marketing specialist
3970,Brianna Stevens,female,50,homemaker
3971,Kimberly Perez,female,32,mechanic
3972,Sara Gomez,female,32,human resources officer
3973,Jill Price,female,40,farmer
3974,Gabriel Ross,male,32,unemployed
3975,Christine Robinson,female,23,marketing specialist
3976,Chloe Russo,female,23,journalist
3977,Malik Mccullough,male,32,marketing specialist
3978,Phillip Russell,male,28,writer
3979,Cindy Thomas,female,38,freelancer
3980,Marissa Evans,female,61,freelancer
3981,Patricia Hanson,female,48,unemployed
3982,Daniel Arnold,male,18,architect
3983,James Holmes,male,37,electrician
3984,Jessica Benson,female,37,data scientist
3985,Kristine Moore,female,41,project manager
3986,Rachael Gonzalez,female,48,sales executive
3987,John Parrish,male,54,electrician
3988,Timothy Stewart,male,31,police officer
3989,Lisa Moss,female,40,lawyer
3990,Michael Buchanan,male,30,artist
3991,Alexa Atkins,female,16,sales executive
3992,Sarah Edwards,female,54,pharmacist
3993,Christina Hernandez,female,63,graphic designer
3994,Sara Cox,female,30,sales executive
3995,Kevin Clayton,male,41,manager
3996,Justin Lester,male,36,real estate agent
3997,Jason Patel,male,40,police officer
3998,Brooke Tran,female,23,construction worker
3999,William Vaughn,male,55,musician
4000,Vanessa Beck,female,55,warehouse worker
4001,Jeremy Campos,male,29,social worker
4002,James Gray,male,33,financial analyst
4003,Alejandro Watts,male,30,sales executive
4004,Timothy Richards,male,24,human resources officer
4005,Steven Waller,male,43,entrepreneur
4006,Lacey Blackwell,female,59,freelancer
4007,Stacey MD,female,49,social worker
4008,Rachel DVM,female,18,graphic designer
4009,Michelle Rush,female,47,administrative officer
4010,Lindsey Lloyd,female,23,data analyst
4011,Samuel Lee,male,33,warehouse worker
4012,Kelly Moon,female,47,lawyer
4013,Susan Williams,female,24,technician
4014,Eric Cole,male,20,shop assistant
4015,Andrew Brady,male,32,pharmacist
4016,Judith Miller,female,38,government employee
4017,Bianca Good,female,24,travel agent
4018,Nicholas Smith,male,37,delivery driver
4019,Tanner James,male,36,teacher
4020,Michael Terry,male,36,consultant
4021,Robert Nash,male,22,photographer
4022,Jennifer Peterson,female,32,military personnel
4023,Michelle Tran,female,36,accountant
4024,Derek Gentry,male,24,journalist
4025,Angela Wade,female,54,farmer
4026,Katie Wilson,female,16,manager
4027,Robert Rodriguez,male,39,homemaker
4028,Jacqueline Moore,female,26,police officer
4029,Richard Shields,male,62,researcher
4030,Adam Roman,male,27,freelancer
4031,Shelby Murray,female,37,retired
4032,Rachel Rodriguez,female,33,social worker
4033,Michele Gonzalez,female,25,social worker
4034,Angela Davis,female,26,content creator
4035,April Moody,female,43,government employee
4036,Amber Miller,female,56,musician
4037,Kendra Alvarez,female,56,data scientist
4038,William Jacobs,male,48,construction worker
4039,Dwayne Lowe,male,30,project manager
4040,Amy Lopez,female,25,financial analyst
4041,Casey Gonzalez,female,16,business owner
4042,Kimberly Kaufman,female,29,civil servant
4043,Erica Braun,female,16,doctor
4044,Madison Vargas,female,19,military personnel
4045,Katie Mitchell,female,20,writer
4046,Roger Moss,male,59,social worker
4047,Mary Donaldson,female,29,human resources officer
4048,Nicole Brown,female,34,researcher
4049,Hailey Quinn,female,24,journalist
4050,Robert Miller,male,25,electrician
4051,Mike Smith,male,45,artist
4052,Anita Chapman,female,33,technician
4053,Isaiah Becker,male,30,graphic designer
4054,Joanne Harmon,female,28,shop assistant
4055,Kathryn Hines,female,45,chef
4056,Zachary Lee,male,22,unemployed
4057,Amanda Gomez,female,32,police officer
4058,Joel Mclean,male,29,content creator
4059,William Ford,male,26,shop assistant
4060,Jodi Thomas,female,32,lecturer
4061,Eugene Fritz,male,15,social worker
4062,Clinton Davis,male,22,administrative officer
4063,Chris Rogers,male,42,police officer
4064,Jenna Torres,female,28,farmer
4065,Kirsten Perez,female,38,shop assistant
4066,Misty Reynolds,female,38,electrician
4067,Caitlin Costa,female,43,construction worker
4068,Tonya Jones,female,58,engineer
4069,Karen Roberts,female,25,software developer
4070,Terri Lara,female,42,travel agent
4071,Adam Parker,male,34,financial analyst
4072,Lydia Sutton,female,29,civil servant
4073,Barbara Anderson,female,53,civil servant
4074,Misty Roman,female,38,customer service representative
4075,Jacob Waller,male,39,nurse
4076,Jeremy Butler,male,37,architect
4077,Erika Hall,female,28,mechanic
4078,Erik Moon,male,52,lecturer
4079,Kristen Ray,female,57,warehouse worker
4080,Cory Martinez,male,50,architect
4081,Mark Maddox,male,46,government employee
4082,Kevin Young,male,53,architect
4083,Katherine Harrison,female,53,graphic designer
4084,Jorge Davis,male,35,insurance agent
4085,Marcus Miller,male,47,marketing specialist
4086,Lindsey Macdonald,female,32,social worker
4087,Derek Cole,male,46,writer
4088,Rick Hill,male,41,software developer
4089,Madeline Murphy,female,53,student
4090,Karen Thomas,female,30,software developer
4091,Erica Galloway,female,23,business owner
4092,Joshua Holloway,male,37,banker
4093,Tina Harper,female,12,chef
4094,Nicholas Moss,male,61,real estate agent
4095,Rebecca Campbell,female,38,retail worker
4096,Jay Cardenas,male,44,delivery driver
4097,Debbie Thomas,female,48,technician
4098,Matthew Farmer,male,69,police officer
4099,John Browning,male,59,warehouse worker
4100,Mario Peters,male,59,banker
4101,Olivia Rodriguez,female,23,journalist
4102,Desiree Mccarthy,female,23,administrative officer
4103,Carla Anderson,female,21,graphic designer
4104,Caleb Parrish,male,62,photographer
4105,Jackie Stewart,female,40,travel agent
4106,Krista Fuller,female,26,government employee
4107,James Nguyen,male,26,technician
4108,Amanda Campbell,female,26,police officer
4109,Keith Ware,male,33,chef
4110,Michelle Anderson,female,48,doctor
4111,Barry Hernandez,male,32,customer service representative
4112,Todd Young,male,37,teacher
4113,William Morgan,male,46,artist
4114,Nicole Vasquez,female,52,software developer
4115,Kelly May,female,35,manager
4116,Christopher Carson,male,60,content creator
4117,Joan Wilson,female,37,engineer
4118,Debbie Allen,female,17,data analyst
4119,Darius Williams,male,36,homemaker
4120,Crystal Hernandez,female,24,consultant
4121,Jonathan Morris,male,57,doctor
4122,Meagan Smith,female,30,customer service representative
4123,Katherine Caldwell,female,48,project manager
4124,Krista Williams,female,23,marketing specialist
4125,Michael Perkins,male,36,photographer
4126,Steven Martin,male,27,social worker
4127,Kimberly Herman,female,41,accountant
4128,Douglas Hawkins,male,43,retail worker
4129,Christopher Harris,male,56,artist
4130,George Murphy,male,45,customer service representative
4131,Barbara Mitchell,female,24,artist
4132,Lindsey Curtis,female,26,software developer
4133,Jennifer Lopez,female,25,journalist
4134,Robert Newton,male,57,consultant
4135,Curtis Hudson,male,35,police officer
4136,Sandra Craig,female,35,journalist
4137,Robert Ward,male,52,sales executive
4138,Mark Knight,male,35,researcher
4139,David Dixon,male,38,project manager
4140,Cindy White,female,25,lecturer
4141,Jonathan Cortez,male,42,farmer
4142,Judith Myers,female,32,military personnel
4143,Tammie Castillo,female,36,data analyst
4144,Rebecca Estrada,female,36,teacher
4145,Angela Rodriguez,female,26,retired
4146,Andre Williams,male,30,marketing specialist
4147,Donald Smith,male,51,architect
4148,Monica Ali,female,33,software developer
4149,Jacob Brewer,male,21,government employee
4150,Jacqueline Ramirez,female,36,farmer
4151,Edward Johnson,male,43,nurse
4152,Charles Bryant,male,32,real estate agent
4153,Victoria Rocha,female,42,financial analyst
4154,Mark Farley,male,24,retail worker
4155,Spencer Frederick,male,28,pharmacist
4156,Brian Hardy,male,33,delivery driver
4157,Stephen Neal,male,50,nurse
4158,Alexander Hart,male,23,marketing specialist
4159,Michael Lewis,male,27,delivery driver
4160,Jamie Johnson,female,38,writer
4161,John Thompson,male,40,photographer
4162,Stephanie Douglas,female,33,banker
4163,Shawn Mckinney,male,37,farmer
4164,Dale Adams,male,13,graphic designer
4165,Victor Lopez,male,56,construction worker
4166,Rita Forbes,female,33,pharmacist
4167,Kristine Vincent,female,61,pharmacist
4168,Michele Conner,female,34,construction worker
4169,Natalie Mitchell,female,18,civil servant
4170,Holly Hoover,female,62,writer
4171,Jacqueline Winters,female,36,graphic designer
4172,Kimberly Flores,female,21,teacher
4173,Victoria Saunders,female,39,real estate agent
4174,Michael Preston,male,33,mechanic
4175,Jason Ali,male,31,lawyer
4176,Dawn Taylor,female,61,journalist
4177,Matthew Hayes,male,34,technician
4178,Melanie Preston,female,43,writer
4179,Thomas Mcgrath,male,56,human resources officer
4180,Glenn Chen,male,39,student
4181,Sarah Berry,female,34,military personnel
4182,Ricky MD,male,20,accountant
4183,Shirley Mooney,female,33,accountant
4184,Kelly Johnston,female,34,entrepreneur
4185,Krista Dunlap,female,44,insurance agent
4186,Michael French,male,33,military personnel
4187,Gabriel Copeland,male,47,farmer
4188,Taylor Mills,female,32,social worker
4189,Colleen Bell,female,47,researcher
4190,Paul Rodriguez,male,32,warehouse worker
4191,Jody Flowers,female,65,software developer
4192,Chelsea Smith,female,56,farmer
4193,Kathy Rodriguez,female,55,unemployed
4194,Andrea Clements,female,63,shop assistant
4195,Jared Bryan,male,31,pharmacist
4196,Anne Olsen,female,43,administrative officer
4197,Andre Martinez,male,37,sales executive
4198,Patty Jones,female,41,lawyer
4199,Trevor Henderson,male,36,photographer
4200,Jamie Wolfe,male,32,data analyst
4201,James Clark,male,29,business owner
4202,Leah Mendoza,female,27,civil servant
4203,Andrew Henry,male,20,unemployed
4204,Emma Johnson,female,68,musician
4205,Scott Reyes,male,32,retail worker
4206,Annette Barker,female,42,construction worker
4207,Heather Mata,female,79,sales executive
4208,Alexander Johnson,male,23,electrician
4209,Taylor Wells,male,42,human resources officer
4210,Bradley Ramsey,male,32,mechanic
4211,Thomas Gibson,male,35,graphic designer
4212,David Riggs,male,28,technician
4213,Emily Waters,female,31,data analyst
4214,Claire Jenkins,female,42,customer service representative
4215,Carl Huffman,male,38,customer service representative
4216,Julie Terry,female,23,retired
4217,Tim Valdez,male,28,photographer
4218,Laurie Wolfe,female,28,mechanic
4219,Steven Carter,male,24,pharmacist
4220,Dylan Rivera,male,35,freelancer
4221,Brittney Monroe,female,44,government employee
4222,John Smith,male,29,military personnel
4223,Renee Whitehead,female,19,farmer
4224,Andrew White,male,40,project manager
4225,Michael Bruce,male,34,mechanic
4226,Jeremy Haynes,male,54,technician
4227,Travis Hart,male,55,engineer
4228,Holly Hale,female,44,government employee
4229,Kelly Benson,female,24,data scientist
4230,Brian Wells,male,27,sales executive
4231,Kristin Henderson,female,48,data analyst
4232,Dennis Fry,male,24,financial analyst
4233,James Calhoun,male,37,project manager
4234,Sheri Martinez,female,32,data analyst
4235,Laura Ortega,female,28,pharmacist
4236,Zachary Brooks,male,42,administrative officer
4237,Austin Tyler,male,34,police officer
4238,Jennifer Castro,female,54,doctor
4239,Brittany Anderson,female,58,chef
4240,Alexandra Brown,female,40,human resources officer
4241,Brian Wade,male,25,content creator
4242,Alexa Beard,female,57,electrician
4243,Thomas Valencia,male,29,data scientist
4244,Chelsea Wells,female,35,warehouse worker
4245,Annette Hughes,female,33,human resources officer
4246,Joshua Lara,male,26,writer
4247,Beth Hicks,female,35,pharmacist
4248,Barry Palmer,male,20,musician
4249,Keith DDS,male,36,construction worker
4250,Isaiah Perez,male,48,shop assistant
4251,Anthony Reynolds,male,60,police officer
4252,Timothy Myers,male,63,architect
4253,Sean Goodman,male,30,pharmacist
4254,Lisa Tyler,female,50,delivery driver
4255,Matthew Campos,male,55,nurse
4256,Linda Roberts,female,34,musician
4257,Bradley Snow,male,43,manager
4258,Martin Wood,male,25,data scientist
4259,Julie Roman,female,65,pharmacist
4260,Elizabeth Nichols,female,55,sales executive
4261,Eric Fry,male,43,homemaker
4262,James Pitts,male,24,journalist
4263,Melissa Mclean,female,35,mechanic
4264,Matthew Berry,male,16,professor
4265,Ann Burns,female,52,unemployed
4266,Kelly Welch,female,37,customer service representative
4267,Debra Nelson,female,37,student
4268,Jose Edwards,male,50,musician
4269,Susan Knight,female,35,data scientist
4270,Elizabeth Petersen,female,35,lawyer
4271,Jason Baker,male,25,freelancer
4272,Matthew Tate,male,39,human resources officer
4273,Charles Carrillo,male,18,delivery driver
4274,Melissa Ward,female,25,chef
4275,Erica Yates,female,23,architect
4276,Carrie Hardy,female,45,musician
4277,Mark Harris,male,48,content creator
4278,Ronald White,male,41,government employee
4279,Kathleen Sanchez,female,36,musician
4280,Devin Carroll,male,31,content creator
4281,Charles Obrien,male,34,military personnel
4282,Vincent Li,male,27,homemaker
4283,April DVM,female,28,journalist
4284,Jesse Ewing,male,43,musician
4285,Donald Bradley,male,19,nurse
4286,Anthony Patterson,male,60,engineer
4287,Linda MD,female,19,warehouse worker
4288,Catherine Ward,female,54,teacher
4289,Amy Boone,female,65,social worker
4290,Kimberly Adams,female,31,insurance agent
4291,Tammy Mcdaniel,female,49,banker
4292,Stephanie Knight,female,62,manager
4293,George Weber,male,28,lecturer
4294,Jessica Hall,female,29,entrepreneur
4295,Laura Adams,female,28,banker
4296,Sara Hernandez,female,25,shop assistant
4297,Eugene Robinson,male,55,manager
4298,Roger Harris,male,37,nurse
4299,Tiffany Davis,female,32,travel agent
4300,William Nelson,male,27,photographer
4301,Brendan Bruce,male,64,warehouse worker
4302,Joe Martin,male,19,real estate agent
4303,Eric Riley,male,55,travel agent
4304,Bradley Marquez,male,48,travel agent
4305,Nancy Cruz,female,41,musician
4306,James Weaver,male,34,delivery driver
4307,Sierra Henry,female,32,chef
4308,Kelly Morris,female,33,data analyst
4309,Lisa Massey,female,39,warehouse worker
4310,Jacqueline Warner,female,49,data analyst
4311,Michael Gray,male,22,entrepreneur
4312,Christine Edwards,female,28,travel agent
4313,David Roberts,male,26,shop assistant
4314,Lindsay Harrison,female,27,freelancer
4315,Timothy Sanchez,male,28,administrative officer
4316,Jodi Mcbride,female,27,shop assistant
4317,Gregory James,male,25,freelancer
4318,Misty Blankenship,female,29,insurance agent
4319,Dawn Perez,female,23,lecturer
4320,Yolanda Mendoza,female,56,insurance agent
4321,Sarah Newman,female,54,consultant
4322,Rhonda Singleton,female,36,journalist
4323,Holly MD,female,28,shop assistant
4324,Anna Dominguez,female,53,accountant
4325,Bobby Frederick,male,34,writer
4326,Elaine Garrison,female,45,software developer
4327,Thomas Perez,male,26,real estate agent
4328,Kelly Hall,female,35,homemaker
4329,Amy Pena,female,26,architect
4330,Troy David,male,45,insurance agent
4331,Kimberly Mcmahon,female,45,financial analyst
4332,Cynthia Morton,female,28,project manager
4333,Ruth White,female,36,unemployed
4334,Julia Hodges,female,56,lecturer
4335,Christian Frederick,male,45,journalist
4336,Adam Foley,male,34,business owner
4337,Jose Smith,male,78,customer service representative
4338,Amy Taylor,female,42,unemployed
4339,Brittney Anderson,female,30,freelancer
4340,Ruben Berry,male,60,engineer
4341,David Thompson,male,58,journalist
4342,David Bowman,male,54,unemployed
4343,Andrea Bennett,female,29,data analyst
4344,Joe Lindsey,male,41,travel agent
4345,Jennifer Weaver,female,45,farmer
4346,Joseph Hayden,male,59,financial analyst
4347,Heather Jacobs,female,29,accountant
4348,Paul Walton,male,33,farmer
4349,Jason Gordon,male,42,real estate agent
4350,Jacob Evans,male,48,technician
4351,Jason Bennett,male,41,police officer
4352,Ernest Gonzalez,male,57,customer service representative
4353,Jessica Little,female,26,unemployed
4354,Sean Gibbs,male,51,military personnel
4355,Mariah Turner,female,38,mechanic
4356,Alexis Perez,female,48,construction worker
4357,Katelyn Owens,female,33,writer
4358,Sonya Ford,female,31,nurse
4359,Amber Gould,female,36,mechanic
4360,John Hughes,male,33,data scientist
4361,Jessica George,female,28,social worker
4362,Jose Woods,male,57,accountant
4363,Sean Mendoza,male,41,freelancer
4364,Corey Weeks,male,17,accountant
4365,Wendy Thomas,female,56,farmer
4366,Derrick Johnson,male,30,professor
4367,Kelly Johnson,female,27,warehouse worker
4368,Robert Stevens,male,36,customer service representative
4369,Dustin Williams,male,36,shop assistant
4370,Caleb Gonzales,male,31,entrepreneur
4371,Phillip Johnson,male,60,electrician
4372,Nicholas Knight,male,52,shop assistant
4373,Tracy Fitzpatrick,female,29,nurse
4374,Mary Gonzales,female,30,sales executive
4375,Debra Thomas,female,44,military personnel
4376,Anna Reyes,female,58,manager
4377,Andrew Turner,male,44,manager
4378,Cory Hudson,male,30,warehouse worker
4379,Roger Hernandez,male,20,entrepreneur
4380,David Moon,male,82,retired
4381,Andrea Trevino,female,54,chef
4382,John Jones,male,28,government employee
4383,Vicki Buckley,female,65,freelancer
4384,Bobby Stevens,male,35,software developer
4385,Lisa Krause,female,24,data scientist
4386,Tina Scott,female,59,insurance agent
4387,Stacy Olsen,female,56,social worker
4388,Mary Rose,female,45,content creator
4389,Sara Lawrence,female,23,professor
4390,Renee Osborne,female,26,entrepreneur
4391,Robin Hamilton,female,33,unemployed
4392,Todd Turner,male,32,architect
4393,Amber Vargas,female,24,data scientist
4394,Deanna Holloway,female,18,police officer
4395,Ryan Robinson,male,27,unemployed
4396,John Hernandez,male,29,data scientist
4397,Joshua Cox,male,23,financial analyst
4398,Jennifer Rivera,female,52,doctor
4399,Carla Olson,female,41,military personnel
4400,Andrea Edwards,female,61,sales executive
4401,Jessica Briggs,female,27,homemaker
4402,Kara Johnson,female,24,financial analyst
4403,Bryan Young,male,38,insurance agent
4404,John Mullen,male,45,homemaker
4405,Jared Atkinson,male,64,government employee
4406,Leroy Martin,male,32,graphic designer
4407,Gabriel Bennett,male,38,musician
4408,Angela Hogan,female,46,doctor
4409,Joshua Vasquez,male,51,warehouse worker
4410,Tracy Morton,female,14,construction worker
4411,William Smith,male,54,entrepreneur
4412,Casey Terrell,male,31,construction worker
4413,Melissa Serrano,female,24,content creator
4414,Erin Williams,female,44,human resources officer
4415,Corey Jackson,male,27,journalist
4416,Wendy Rodriguez,female,57,researcher
4417,Luis Fox,male,37,construction worker
4418,Diane Brown,female,28,social worker
4419,Debbie Schneider,female,48,travel agent
4420,Anne Obrien,female,35,engineer
4421,Andrew Phelps,male,16,graphic designer
4422,Michael Patrick,male,16,chef
4423,Katrina Carter,female,25,real estate agent
4424,Jennifer Roman,female,43,entrepreneur
4425,William Parker,male,56,police officer
4426,David Hernandez,male,35,administrative officer
4427,Bobby Matthews,male,13,photographer
4428,Brian Cole,male,19,musician
4429,Benjamin Townsend,male,46,sales executive
4430,Lauren Higgins,female,36,technician
4431,Barbara Newman,female,27,student
4432,Kristen Matthews,female,20,unemployed
4433,Christine Kennedy,female,35,travel agent
4434,Brooke Lee,female,24,retired
4435,Amanda Farrell,female,37,consultant
4436,Cody Jimenez,male,43,engineer
4437,James Fletcher,male,48,consultant
4438,Casey Murphy,male,18,photographer
4439,Emily Sexton,female,24,construction worker
4440,Troy Perry,male,31,civil servant
4441,William Hernandez,male,21,police officer
4442,Cynthia Munoz,female,38,customer service representative
4443,Susan Le,female,63,retired
4444,Patricia Welch,female,34,researcher
4445,Rebecca Watson,female,55,social worker
4446,Karen Holloway,female,30,shop assistant
4447,Daniel Cook,male,38,graphic designer
4448,Nancy Wagner,female,37,accountant
4449,Stacy Chaney,female,18,writer
4450,Logan Graham,male,31,freelancer
4451,Rebecca Gibson,female,47,accountant
4452,Joshua Ryan,male,45,musician
4453,Lori Conner,female,33,entrepreneur
4454,Sherry Hickman,female,49,sales executive
4455,Lisa Hall,female,37,homemaker
4456,Leslie Cole,female,65,manager
4457,Marissa Williams,female,27,marketing specialist
4458,Tanner King,male,34,delivery driver
4459,Jerry Sanders,male,32,warehouse worker
4460,Tyler Lang,male,41,data scientist
4461,Robin Payne,female,34,warehouse worker
4462,Jonathan Cisneros,male,38,retired
4463,Margaret Torres,female,33,musician
4464,Anthony Zhang,male,37,social worker
4465,Matthew Roberts,male,49,marketing specialist
4466,David Hays,male,59,government employee
4467,Erin Gardner,female,42,insurance agent
4468,Melinda Miller,female,36,professor
4469,Travis Smith,male,48,lecturer
4470,Nicole Scott,female,30,software developer
4471,Damon Martin,male,26,construction worker
4472,Tara Collins,female,25,social worker
4473,Joshua Jones,male,43,homemaker
4474,Shelley MD,female,32,photographer
4475,Peggy Bauer,female,30,teacher
4476,Vincent Wilson,male,32,data analyst
4477,Bryan Miranda,male,17,retired
4478,Julie Martinez,female,19,nurse
4479,Harry Hughes,male,29,journalist
4480,Theresa Swanson,female,59,photographer
4481,Manuel Montes,male,22,student
4482,Willie Martin,male,39,writer
4483,Kelly Norris,female,44,lawyer
4484,Gerald Price,male,33,police officer
4485,Ashley Hunt,female,31,data scientist
4486,Daniel Lee,male,36,architect
4487,Patricia Adkins,female,41,project manager
4488,Willie Perez,male,47,nurse
4489,Thomas Snyder,male,32,unemployed
4490,Jasmine Day,female,32,entrepreneur
4491,Andrew Chavez,male,31,engineer
4492,Heather Huerta,female,56,architect
4493,Matthew Perry,male,37,administrative officer
4494,Tracy Atkins,female,30,business owner
4495,Ryan Wheeler,male,32,engineer
4496,Audrey Taylor,female,27,administrative officer
4497,Whitney Swanson,female,28,civil servant
4498,Lori Johnson,female,23,architect
4499,Evan Collins,male,35,nurse
4500,Elaine Trevino,female,61,professor
4501,Eric Maynard,male,29,graphic designer
4502,Deanna Gray,female,30,construction worker
4503,Gerald Jenkins,male,23,project manager
4504,Kiara Jones,female,29,consultant
4505,Elizabeth Johnson,female,56,police officer
4506,Garrett PhD,male,36,insurance agent
4507,Lindsey York,female,44,banker
4508,Anna Baker,female,70,writer
4509,Stacy White,female,33,architect
4510,Rebecca Hall,female,30,engineer
4511,Ryan Pierce,male,40,military personnel
4512,Shannon Cain,female,51,software developer
4513,Kenneth Vaughn,male,28,student
4514,Juan Evans,male,39,accountant
4515,Nicole Williams,female,34,artist
4516,Jennifer Barrett,female,52,researcher
4517,Leah Rodriguez,female,30,data scientist
4518,Julie Ward,female,43,technician
4519,Dennis Garza,male,60,banker
4520,Matthew Carroll,male,15,retail worker
4521,Lynn Smith,female,34,government employee
4522,Sharon Hicks,female,44,journalist
4523,Abigail MD,female,23,student
4524,Paula Lopez,female,27,student
4525,Amy Clark,female,38,police officer
4526,Cheryl Rose,female,37,marketing specialist
4527,Donna Wright,female,34,freelancer
4528,Caleb Fisher,male,52,data analyst
4529,Kathleen Levine,female,20,unemployed
4530,Cheryl King,female,28,writer
4531,Cathy Davidson,female,42,police officer
4532,Yvette Mcgee,female,54,data scientist
4533,Tyler Andrews,male,32,artist
4534,Michelle Greer,female,46,researcher
4535,Ashley Clark,female,33,banker
4536,Misty Floyd,female,26,human resources officer
4537,Frederick Jenkins,male,39,engineer
4538,Michael Ramos,male,36,consultant
4539,Madison Clark,female,28,farmer
4540,Sergio Hodge,male,40,software developer
4541,John Avery,male,43,software developer
4542,David Hamilton,male,47,sales executive
4543,Rachael Bass,female,46,administrative officer
4544,Kelly Harris,female,36,project manager
4545,Donna Campbell,female,38,data scientist
4546,Randy Kennedy,male,31,human resources officer
4547,Ana Gibson,female,36,travel agent
4548,Courtney Harris,female,46,freelancer
4549,Sara Stuart,female,39,insurance agent
4550,Karen Kim,female,40,unemployed
4551,Richard Brewer,male,28,data scientist
4552,Victoria Arnold,female,43,architect
4553,Charles Adams,male,44,government employee
4554,Dawn Garcia,female,26,doctor
4555,Kelli Collins,female,29,researcher
4556,Amy Krueger,female,36,retail worker
4557,Stephanie King,female,51,warehouse worker
4558,Tina Velazquez,female,45,student
4559,Kenneth Middleton,male,50,mechanic
4560,Mark Madden,male,44,architect
4561,Tina Murphy,female,43,nurse
4562,Julian Bradley,male,36,journalist
4563,Corey Rodriguez,male,23,customer service representative
4564,Pamela King,female,31,consultant
4565,Kevin Fuller,male,37,accountant
4566,Toni Cunningham,female,23,construction worker
4567,James Weber,male,41,real estate agent
4568,Erika Hodge,female,38,doctor
4569,Olivia Patel,female,18,content creator
4570,Jessica Hart,female,29,mechanic
4571,Ashley Huang,female,40,government employee
4572,Sean Harris,male,32,journalist
4573,Zachary Jones,male,24,unemployed
4574,Vanessa Alexander,female,15,accountant
4575,Oscar Robinson,male,36,engineer
4576,Dawn Hull,female,53,software developer
4577,Logan Davis,male,35,data scientist
4578,Linda Francis,female,35,insurance agent
4579,Daisy Alvarez,female,47,data analyst
4580,Carol Todd,female,34,technician
4581,Tammy Burns,female,48,consultant
4582,Dave Johnston,male,35,human resources officer
4583,Michael Michael,male,53,customer service representative
4584,Kristie Martin,female,59,writer
4585,William Armstrong,male,25,sales executive
4586,Cheryl Short,female,25,social worker
4587,Craig Phillips,male,34,data scientist
4588,Jerry Montgomery,male,23,financial analyst
4589,Nicholas Ramsey,male,33,entrepreneur
4590,Nicole Juarez,female,49,architect
4591,Jeffrey Watts,male,23,engineer
4592,Christopher Gray,male,28,financial analyst
4593,Andrew Thompson,male,56,delivery driver
4594,Jason Miller,male,27,electrician
4595,Melissa Martin,female,51,electrician
4596,Michelle Stephenson,female,36,consultant
4597,Erin Chavez,female,26,electrician
4598,Linda Guerrero,female,46,manager
4599,Jerry Jackson,male,47,travel agent
4600,Jill Stewart,female,39,police officer
4601,Timothy Yates,male,54,teacher
4602,John Davis,male,45,retired
4603,Robert Martinez,male,43,retired
4604,Nancy Ferguson,female,61,civil servant
4605,Kristin Foster,female,27,project manager
4606,Micheal Velasquez,male,19,accountant
4607,Christopher Liu,male,46,retail worker
4608,Cynthia Williams,female,42,electrician
4609,Angela Warren,female,29,chef
4610,Dean Dunn,male,53,lawyer
4611,Amanda Henry,female,26,real estate agent
4612,Brenda Tyler,female,41,graphic designer
4613,Brandon Hernandez,male,24,manager
4614,Javier Schultz,male,52,architect
4615,Philip Murray,male,43,professor
4616,Willie Morgan,male,25,social worker
4617,Adam Johnson,male,46,social worker
4618,Alexander Pacheco,male,38,financial analyst
4619,Frank Todd,male,34,musician
4620,Troy Garcia,male,29,human resources officer
4621,Kimberly Watson,female,42,data analyst
4622,Nicole Jacobs,female,34,financial analyst
4623,William Edwards,male,30,musician
4624,Edgar Moore,male,21,construction worker
4625,Charles Barnett,male,41,electrician
4626,Dustin Boyd,male,29,researcher
4627,Brittany Holloway,female,29,retail worker
4628,Marc Williams,male,40,student
4629,Amanda Hamilton,female,34,administrative officer
4630,Kyle Smith,male,38,sales executive
4631,Danielle Reed,female,38,data scientist
4632,Heather Black,female,30,human resources officer
4633,Jennifer Hart,female,32,unemployed
4634,Chase Adams,male,34,homemaker
4635,Erica Stanley,female,72,warehouse worker
4636,Samantha Glover,female,20,content creator
4637,Amanda Klein,female,54,administrative officer
4638,Anthony Clark,male,35,shop assistant
4639,Scott Grant,male,41,government employee
4640,Rachel Smith,female,35,pharmacist
4641,Makayla Mays,female,68,insurance agent
4642,Cathy Brown,female,32,artist
4643,Ruben Martinez,male,35,travel agent
4644,David Vincent,male,48,researcher
4645,Tiffany Jimenez,female,29,teacher
4646,Jose Gray,male,59,technician
4647,Joseph Brown,male,27,researcher
4648,Brittney Jones,female,29,student
4649,Manuel Phillips,male,24,business owner
4650,Laura Caldwell,female,32,accountant
4651,Jennifer Moore,female,52,lecturer
4652,Jennifer Love,female,47,professor
4653,Molly Rice,female,56,social worker
4654,Emily Osborne,female,27,graphic designer
4655,Shelley Short,female,45,chef
4656,Vickie Price,female,61,manager
4657,Paul Todd,male,27,construction worker
4658,Amanda Powell,female,46,military personnel
4659,Michael Morgan,male,38,chef
4660,Edward Chung,male,36,travel agent
4661,Allison Miller,female,29,content creator
4662,Jennifer Ramirez,female,65,writer
4663,Laura Briggs,female,27,police officer
4664,Thomas Ingram,male,25,graphic designer
4665,Isabella Hawkins,female,26,engineer
4666,Cassandra Haas,female,36,construction worker
4667,Valerie Owens,female,28,shop assistant
4668,Antonio Watts,male,49,shop assistant
4669,Cynthia Hendricks,female,33,mechanic
4670,Pamela Kelly,female,68,doctor
4671,Deanna Edwards,female,34,entrepreneur
4672,Ashley Davis,female,54,engineer
4673,Kelsey Griffith,female,32,project manager
4674,Joshua Obrien,male,51,engineer
4675,Leslie Mccoy,female,20,chef
4676,Claire Sullivan,female,21,accountant
4677,Darius Khan,male,24,farmer
4678,Miranda Huber,female,37,doctor
4679,Logan Wagner,male,41,shop assistant
4680,Garrett Price,male,21,sales executive
4681,Jonathan Russell,male,22,graphic designer
4682,Sean Snow,male,16,technician
4683,Cody Hoover,male,30,construction worker
4684,Linda Glass,female,46,insurance agent
4685,Dennis Campbell,male,51,homemaker
4686,Barbara MD,female,40,architect
4687,Lisa Lewis,female,32,government employee
4688,Rebecca Anderson,female,33,architect
4689,Kelly Ingram,female,18,researcher
4690,Karen Massey,female,55,project manager
4691,Nicole Russell,female,54,police officer
4692,Miranda David,female,38,writer
4693,Jonathan Jones,male,74,consultant
4694,George Barnes,male,66,retired
4695,Timothy Dominguez,male,49,financial analyst
4696,Edward Stone,male,14,professor
4697,Paul Gallegos,male,26,financial analyst
4698,Paula Rogers,female,25,engineer
4699,James Graham,male,36,writer
4700,Amber Steele,female,24,data analyst
4701,Carl Deleon,male,37,photographer
4702,Kelly MD,female,60,mechanic
4703,Brandon Pitts,male,28,electrician
4704,Brittany Bryant,female,52,professor
4705,Natasha Garcia,female,24,project manager
4706,Daniel Merritt,male,26,civil servant
4707,Ruth Hicks,female,20,real estate agent
4708,Laura Washington,female,32,civil servant
4709,Jeff Hoffman,male,55,real estate agent
4710,Lisa Riggs,female,32,pharmacist
4711,Donna Mccarty,female,55,data analyst
4712,Eric Spencer,male,26,student
4713,William Deleon,male,34,military personnel
4714,David Roy,male,40,data scientist
4715,Norman Rice,male,38,police officer
4716,Daniel Brewer,male,46,student
4717,Becky Garcia,female,36,nurse
4718,Katie Kaiser,female,57,musician
4719,Austin Roberts,male,33,customer service representative
4720,Timothy Espinoza,male,33,retail worker
4721,Dawn Aguirre,female,28,retail worker
4722,Kyle Armstrong,male,64,social worker
4723,Jennifer Weber,female,49,freelancer
4724,Sheila Douglas,female,40,consultant
4725,Maria Malone,female,67,business owner
4726,Michael Juarez,male,33,nurse
4727,Brandon Boyd,male,34,administrative officer
4728,Rachel Riley,female,26,data scientist
4729,Laura Thomas,female,15,real estate agent
4730,Edward Barton,male,45,travel agent
4731,Laura Sparks,female,41,unemployed
4732,Tiffany Zamora,female,29,entrepreneur
4733,Sara Roman,female,23,consultant
4734,Phyllis Parsons,female,37,data analyst
4735,Kristy Yu,female,39,travel agent
4736,Marcus Johnson,male,24,teacher
4737,Brittney Bowman,female,45,marketing specialist
4738,Jennifer Snow,female,28,farmer
4739,Carrie Lewis,female,28,writer
4740,Wendy Perez,female,25,entrepreneur
4741,Gabriel Bates,male,23,retail worker
4742,Marie Roach,female,42,researcher
4743,Mary Hoffman,female,36,business owner
4744,Robert Mitchell,male,34,military personnel
4745,Haley Russell,female,20,warehouse worker
4746,Vicki Barrera,female,32,construction worker
4747,Richard Sullivan,male,38,researcher
4748,Kimberly Thomas,female,23,musician
4749,Brandon Pierce,male,18,photographer
4750,Haley Mccoy,female,44,chef
4751,Daniel Hoffman,male,64,administrative officer
4752,Brett Rivas,male,20,professor
4753,Randall Aguirre,male,35,musician
4754,Gabrielle Bradshaw,female,84,retired
4755,Ryan Waters,male,27,warehouse worker
4756,Chase Matthews,male,17,nurse
4757,Samuel Nelson,male,35,administrative officer
4758,Sarah Wall,female,47,nurse
4759,Nicole Smith,female,30,business owner
4760,Jose Burke,male,28,travel agent
4761,James Murillo,male,24,software developer
4762,Veronica Hughes,female,28,warehouse worker
4763,Angela Lee,female,46,government employee
4764,Samantha Morrow,female,49,consultant
4765,Tony Brooks,male,42,data analyst
4766,Matthew Miller,male,29,banker
4767,Angel Rojas,female,25,real estate agent
4768,Jason Thompson,male,17,chef
4769,Christina Aguilar,female,28,student
4770,Jennifer Thomas,female,23,lecturer
4771,Daniel Ramirez,male,24,retired
4772,Kathleen Ramos,female,24,unemployed
4773,Carla Klein,female,36,student
4774,Brenda Powell,female,43,financial analyst
4775,Megan Carlson,female,53,lecturer
4776,Kristi Davis,female,44,artist
4777,Molly Mckenzie,female,17,administrative officer
4778,Thomas Hendrix,male,23,human resources officer
4779,Timothy Jones,male,53,doctor
4780,Alison Zuniga,female,61,pharmacist
4781,Dennis Waller,male,21,retired
4782,Jesse Davis,male,33,lecturer
4783,Timothy Howard,male,37,delivery driver
4784,Dale Moon,male,43,farmer
4785,Julie Ho,female,26,military personnel
4786,Daniel Ferrell,male,35,real estate agent
4787,Megan Miller,female,14,architect
4788,Jamie Robinson,female,18,content creator
4789,Samantha Petty,female,27,banker
4790,Julie Payne,female,13,sales executive
4791,James MD,male,34,financial analyst
4792,Kimberly Parker,female,23,content creator
4793,Molly Jackson,female,62,consultant
4794,Amber Lin,female,50,sales executive
4795,Andrew Roth,male,25,entrepreneur
4796,Dominique Brown,female,36,freelancer
4797,Michael Collier,male,33,researcher
4798,Kimberly Pennington,female,36,warehouse worker
4799,Patrick Porter,male,56,administrative officer
4800,Mark Humphrey,male,44,data analyst
4801,Leah Wilcox,female,42,chef
4802,Corey Stone,male,40,government employee
4803,Kimberly Navarro,female,38,professor
4804,Monique Obrien,female,51,pharmacist
4805,Jeffery Mckenzie,male,59,banker
4806,Joshua Mcdowell,male,31,farmer
4807,Christopher Maldonado,male,31,retail worker
4808,Alyssa Perez,female,32,lecturer
4809,Tina Johnson,female,34,graphic designer
4810,Leah Ball,female,63,researcher
4811,Michael Vang,male,43,photographer
4812,Charles Sparks,male,56,unemployed
4813,Aaron Fernandez,male,40,manager
4814,Ryan White,male,18,travel agent
4815,Garrett Moore,male,47,retired
4816,Meghan MD,female,32,project manager
4817,Virginia Giles,female,51,sales executive
4818,Jared Hernandez,male,35,engineer
4819,Marisa Giles,female,44,delivery driver
4820,Kenneth Murphy,male,22,photographer
4821,Jesus Wheeler,male,40,student
4822,Kevin Barton,male,47,administrative officer
4823,Jeffrey Lynch,male,55,lawyer
4824,Stephanie Johnson,female,42,manager
4825,Andrew Jacobs,male,43,warehouse worker
4826,Matthew Daniels,male,33,social worker
4827,Michael Romero,male,64,project manager
4828,Carlos Khan,male,32,real estate agent
4829,Nancy Hunt,female,32,mechanic
4830,Matthew Campbell,male,29,financial analyst
4831,Joshua Ellis,male,20,photographer
4832,Thomas Dominguez,male,26,administrative officer
4833,Heather White,female,37,technician
4834,Jennifer Myers,female,30,musician
4835,Patricia Douglas,female,23,travel agent
4836,Lisa Hill,female,18,travel agent
4837,Tracey Brown,female,37,lawyer
4838,Valerie Simpson,female,26,consultant
4839,James Hernandez,male,34,shop assistant
4840,Thomas Wagner,male,49,insurance agent
4841,Brittany Flowers,female,55,social worker
4842,Kenneth Snyder,male,30,financial analyst
4843,Rachel Patel,female,27,doctor
4844,April Schneider,female,23,student
4845,Ricky Wood,male,53,content creator
4846,Stephen Alvarado,male,55,teacher
4847,Nicole Price,female,32,banker
4848,Gary Bryant,male,29,shop assistant
4849,Christopher Francis,male,24,customer service representative
4850,Derrick White,male,51,construction worker
4851,Joe Long,male,26,homemaker
4852,Samantha Carr,female,28,police officer
4853,Danielle Lynn,female,30,student
4854,Nancy Bradford,female,28,marketing specialist
4855,Sandra Walker,female,26,student
4856,Joshua Valenzuela,male,27,insurance agent
4857,Brian Sullivan,male,27,civil servant
4858,Melinda Moon,female,56,human resources officer
4859,Philip Bowen,male,25,retired
4860,Christopher Landry,male,35,real estate agent
4861,Tracy Jackson,female,45,consultant
4862,Daniel Neal,male,49,project manager
4863,Lawrence Parks,male,46,software developer
4864,Scott Ayers,male,30,accountant
4865,Michelle Wood,female,50,retail worker
4866,Matthew Stone,male,28,financial analyst
4867,Tiffany Hansen,female,20,content creator
4868,Frank Freeman,male,45,musician
4869,Roger Walker,male,32,professor
4870,Lori Wilson,female,44,doctor
4871,Kayla Ray,female,29,military personnel
4872,Brian Olson,male,35,entrepreneur
4873,Amber Boyd,female,34,engineer
4874,Lauren Adams,female,37,lecturer
4875,Ryan Clark,male,57,banker
4876,Erika Chavez,female,31,retired
4877,Garrett Rodriguez,male,54,retail worker
4878,Holly Mercado,female,35,content creator
4879,John Singleton,male,22,police officer
4880,David Simmons,male,23,administrative officer
4881,Angel Moyer,male,31,photographer
4882,Sarah Terry,female,27,real estate agent
4883,Ashley Clements,female,39,engineer
4884,Lisa Gould,female,49,technician
4885,Leslie Kennedy,female,27,software developer
4886,Nicholas Anderson,male,33,chef
4887,Devon Anderson,male,23,data scientist
4888,Joseph Gates,male,42,construction worker
4889,Carla Taylor,female,21,freelancer
4890,Rhonda Pacheco,female,34,graphic designer
4891,Amy Nguyen,female,61,researcher
4892,Katie Sparks,female,49,technician
4893,Jeremy Evans,male,34,warehouse worker
4894,Johnathan Morgan,male,25,professor
4895,Natalie Caldwell,female,50,writer
4896,Gerald Chapman,male,26,civil servant
4897,Evan Marquez,male,39,data scientist
4898,Christopher Anderson,male,31,financial analyst
4899,Susan Ponce,female,37,manager
4900,Jeffrey Cook,male,46,business owner
4901,Sarah Khan,female,39,retired
4902,Maria Hall,female,19,sales executive
4903,Bonnie Wiley,female,25,farmer
4904,Ronald Lloyd,male,49,graphic designer
4905,Andrew Harris,male,30,police officer
4906,Justin White,male,48,homemaker
4907,Elizabeth Rosales,female,66,real estate agent
4908,Janet Willis,female,51,sales executive
4909,Jonathan DVM,male,59,sales executive
4910,Jerry Walsh,male,44,journalist
4911,Travis Day,male,21,entrepreneur
4912,Aaron Diaz,male,29,banker
4913,Nancy Jackson,female,55,researcher
4914,Daniel Benjamin,male,33,lawyer
4915,Robert Thompson,male,62,data scientist
4916,Robert Mclaughlin,male,38,travel agent
4917,Amy Gonzalez,female,29,travel agent
4918,Sarah Smith,female,30,technician
4919,Anna Bennett,female,44,software developer
4920,Ann Sanchez,female,17,doctor
4921,Christopher Robbins,male,25,software developer
4922,Alexander Martin,male,47,nurse
4923,Rachel Yoder,female,50,journalist
4924,Erica Francis,female,50,photographer
4925,Mark Webb,male,46,sales executive
4926,Shari Mcmahon,female,36,content creator
4927,Luke Dixon,male,34,data analyst
4928,Michael Chavez,male,43,shop assistant
4929,Kristen Blair,female,32,customer service representative
4930,Joshua White,male,39,travel agent
4931,Bryan Harrison,male,34,accountant
4932,Melissa Gonzalez,female,48,journalist
4933,Nicholas Frost,male,38,project manager
4934,Tracy Frye,female,33,photographer
4935,Gabriel Thompson,male,68,business owner
4936,Latasha Mendez,female,46,retired
4937,Sierra Moses,female,41,data analyst
4938,Rebecca Sandoval,female,37,engineer
4939,Margaret Young,female,22,nurse
4940,David Jackson,male,31,farmer
4941,Michaela Sanchez,female,33,government employee
4942,Steven Harris,male,51,project manager
4943,Elizabeth Butler,female,35,freelancer
4944,Matthew Mclaughlin,male,32,military personnel
4945,Colleen Morton,female,41,police officer
4946,Teresa Duncan,female,41,electrician
4947,Dawn Cochran,female,38,lecturer
4948,Logan Hardy,male,34,accountant
4949,Jeremy Summers,male,46,homemaker
4950,Jessica Lopez,female,71,retired
4951,Benjamin Brown,male,38,sales executive
4952,Steven Mcdonald,male,61,doctor
4953,Kathleen Rodriguez,female,12,engineer
4954,Steven Murphy,male,52,military personnel
4955,Justin Herman,male,31,financial analyst
4956,Chase Burnett,male,61,customer service representative
4957,Brett Mcguire,male,20,graphic designer
4958,Richard Roy,male,17,chef
4959,Christopher Ware,male,51,professor
4960,Julian Obrien,male,38,government employee
4961,Stephen Stone,male,46,project manager
4962,Laura Bailey,female,29,business owner
4963,Natalie Bush,female,23,freelancer
4964,Jose Lopez,male,29,pharmacist
4965,Paul Bright,male,49,teacher
4966,Dale Ramirez,male,41,graphic designer
4967,Tammy Brewer,female,50,retired
4968,Andrea Conley,female,55,journalist
4969,Daniel Luna,male,22,delivery driver
4970,Sean Johnson,male,22,real estate agent
4971,Kenneth Maxwell,male,41,delivery driver
4972,Eric Woods,male,34,financial analyst
4973,Nicholas Lee,male,51,software developer
4974,Christina Smith,female,40,photographer
4975,Julie Clark,female,44,software developer
4976,Anna Ponce,female,40,farmer
4977,Christine Wilson,female,36,social worker
4978,Melody Stevens,female,33,data scientist
4979,Matthew Brown,male,36,data analyst
4980,Nichole Davis,female,24,student
4981,Bryan Griffith,male,30,professor
4982,Miranda Stanley,female,33,homemaker
4983,Peter Randolph,male,37,travel agent
4984,Lisa Blair,female,52,banker
4985,Kenneth Reynolds,male,25,data scientist
4986,Joshua Guerrero,male,23,lawyer
4987,Sherri Shepherd,female,19,freelancer
4988,Ashley Duran,female,25,graphic designer
4989,Brian Mitchell,male,58,administrative officer
4990,Michael Garrett,male,25,government employee
4991,Gabrielle Smith,female,59,construction worker
4992,Vicki Hernandez,female,26,architect
4993,Carl Larsen,male,37,engineer
4994,Mercedes Richardson,female,46,technician
4995,Ryan Jones,male,25,technician
4996,Matthew Trujillo,male,23,business owner
4997,Michael Carlson,male,35,freelancer
4998,Michael Crawford,male,54,researcher
4999,Anne Novak,female,35,teacher
5000,Donald Coleman,male,34,researcher
5001,Erin Richardson,female,57,lawyer
5002,Thomas Lewis,male,57,architect
5003,Todd Beasley,male,37,journalist
5004,Alexander Branch,male,65,farmer
5005,Jay Cox,male,36,data scientist
5006,David Simpson,male,30,engineer
5007,Linda Brown,female,35,retired
5008,Tracey Reynolds,female,32,homemaker
5009,Alex Perez,male,49,farmer
5010,Diana Santos,female,21,marketing specialist
5011,Grace Green,female,58,data analyst
5012,Samantha Cohen,female,32,lecturer
5013,Courtney Page,female,52,photographer
5014,David Martinez,male,47,professor
5015,Terry Sullivan,male,49,nurse
5016,Thomas Bowman,male,27,warehouse worker
5017,Stephanie Parker,female,35,writer
5018,Jeremy Rhodes,male,13,freelancer
5019,Jessica MD,female,42,consultant
5020,Brian Copeland,male,19,graphic designer
5021,Jessica Rodriguez,female,24,musician
5022,Randy Robles,male,37,teacher
5023,Amanda Johnson,female,33,human resources officer
5024,Ricky Spencer,male,36,government employee
5025,Jennifer Hines,female,36,writer
5026,Christopher Black,male,16,pharmacist
5027,Kelly Burnett,female,32,customer service representative
5028,Jerome Hernandez,male,30,accountant
5029,Nathan Mccann,male,23,pharmacist
5030,Julie Gonzalez,female,43,entrepreneur
5031,Daryl Miller,male,45,entrepreneur
5032,Sheila Ward,female,25,journalist
5033,Desiree Evans,female,41,doctor
5034,Carrie Padilla,female,29,lecturer
5035,Krystal White,female,24,mechanic
5036,Joseph Kelly,male,31,mechanic
5037,Jeffrey King,male,33,mechanic
5038,Barbara Smith,female,52,financial analyst
5039,Michael Brennan,male,39,architect
5040,Jennifer Carson,female,28,manager
5041,Jessica King,female,30,musician
5042,Jennifer Morrow,female,21,content creator
5043,Lauren Warren,female,32,delivery driver
5044,Michael Alvarez,male,49,artist
5045,Veronica Powell,female,50,professor
5046,Emily Rivera,female,27,engineer
5047,Nicole Pope,female,29,entrepreneur
5048,Leah Estrada,female,38,human resources officer
5049,Kevin Stephens,male,46,data scientist
5050,Andrea Espinoza,female,26,content creator
5051,Shannon Welch,female,33,lawyer
5052,Aaron Wright,male,27,architect
5053,Richard DDS,male,45,farmer
5054,Rhonda Evans,female,23,retail worker
5055,Samantha Noble,female,33,financial analyst
5056,Lisa Fritz,female,25,construction worker
5057,Matthew Gonzalez,male,31,farmer
5058,Melinda Cervantes,female,35,shop assistant
5059,Kristie Carter,female,55,social worker
5060,Derek Hall,male,32,teacher
5061,Frank White,male,50,human resources officer
5062,Tracy Santiago,female,33,social worker
5063,Kevin Barr,male,22,military personnel
5064,Alexis DVM,female,29,customer service representative
5065,Jessica Travis,female,25,artist
5066,Allison Mcdonald,female,27,shop assistant
5067,Sally Fernandez,female,41,social worker
5068,Ann Brown,female,57,musician
5069,Maurice Johnson,male,24,customer service representative
5070,Lori Davis,female,33,warehouse worker
5071,Taylor Acevedo,female,28,chef
5072,Cynthia Cohen,female,29,sales executive
5073,Kenneth Larson,male,29,human resources officer
5074,Richard West,male,54,entrepreneur
5075,Ashley Daugherty,female,53,pharmacist
5076,Kimberly Garrett,female,44,teacher
5077,Katie Ochoa,female,49,sales executive
5078,Wesley Reilly,male,53,electrician
5079,Eric Taylor,male,46,banker
5080,Jocelyn Beard,female,24,teacher
5081,Jose Ho,male,20,farmer
5082,Alexandra Thompson,female,56,travel agent
5083,David Williams,male,42,entrepreneur
5084,Kara Davis,female,30,professor
5085,Kyle Davis,male,44,farmer
5086,Angela Moore,female,37,artist
5087,Michael Garza,male,30,retail worker
5088,Lindsay Henderson,female,20,customer service representative
5089,Brittany Barber,female,29,travel agent
5090,Tony Santiago,male,21,technician
5091,Matthew Williams,male,41,banker
5092,Henry Reeves,male,30,nurse
5093,Richard Tyler,male,51,software developer
5094,Maria Thompson,female,46,financial analyst
5095,Stephanie Vazquez,female,14,civil servant
5096,Gary Bennett,male,35,financial analyst
5097,Tara Carpenter,female,59,entrepreneur
5098,Mary Davidson,female,34,shop assistant
5099,Margaret Dyer,female,58,freelancer
5100,Michaela Campbell,female,26,social worker
5101,James Wright,male,25,real estate agent
5102,Logan Johnson,male,40,professor
5103,Justin Garcia,male,36,insurance agent
5104,Vicki Kelly,female,38,banker
5105,Samantha Russell,female,31,warehouse worker
5106,Calvin Shaw,male,37,retired
5107,Rachel Walker,female,34,farmer
5108,Kim Shaw,female,32,human resources officer
5109,Shirley Taylor,female,39,customer service representative
5110,Karen Ewing,female,30,homemaker
5111,Jill Johnston,female,70,retired
5112,Lisa Brown,female,55,pharmacist
5113,Daniel Gallegos,male,25,pharmacist
5114,Nicole Hardy,female,23,financial analyst
5115,Nicole Greene,female,45,technician
5116,Yvette Marks,female,35,sales executive
5117,Brian Lewis,male,22,farmer
5118,Stephanie Peterson,female,10,real estate agent
5119,Amanda DDS,female,57,police officer
5120,Evelyn Greer,female,29,customer service representative
5121,Carol Knox,female,47,technician
5122,Eric Thomas,male,37,teacher
5123,Brent Stewart,male,35,military personnel
5124,Corey Roberts,male,29,police officer
5125,Latoya Morales,female,23,customer service representative
5126,Nicole Washington,female,37,warehouse worker
5127,Paul Barton,male,41,warehouse worker
5128,David Medina,male,59,doctor
5129,Mark Payne,male,26,warehouse worker
5130,Nicholas Cline,male,39,lawyer
5131,Juan Davis,male,31,homemaker
5132,Devin Black,male,66,farmer
5133,Sara DVM,female,50,musician
5134,Travis Gardner,male,32,shop assistant
5135,Kimberly Ballard,female,45,project manager
5136,Vanessa Foster,female,49,pharmacist
5137,Jeremiah Conrad,male,32,musician
5138,Erik Stafford,male,25,lecturer
5139,Gina Green,female,27,engineer
5140,Matthew Rodriguez,male,28,professor
5141,Miranda Frazier,female,28,banker
5142,Melissa Woods,female,58,electrician
5143,Michael James,male,38,banker
5144,Gregory Jones,male,15,teacher
5145,Joshua Wise,male,32,retail worker
5146,Daniel Edwards,male,49,artist
5147,Michael Martinez,male,55,student
5148,David Watson,male,34,marketing specialist
5149,Karla Williams,female,25,mechanic
5150,Matthew Turner,male,34,lawyer
5151,Joseph Carpenter,male,21,farmer
5152,Elaine Bennett,female,30,data scientist
5153,Sean Floyd,male,56,marketing specialist
5154,Justin Graham,male,45,military personnel
5155,Amber Mccormick,female,41,pharmacist
5156,Adrian Gibbs,male,46,farmer
5157,Jessica Diaz,female,76,retired
5158,Gina Stafford,female,45,unemployed
5159,Richard Parker,male,24,sales executive
5160,Daniel Harrington,male,65,professor
5161,Allen Anderson,male,58,teacher
5162,Jacob Lindsey,male,30,doctor
5163,Richard Dickerson,male,51,technician
5164,Jennifer Haynes,female,21,military personnel
5165,Crystal Brown,female,28,doctor
5166,Megan Martin,female,44,travel agent
5167,Jeffrey Keith,male,54,data analyst
5168,Louis Price,male,25,retired
5169,Cassandra Fletcher,female,32,retail worker
5170,Jaime Compton,male,25,unemployed
5171,Tina Ferguson,female,44,administrative officer
5172,Jasmine Brown,female,23,researcher
5173,Veronica Smith,female,32,administrative officer
5174,Jose Foster,male,46,military personnel
5175,William Anderson,male,59,civil servant
5176,Carrie Larson,female,23,graphic designer
5177,Jeremy Floyd,male,46,technician
5178,Rebecca Griffin,female,42,software developer
5179,Jennifer MD,female,63,marketing specialist
5180,Billy Cross,male,35,project manager
5181,Amy Rice,female,48,sales executive
5182,Peter Mendoza,male,25,data scientist
5183,Haley Chapman,female,33,nurse
5184,William Reid,male,24,consultant
5185,Dennis Palmer,male,49,writer
5186,Becky Grant,female,50,social worker
5187,Kathy Johns,female,24,construction worker
5188,Paul Dodson,male,25,musician
5189,Michael Patterson,male,27,architect
5190,Holly Pearson,female,43,sales executive
5191,Brianna Gonzalez,female,12,pharmacist
5192,Ashley Blackburn,female,32,military personnel
5193,Micheal West,male,35,delivery driver
5194,Lisa Doyle,female,35,police officer
5195,Michael PhD,male,28,mechanic
5196,Jeffrey Ayala,male,41,social worker
5197,Patrick Burns,male,25,customer service representative
5198,Sean Peters,male,28,banker
5199,Carolyn Jones,female,25,civil servant
5200,Michelle Pena,female,34,technician
5201,Sarah Lawson,female,25,freelancer
5202,Ricky Perez,male,37,pharmacist
5203,Dave Abbott,male,57,human resources officer
5204,Alexandra Hodge,female,53,project manager
5205,Richard Yang,male,17,consultant
5206,Mike Sanders,male,48,police officer
5207,Donna Stein,female,29,manager
5208,Haley Jackson,female,53,data scientist
5209,Thomas Moses,male,44,pharmacist
5210,Jessica Petersen,female,26,consultant
5211,Joseph Ward,male,17,student
5212,Lance Robinson,male,32,police officer
5213,Nicole Mcbride,female,18,warehouse worker
5214,Daisy Larson,female,23,graphic designer
5215,Jesus Shaw,male,60,retired
5216,Shelly Moss,female,24,travel agent
5217,Laura Coleman,female,30,warehouse worker
5218,Jose Moore,male,26,lecturer
5219,Ernest Jr.,male,41,pharmacist
5220,Denise Cole,female,27,electrician
5221,Nicholas George,male,29,sales executive
5222,Jane King,female,17,farmer
5223,Summer Decker,female,35,mechanic
5224,Kevin Martin,male,47,banker
5225,Laura Garcia,female,27,construction worker
5226,Victoria DDS,female,47,warehouse worker
5227,Robert Acevedo,male,45,software developer
5228,Victoria Holmes,female,31,musician
5229,Anthony Lane,male,47,doctor
5230,Christopher Martinez,male,36,marketing specialist
5231,Adrian Hall,male,34,real estate agent
5232,Alan Holt,male,37,researcher
5233,Jeffrey Wilson,male,28,financial analyst
5234,Jordan Welch,male,55,customer service representative
5235,Kristin Pham,female,44,sales executive
5236,Edward Watson,male,34,nurse
5237,Dylan Lowery,male,42,construction worker
5238,Kristen Mcfarland,female,24,engineer
5239,Martin Miller,male,24,freelancer
5240,Anthony Olson,male,38,military personnel
5241,Paul Chase,male,46,civil servant
5242,Cory Parker,male,44,construction worker
5243,Leah Collier,female,29,consultant
5244,Andrew Gonzalez,male,25,marketing specialist
5245,Alice Conley,female,33,journalist
5246,Catherine Wood,female,36,student
5247,Terri Cisneros,female,17,business owner
5248,Jessica Jones,female,62,accountant
5249,Melissa Graham,female,39,financial analyst
5250,Jennifer Davis,female,24,police officer
5251,Maria Hendricks,female,23,researcher
5252,Brandon Davis,male,25,customer service representative
5253,Willie Walker,male,36,business owner
5254,Rhonda Weaver,female,33,social worker
5255,Lisa Nielsen,female,36,software developer
5256,Patricia Harrison,female,62,consultant
5257,Alexis Mejia,female,25,student
5258,Jeffrey Kelley,male,45,professor
5259,Brenda Ferguson,female,25,human resources officer
5260,Rachel Rice,female,38,journalist
5261,Justin Meyer,male,38,consultant
5262,Bailey Rice,female,39,content creator
5263,Margaret Harrington,female,32,nurse
5264,Amanda Pratt,female,33,content creator
5265,Jack Anthony,male,33,musician
5266,Beth Harding,female,35,human resources officer
5267,Stanley Gallagher,male,75,customer service representative
5268,Samuel Welch,male,35,shop assistant
5269,Ronald Lopez,male,54,human resources officer
5270,William Tran,male,31,software developer
5271,Terri Merritt,female,31,homemaker
5272,Brenda Jones,female,37,artist
5273,George Edwards,male,41,social worker
5274,Julia Bryant,female,57,unemployed
5275,Megan Taylor,female,39,warehouse worker
5276,Lance Bowers,male,57,architect
5277,Megan Davenport,female,51,insurance agent
5278,Douglas Franklin,male,30,government employee
5279,Todd Graham,male,45,banker
5280,Brenda Hahn,female,47,nurse
5281,Laurie Cole,female,45,journalist
5282,Stephen Gentry,male,36,researcher
5283,Nicholas Adams,male,49,farmer
5284,Rodney Reed,male,24,retired
5285,John Conley,male,55,lecturer
5286,Richard Martinez,male,62,manager
5287,Brenda Richard,female,59,teacher
5288,Sandra Page,female,35,sales executive
5289,Nicholas Brown,male,45,business owner
5290,Timothy Roach,male,50,software developer
5291,Tiffany Stevens,female,51,researcher
5292,Chad Abbott,male,45,marketing specialist
5293,Cassandra Martin,female,35,nurse
5294,Erin Griffith,female,47,human resources officer
5295,Abigail Davis,female,35,nurse
5296,Theresa Montoya,female,22,consultant
5297,Michael Love,male,39,researcher
5298,Brandy Barnes,female,34,delivery driver
5299,Taylor Glass,female,33,engineer
5300,Jacqueline Olson,female,33,marketing specialist
5301,Heather Hart,female,39,electrician
5302,Travis Davis,male,47,mechanic
5303,William Bishop,male,35,artist
5304,Stacey Rodriguez,female,55,military personnel
5305,Brandon Lopez,male,26,teacher
5306,Sheryl Manning,female,35,writer
5307,Robert Bauer,male,37,architect
5308,Laura Gonzalez,female,50,nurse
5309,Benjamin Jordan,male,22,electrician
5310,Adrian Krueger,male,34,writer
5311,Michael Travis,male,33,nurse
5312,Kathy Glover,female,53,professor
5313,Erin Carter,female,23,software developer
5314,Brenda Bradley,female,49,marketing specialist
5315,Leslie Berry,female,69,accountant
5316,Jason Anderson,male,43,lawyer
5317,Tyler Miranda,male,35,content creator
5318,Nicholas Chung,male,41,police officer
5319,Kayla Thomas,female,54,delivery driver
5320,Robert Shepherd,male,35,consultant
5321,Stephanie Swanson,female,46,consultant
5322,Deanna Williams,female,52,shop assistant
5323,Justin Bishop,male,39,business owner
5324,Clifford Mcdonald,male,59,civil servant
5325,Tricia Bowers,female,34,manager
5326,Jeffrey Warren,male,42,project manager
5327,Dana Savage,female,31,financial analyst
5328,Kendra Sullivan,female,35,software developer
5329,Cory Kelley,male,29,professor
5330,Whitney DVM,female,25,graphic designer
5331,Kimberly Ponce,female,23,warehouse worker
5332,Crystal Morse,female,19,delivery driver
5333,Lydia Horn,female,72,homemaker
5334,Chad Williams,male,32,musician
5335,Jill Wallace,female,28,doctor
5336,Anthony Ward,male,41,professor
5337,Heather Diaz,female,36,administrative officer
5338,Kirk Fernandez,male,21,student
5339,Ralph Rodriguez,male,20,writer
5340,Michael Cross,male,37,engineer
5341,Kyle Preston,male,30,manager
5342,Angela Garcia,female,34,freelancer
5343,Teresa Davis,female,40,civil servant
5344,Alec IV,male,38,construction worker
5345,Jacob Hall,male,16,electrician
5346,Tara Hale,female,60,artist
5347,Cassandra Smith,female,57,lawyer
5348,Chad Kim,male,38,software developer
5349,Riley Knight,male,39,teacher
5350,Anthony Moore,male,49,accountant
5351,Robin Ellison,female,41,nurse
5352,Clayton Johns,male,36,construction worker
5353,Michael Green,male,63,manager
5354,Tyler Vasquez,male,50,engineer
5355,Michele Richard,female,38,artist
5356,Krista Galvan,female,40,retired
5357,Kevin Diaz,male,46,data analyst
5358,David Potter,male,33,project manager
5359,Alexandra Long,female,40,social worker
5360,Marco Booker,male,29,graphic designer
5361,Alexandria Vaughn,female,23,artist
5362,Aaron Bailey,male,30,musician
5363,Sherry Patterson,female,25,civil servant
5364,Michael Wolf,male,16,business owner
5365,Joshua Sims,male,27,engineer
5366,Tyler Mooney,male,28,architect
5367,Lisa Mcclain,female,31,shop assistant
5368,Heather Wolf,female,41,human resources officer
5369,Jacqueline Bradley,female,45,pharmacist
5370,Heather Jones,female,42,administrative officer
5371,Tracey Hudson,female,33,human resources officer
5372,Maria Sanders,female,31,administrative officer
5373,Suzanne Holloway,female,33,pharmacist
5374,Kimberly Love,female,52,journalist
5375,Mitchell Huber,male,28,lecturer
5376,Tracey Brooks,female,18,business owner
5377,April Henry,female,27,journalist
5378,Sarah Moore,female,40,photographer
5379,Daniel Chen,male,63,business owner
5380,Angel Lewis,female,56,banker
5381,David Nolan,male,52,homemaker
5382,Brian Medina,male,44,entrepreneur
5383,Antonio Lopez,male,30,warehouse worker
5384,Michaela Hernandez,female,53,professor
5385,Elizabeth Chase,female,29,doctor
5386,Omar Johnson,male,32,insurance agent
5387,Steven Fisher,male,25,police officer
5388,Heather Smith,female,39,civil servant
5389,Kimberly Mcintyre,female,39,software developer
5390,Dana Hernandez,female,34,engineer
5391,Brandon Long,male,50,civil servant
5392,Chad Pennington,male,39,customer service representative
5393,Michael Rosario,male,44,farmer
5394,Joyce Webster,female,65,shop assistant
5395,Vicki DVM,female,27,content creator
5396,Anita Watkins,female,63,insurance agent
5397,Jay Jackson,male,52,technician
5398,Troy Allen,male,32,banker
5399,Sonya Salinas,female,23,delivery driver
5400,Brenda Wood,female,35,professor
5401,Billy Murray,male,28,homemaker
5402,Allison Larson,female,29,human resources officer
5403,Jill Davis,female,25,freelancer
5404,Carla Reeves,female,40,retail worker
5405,Christopher Reynolds,male,53,content creator
5406,Brett Pope,male,23,shop assistant
5407,Carolyn Gomez,female,63,government employee
5408,Rachel Boyd,female,49,unemployed
5409,Nathan Parks,male,51,artist
5410,Jeffrey Mejia,male,37,warehouse worker
5411,Daniel Watson,male,23,financial analyst
5412,Angela Chapman,female,52,artist
5413,Nicole Vaughn,female,40,project manager
5414,Michael Davis,male,23,engineer
5415,Amanda Williams,female,34,graphic designer
5416,Gina DDS,female,83,retired
5417,Jaime Bender,female,31,military personnel
5418,Kevin Nolan,male,48,lecturer
5419,Donald Ali,male,24,chef
5420,Amy Davis,female,36,warehouse worker
5421,Christopher Webster,male,33,retail worker
5422,Amy Arnold,female,68,farmer
5423,Joshua Garrett,male,33,warehouse worker
5424,Crystal Bates,female,51,government employee
5425,Darlene Ramirez,female,18,mechanic
5426,Diana Lewis,female,59,doctor
5427,Paul Warren,male,71,data analyst
5428,Jennifer Ashley,female,55,insurance agent
5429,Lindsey Gonzalez,female,41,journalist
5430,Beth Burton,female,25,pharmacist
5431,Teresa Dominguez,female,38,nurse
5432,Bonnie Love,female,37,accountant
5433,Samuel Martinez,male,53,farmer
5434,David Robbins,male,36,lawyer
5435,Ricardo Anderson,male,26,data scientist
5436,George Williams,male,41,lecturer
5437,Craig Fleming,male,60,writer
5438,Gregory Mcguire,male,32,engineer
5439,Ronald Bryant,male,34,government employee
5440,Carlos Jones,male,56,writer
5441,Stephen Jennings,male,29,lawyer
5442,John Gray,male,30,freelancer
5443,Shannon Moore,female,20,construction worker
5444,Joseph Wilson,male,20,doctor
5445,Dennis Wilkinson,male,23,homemaker
5446,Roberto Jones,male,41,electrician
5447,Christopher Bradley,male,37,business owner
5448,Kathryn Richardson,female,24,sales executive
5449,Jacob Randall,male,26,consultant
5450,Susan Stevens,female,43,farmer
5451,Stephanie Reyes,female,26,researcher
5452,Timothy Miller,male,28,engineer
5453,Jennifer Ward,female,41,human resources officer
5454,Donna Hines,female,33,delivery driver
5455,Matthew Alexander,male,51,graphic designer
5456,William Cohen,male,61,delivery driver
5457,Chelsea Walker,female,28,sales executive
5458,Alexa Holland,female,82,retired
5459,Jesse Anderson,male,21,entrepreneur
5460,Chad Macias,male,28,retail worker
5461,Elizabeth Thomas,female,25,photographer
5462,Gwendolyn Pena,female,10,unemployed
5463,Deborah Hernandez,female,33,student
5464,Samuel Fields,male,40,social worker
5465,Kimberly Vasquez,female,36,police officer
5466,Trevor DDS,male,19,mechanic
5467,Charles Allen,male,24,technician
5468,Samantha Miller,female,17,retail worker
5469,Michael Baker,male,36,social worker
5470,Gerald Allen,male,33,content creator
5471,Vincent Hays,male,38,data analyst
5472,William Lopez,male,28,content creator
5473,Anthony Schmidt,male,58,doctor
5474,Dean Harris,male,34,doctor
5475,Robert Allen,male,58,warehouse worker
5476,Sandra Charles,female,27,technician
5477,Jennifer Brooks,female,29,technician
5478,Jacob Owens,male,24,insurance agent
5479,Sydney Elliott,female,49,software developer
5480,Gary Chavez,male,47,software developer
5481,Steven Salinas,male,46,warehouse worker
5482,Raymond Valenzuela,male,36,travel agent
5483,Travis Ward,male,42,software developer
5484,Jacqueline Kennedy,female,24,social worker
5485,Jenna Velazquez,female,43,manager
5486,Jonathan Rivers,male,42,unemployed
5487,Christine Ramirez,female,43,shop assistant
5488,Greg Wood,male,26,customer service representative
5489,Susan Armstrong,female,35,content creator
5490,Timothy Stark,male,41,business owner
5491,Anita Peterson,female,27,human resources officer
5492,Kyle Morris,male,47,architect
5493,Kenneth Sanders,male,46,musician
5494,Christopher Castaneda,male,38,warehouse worker
5495,Jody Pollard,female,33,electrician
5496,Jacob Love,male,30,artist
5497,Deborah DVM,female,20,lecturer
5498,Zachary Mckay,male,47,pharmacist
5499,Lauren Wright,female,28,entrepreneur
5500,Teresa Velasquez,female,35,graphic designer
5501,Eugene Parker,male,26,doctor
5502,Amy Knight,female,21,mechanic
5503,Patricia Perez,female,45,electrician
5504,Albert Ferguson,male,17,government employee
5505,Bryan Bentley,male,26,police officer
5506,Tamara Thomas,female,12,graphic designer
5507,Jacob Dunn,male,25,lecturer
5508,Timothy Campbell,male,30,graphic designer
5509,Heidi Montes,female,55,marketing specialist
5510,Stephanie Hamilton,female,56,police officer
5511,Robert Green,male,27,financial analyst
5512,Marie Shelton,female,22,professor
5513,Jonathan Day,male,35,real estate agent
5514,Matthew Cabrera,male,34,artist
5515,Kendra Hogan,female,70,entrepreneur
5516,Samantha Walker,female,37,administrative officer
5517,Jesse Ray,male,47,teacher
5518,Erica Lopez,female,54,marketing specialist
5519,Ashley Bartlett,female,53,freelancer
5520,Anthony Hines,male,33,social worker
5521,Robin Cervantes,female,48,project manager
5522,Arthur Pennington,male,31,project manager
5523,Mariah Barrett,female,62,entrepreneur
5524,Allison Hernandez,female,48,homemaker
5525,Francisco Bates,male,34,musician
5526,Bryan Johnson,male,45,retired
5527,Tracy Schwartz,female,34,police officer
5528,Thomas Hines,male,39,government employee
5529,Mark Miller,male,56,software developer
5530,Terry Jr.,male,27,unemployed
5531,Heather Moore,female,48,banker
5532,Christopher Le,male,34,data scientist
5533,Cody Barber,male,50,project manager
5534,Richard Cooper,male,24,real estate agent
5535,Tracy Bell,female,32,journalist
5536,Matthew Lewis,male,57,travel agent
5537,Christopher Bowman,male,44,freelancer
5538,Jessica Lyons,female,29,sales executive
5539,Kelly Franklin,female,42,entrepreneur
5540,Jack Wells,male,70,consultant
5541,Stephanie Decker,female,28,content creator
