user_id,name,gender,age,status
1,Alexander Hill,male,65,homemaker
2,Nancy Rhodes,female,25,software developer
3,Angie Henderson,female,53,homemaker
4,Colleen Wagner,female,23,nurse
5,Christina Santos,female,59,entrepreneur
6,Daniel Lawrence,male,31,banker
7,Abigail Shaffer,female,40,manager
8,Gerald Moore,male,28,shop assistant
9,George Davis,male,50,project manager
10,Ryan Munoz,male,53,teacher
11,Monica Herrera,female,61,writer
12,Juan Calderon,male,31,pharmacist
13,Scott Ray,male,24,retail worker
14,Amber Perez,female,46,real estate agent
15,Angela Hall,female,44,delivery driver
16,Donald Reid,male,26,police officer
17,Jacqueline Clark,female,32,architect
18,Taylor Wong,female,53,unemployed
19,Christopher Daniel,male,39,artist
20,James Mayo,male,38,doctor
21,Kristin Cohen,female,60,entrepreneur
22,Patty Perez,female,50,police officer
23,Ethan Adams,male,55,police officer
24,Tommy Walter,male,42,teacher
25,Mary Foster,female,45,insurance agent
26,Judy Baker,female,27,freelancer
27,Justin Baker,male,48,lecturer
28,Stephanie Ross,female,50,photographer
29,Zachary Hicks,male,18,military personnel
30,Amber Rodriguez,female,48,warehouse worker
31,Ricky Henderson,male,56,pharmacist
32,Jane Ferrell,female,46,project manager
33,Tricia Valencia,female,34,content creator
34,Michelle Maldonado,female,41,photographer
35,Debra Davidson,female,38,travel agent
36,Jessica Chavez,female,21,student
37,Shawn Baker,male,64,photographer
38,Cassandra Gaines,female,39,freelancer
39,Edwin Fowler,male,28,warehouse worker
40,Christian Farmer,male,32,lawyer
41,Richard Moreno,male,55,mechanic
42,Erika Smith,female,46,project manager
43,Sherry Decker,female,44,journalist
44,Anthony Humphrey,male,38,lecturer
45,Angelica Tucker,female,40,customer service representative
46,Philip Cannon,male,42,social worker
47,John Pierce,male,32,manager
48,Shane Henderson,male,27,architect
49,Joshua Blair,male,61,chef
50,Eric Carney,male,25,human resources officer
51,Jessica Holmes,female,25,retail worker
52,Danny Morgan,male,58,warehouse worker
53,Crystal Robinson,female,35,journalist
54,Lynn Perez,female,35,military personnel
55,Scott Jones,male,29,data analyst
56,Michael Lewis,male,64,social worker
57,Timothy Duncan,male,26,student
58,Richard Aguirre,male,22,nurse
59,Anne Jordan,female,32,electrician
60,John Daniel,male,36,professor
61,William Garcia,male,62,nurse
62,Gerald Hensley,male,58,civil servant
63,Connor West,male,42,doctor
64,Diana Wright,female,65,freelancer
65,Jessica Callahan,female,38,software developer
66,Amber Kidd,female,37,software developer
67,Wayne House,male,24,police officer
68,Carol Tucker,female,57,doctor
69,Jennifer Brown,female,40,teacher
70,William Baker,male,55,pharmacist
71,Jordan Henderson,female,49,content creator
72,Whitney Peters,female,61,musician
73,Brittney Phillips,female,43,financial analyst
74,Joshua Adkins,male,43,manager
75,Lauren Shaw,female,35,insurance agent
76,Brooke Yu,female,43,homemaker
77,Cody Larson,male,43,military personnel
78,David Wilson,male,28,human resources officer
79,David Wheeler,male,25,human resources officer
80,Jason Silva,male,25,accountant
81,Timothy Harris,male,30,journalist
82,David Foster,male,60,unemployed
83,Elizabeth Stewart,female,42,nurse
84,Angel Ellis,female,29,freelancer
85,Benjamin III,male,59,artist
86,Shirley Suarez,female,25,farmer
87,Brooke Bass,female,54,farmer
88,Lisa Archer,female,65,government employee
89,Aimee Montoya,female,55,manager
90,Matthew Mcmillan,male,20,student
91,Ashley Rodriguez,female,35,accountant
92,Denise Jacobs,female,51,social worker
93,Christina Walters,female,29,unemployed
94,John Whitehead,male,63,pharmacist
95,Anna Henderson,female,35,consultant
96,Aaron Wise,male,62,journalist
97,Deborah Figueroa,female,27,content creator
98,Jessica Smith,female,25,data analyst
99,Sonya Mckee,female,63,architect
100,Sandra Aguilar,female,22,content creator
101,Bethany Parker,female,33,police officer
102,Rebecca Valencia,female,53,administrative officer
103,Christine Wright,female,43,technician
104,Penny Henson,female,38,consultant
105,Lisa Moore,female,62,farmer
106,Sean Cherry,male,29,lecturer
107,Sierra Johnson,female,28,project manager
108,Gary Galvan,male,54,travel agent
109,Sean Cochran,male,48,teacher
110,Rachel Rodriguez,female,33,software developer
111,Scott Walker,male,32,pharmacist
112,Julia Torres,female,47,technician
113,Darren Johnson,male,55,nurse
114,Erin Lin,female,38,consultant
115,Margaret Ross,female,58,lecturer
116,Joshua Jr.,male,27,shop assistant
117,Victor Baker,male,53,electrician
118,Jeffrey Chandler,male,66,doctor
119,Lisa Dixon,female,67,doctor
120,Laura Scott,female,58,architect
121,April Frost,female,43,mechanic
122,Michelle Harmon,female,23,financial analyst
123,Helen Jones,female,38,social worker
124,Gary Edwards,male,68,architect
125,Michelle Evans,female,51,engineer
126,Jason Powell,male,33,data analyst
127,Bethany Fisher,female,63,photographer
128,Megan Orr,female,57,banker
129,Elizabeth Kelley,female,20,entrepreneur
130,Donna Jordan,female,40,real estate agent
131,Matthew Marshall,male,49,researcher
132,Daniel Kennedy,male,30,insurance agent
133,Robert Jackson,male,30,artist
134,Kaylee Schultz,female,65,business owner
135,Robert Potter,male,52,marketing specialist
136,Courtney Gonzalez,female,40,lecturer
137,David Alvarez,male,38,project manager
138,Angel Perry,female,63,retired
139,Cheyenne Horton,female,37,content creator
140,David Douglas,male,25,police officer
141,Paul Carrillo,male,21,unemployed
142,Jessica Thompson,female,40,insurance agent
143,Joseph Williams,male,33,business owner
144,Ryan Bryant,male,62,project manager
145,Michael Travis,male,60,retired
146,Tiffany Vance,female,43,real estate agent
147,Nathan Wagner,male,30,sales executive
148,Kimberly Merritt,female,55,financial analyst
149,John Green,male,40,delivery driver
150,Marcia Cannon,female,24,content creator
151,Lori Hill,female,58,musician
152,Donna Nelson,female,32,financial analyst
153,Joshua Taylor,male,63,consultant
154,Michael Mccarthy,male,55,sales executive
155,Jason Daniels,male,59,researcher
156,Daniel Fisher,male,59,mechanic
157,Lauren Dominguez,female,63,social worker
158,Pamela James,female,35,manager
159,Heather Molina,female,62,manager
160,Tiffany Barnes,female,54,graphic designer
161,Kimberly Morrison,female,59,business owner
162,Daniel Graham,male,55,software developer
163,George Shelton,male,65,professor
164,Christopher Mcdonald,male,44,marketing specialist
165,Marcus Johnson,male,52,mechanic
166,Kristy Johnson,female,51,writer
167,Brandy Murray,female,55,customer service representative
168,James Lewis,male,51,data scientist
169,Philip Gray,male,54,banker
170,Ronnie King,male,63,government employee
171,Alicia Ryan,female,26,teacher
172,Matthew DDS,male,49,consultant
173,Travis Gonzalez,male,61,retired
174,Brittany Martinez,female,64,professor
175,Kristy Robinson,female,24,graphic designer
176,Pamela Jackson,female,50,nurse
177,Nicole Wilson,female,33,data analyst
178,Traci Rodriguez,female,28,lawyer
179,Emily Byrd,female,64,consultant
180,James Espinoza,male,28,graphic designer
181,Melissa Burton,female,52,lawyer
182,Patricia Jefferson,female,55,government employee
183,Barbara Riggs,female,26,lawyer
184,Hannah Patterson,female,48,writer
185,Katie Peterson,female,47,electrician
186,Rodney Garcia,male,34,engineer
187,Sandra Zimmerman,female,30,human resources officer
188,Nicholas Sheppard,male,48,marketing specialist
189,Rhonda Medina,female,40,electrician
190,Jessica Simon,female,39,unemployed
191,Samuel Rivas,male,38,delivery driver
192,Sierra Sanchez,female,47,project manager
193,Leonard Gray,male,20,writer
194,Samuel White,male,54,financial analyst
195,Rebecca Peterson,female,47,accountant
196,Meredith Hill,female,44,doctor
197,Travis Miller,male,58,professor
198,John Chang,male,37,professor
199,Matthew Henry,male,32,human resources officer
200,Brandon Walker,male,28,electrician
201,Eric Perkins,male,64,government employee
202,Kiara Coleman,female,22,administrative officer
203,Gary Warner,male,24,musician
204,Danielle Martinez,female,53,engineer
205,Barbara Herrera,female,84,retired
206,Cathy Robinson,female,57,data scientist
207,Misty Bray,female,45,police officer
208,Diane Garcia,female,28,farmer
209,Darren White,male,27,student
210,Joseph Hill,male,30,content creator
211,Melissa Martinez,female,35,electrician
212,Katherine Salas,female,57,banker
213,Julie Alexander,female,54,homemaker
214,Anthony Everett,male,28,administrative officer
215,Rodney Morales,male,29,project manager
216,Lori Brown,female,41,writer
217,Justin Torres,male,35,entrepreneur
218,Bryan DDS,male,63,musician
219,Darius Mills,male,56,travel agent
220,Jessica Dalton,female,48,writer
221,Eric DDS,male,50,military personnel
222,Travis Clark,male,56,banker
223,Matthew Moore,male,56,researcher
224,Benjamin Smith,male,26,researcher
225,Linda Carter,female,26,delivery driver
226,Michael Warner,male,38,customer service representative
227,Melissa Bradshaw,female,50,engineer
228,Lori Guerrero,female,42,police officer
229,Jeffery Stephens,male,48,lecturer
230,Terry Serrano,male,40,data scientist
231,Carol Parker,female,24,graphic designer
232,Laura Roberts,female,22,journalist
233,Melissa Lyons,female,25,retail worker
234,Jonathan Snyder,male,62,journalist
235,Andrew Reynolds,male,38,police officer
236,Danielle Davis,female,56,project manager
237,Laura Sampson,female,34,doctor
238,Debra PhD,female,59,insurance agent
239,Marisa Moon,female,25,military personnel
240,Kevin Walters,male,29,nurse
241,Anna Bailey,female,39,nurse
242,Meagan Hodge,female,46,journalist
243,Michael Roberts,male,53,police officer
244,Robin Pierce,female,39,banker
245,Emily Morris,female,42,mechanic
246,Jose Travis,male,58,social worker
247,Joshua Gutierrez,male,27,government employee
248,Isaiah Avila,male,45,warehouse worker
249,Olivia Harris,female,62,homemaker
250,Timothy Kim,male,32,business owner
251,Barbara Dudley,female,60,lawyer
252,Cynthia Moore,female,28,government employee
253,Kristen Davis,female,35,mechanic
254,Thomas Jr.,male,43,writer
255,Jonathan Moran,male,46,consultant
256,Denise Davenport,female,33,insurance agent
257,Dana MD,female,42,data scientist
258,Katie Suarez,female,26,photographer
259,Desiree Tyler,female,28,human resources officer
260,Taylor Romero,female,30,data analyst
261,Diane Evans,female,47,graphic designer
262,Yvonne Burns,female,38,artist
263,Joshua Reed,male,19,musician
264,Kimberly Gibson,female,57,writer
265,Colin Terry,male,51,social worker
266,Cynthia Rowe,female,34,construction worker
267,Patrick Thornton,male,36,human resources officer
268,Jasmin Alvarado,female,60,technician
269,Veronica Simpson,female,64,entrepreneur
270,Jonathan Lawrence,male,32,researcher
271,Shelly Alexander,female,35,project manager
272,Joyce Bowen,female,23,financial analyst
273,Wayne Morgan,male,39,artist
274,Marie Christian,female,31,photographer
275,Shannon James,female,43,financial analyst
276,Nathan Malone,male,25,nurse
277,Amanda Jones,female,59,sales executive
278,Thomas Bright,male,61,entrepreneur
279,Jeffrey Garcia,male,62,musician
280,Shelia Wallace,female,42,pharmacist
281,Steven Williams,male,57,technician
282,Elaine Brooks,female,22,farmer
283,Kim Knight,female,59,homemaker
284,Christopher Miller,male,27,warehouse worker
285,Lisa Allen,female,33,writer
286,Briana Murray,female,53,technician
287,David Smith,male,24,financial analyst
288,Stephanie Byrd,female,41,artist
289,Jessica Reed,female,29,financial analyst
290,Margaret Coleman,female,64,chef
291,Sarah Gonzalez,female,43,mechanic
292,John Young,male,50,nurse
293,Laura Haney,female,31,freelancer
294,Vanessa Barrett,female,51,police officer
295,Keith Jennings,male,50,social worker
296,Anthony Obrien,male,27,student
297,Sue Mitchell,female,47,insurance agent
298,Lawrence Gomez,male,49,travel agent
299,Marc Byrd,male,34,government employee
300,Matthew Massey,male,30,content creator
301,Steven Lucas,male,27,consultant
302,Jeremiah Riley,male,38,nurse
303,Ann Phillips,female,33,musician
304,Christopher Anderson,male,30,consultant
305,Wesley Schmidt,male,30,pharmacist
306,Ronald Scott,male,64,pharmacist
307,Karen Drake,female,42,artist
308,Gina Wilson,female,26,marketing specialist
309,Tracy Dalton,female,41,real estate agent
310,Veronica Coffey,female,65,lecturer
311,Holly Gibbs,female,45,unemployed
312,Joshua Gibson,male,54,mechanic
313,Michael Richards,male,59,researcher
314,Todd Rodriguez,male,25,real estate agent
315,Allison Henson,female,49,musician
316,Suzanne Walker,female,55,business owner
317,Rodney Blankenship,male,58,pharmacist
318,Jason Taylor,male,23,military personnel
319,Elizabeth Vasquez,female,54,unemployed
320,Stacy Taylor,female,52,photographer
321,Meagan Paul,female,51,electrician
322,Jason Newton,male,48,professor
323,Jennifer Garcia,female,31,manager
324,Jason Lynn,male,48,police officer
325,Jacqueline Ramos,female,69,retired
326,Savannah Garcia,female,18,shop assistant
327,Kimberly Levine,female,21,homemaker
328,Jennifer Lopez,female,24,human resources officer
329,Ryan Gibson,male,70,business owner
330,Martin Harper,male,43,content creator
331,Richard Sanchez,male,32,delivery driver
332,Kristy Jones,female,31,delivery driver
333,Christine Robinson,female,38,consultant
334,Gary Hernandez,male,61,homemaker
335,Aaron Garrison,male,33,government employee
336,Beverly King,female,47,photographer
337,Matthew Johnson,male,35,administrative officer
338,Rachel Young,female,36,construction worker
339,Carrie Williams,female,59,mechanic
340,Joseph Reese,male,49,military personnel
341,Richard Palmer,male,63,lecturer
342,Jonathan Dougherty,male,40,electrician
343,Richard Camacho,male,40,social worker
344,Judith Maynard,female,83,retired
345,Karen Morales,female,52,project manager
346,John Browning,male,43,military personnel
347,Angela Franklin,female,53,lecturer
348,Denise Schultz,female,26,real estate agent
349,Erika Vang,female,50,real estate agent
350,Jody Jacobs,female,44,artist
351,Michael Farrell,male,65,pharmacist
352,Randy Le,male,35,project manager
353,Jesse Perez,male,33,lecturer
354,Jody Perry,female,39,financial analyst
355,Jessica Ortega,female,30,student
356,Christian Leblanc,male,26,farmer
357,Sandra Davis,female,63,manager
358,Parker Cain,male,21,artist
359,Kevin Hoffman,male,55,retail worker
360,Bryan Gomez,male,39,teacher
361,Nicole Parrish,female,46,police officer
362,Tracy Burke,female,57,engineer
363,Laura Lewis,female,20,warehouse worker
364,Courtney Rodriguez,female,37,data scientist
365,Holly Farmer,female,35,customer service representative
366,Renee Bruce,female,45,human resources officer
367,Louis Day,male,20,construction worker
368,Tanya Gallegos,female,43,technician
369,Catherine Park,female,68,homemaker
370,Gina Smith,female,64,freelancer
371,Keith Morales,male,53,warehouse worker
372,Madeline Johnson,female,45,government employee
373,Cindy Barnes,female,24,administrative officer
374,Jacqueline Griffith,female,53,engineer
375,Keith Miller,male,39,architect
376,Brooke Williamson,female,58,civil servant
377,Dillon Stanley,male,56,teacher
378,Jeremy Nelson,male,41,project manager
379,Ashley Jordan,female,51,chef
380,Meghan Tucker,female,64,civil servant
381,Andrew Foster,male,27,real estate agent
382,Adam Turner,male,64,journalist
383,Breanna Scott,female,61,architect
384,Adam Burgess,male,32,lecturer
385,James Padilla,male,26,civil servant
386,Sandra Drake,female,28,administrative officer
387,Scott Williams,male,36,retail worker
388,Tammy Atkins,female,24,artist
389,Kenneth Mckinney,male,48,electrician
390,Brian Smith,male,33,social worker
391,Robert Montgomery,male,33,software developer
392,Thomas Davis,male,39,lecturer
393,Dana Chapman,female,49,financial analyst
394,Jennifer Collins,female,20,customer service representative
395,Gary Jackson,male,46,freelancer
396,Brian Hicks,male,56,journalist
397,Gregory Luna,male,62,researcher
398,Robin Young,female,33,lawyer
399,Craig Morrison,male,30,chef
400,Matthew Thompson,male,37,freelancer
401,Johnny Webster,male,64,farmer
402,Joann Glass,female,36,unemployed
403,Mark Weber,male,52,banker
404,Mark Hernandez,male,58,mechanic
405,Jessica Turner,female,24,data scientist
406,Amy Romero,female,51,nurse
407,Jodi Brown,female,58,project manager
408,Billy Lin,male,63,unemployed
409,Lisa Hunter,female,28,chef
410,Julian Conner,male,23,sales executive
411,Jerry Pacheco,male,23,government employee
412,Frank Alvarez,male,48,freelancer
413,Amy Garcia,female,27,real estate agent
414,Gwendolyn Klein,female,37,software developer
415,Carrie Wright,female,43,journalist
416,Jeffrey Mills,male,39,military personnel
417,Jake Campbell,male,28,teacher
418,George Harper,male,39,software developer
419,Matthew Jones,male,45,software developer
420,Meghan Mitchell,female,38,teacher
421,Mary Escobar,female,67,consultant
422,Gavin Aguilar,male,47,mechanic
423,Gregory Ponce,male,28,manager
424,Jenna Larson,female,20,student
425,Emily Bennett,female,59,writer
426,Robert Santiago,male,70,musician
427,Parker Jennings,male,46,accountant
428,Matthew Henderson,male,52,graphic designer
429,Jack White,male,28,writer
430,Theresa Tucker,female,35,electrician
431,Chad Jones,male,69,retired
432,Brian Wise,male,48,engineer
433,Sophia Johnson,female,40,consultant
434,Ralph Anderson,male,22,shop assistant
435,Carla Guerra,female,33,electrician
436,Robert Martin,male,33,civil servant
437,Jason Rhodes,male,31,journalist
438,Jill Mitchell,female,41,manager
439,Joann Ferguson,female,28,consultant
440,Robert Harrison,male,27,student
441,Holly Valentine,female,42,pharmacist
442,Julia MD,female,22,sales executive
443,Vincent Montoya,male,44,architect
444,Charles Wright,male,28,artist
445,Shelly Spencer,female,18,freelancer
446,Ryan Rosales,male,51,journalist
447,Pamela Nelson,female,56,engineer
448,Charles Kim,male,60,banker
449,Daniel Hayes,male,25,student
450,Alexander Brown,male,40,data analyst
451,Cynthia Vang,female,23,content creator
452,Alfred Galvan,male,54,researcher
453,Matthew Moody,male,36,customer service representative
454,Donna Gallegos,female,24,shop assistant
455,Charles Thornton,male,52,farmer
456,Aaron Miller,male,56,electrician
457,Sandy Dunn,female,27,travel agent
458,Kelsey Rodriguez,female,31,police officer
459,Eric Williams,male,44,content creator
460,Rebecca Bryant,female,35,retail worker
461,Taylor Carlson,male,24,human resources officer
462,Kaylee Allen,female,29,construction worker
463,Jessica Mendez,female,43,government employee
464,Jennifer Beck,female,38,graphic designer
465,Vanessa Jones,female,48,lawyer
466,Katie Mcneil,female,25,accountant
467,Jeanette Harrison,female,32,real estate agent
468,Veronica King,female,46,banker
469,Rachel Cooper,female,24,data analyst
470,Lori Ingram,female,38,police officer
471,Evelyn Williams,female,36,researcher
472,Robert Thompson,male,44,social worker
473,Julie Dominguez,female,62,homemaker
474,Robert Brown,male,22,homemaker
475,Jimmy Carter,male,64,doctor
476,Curtis Williams,male,24,customer service representative
477,Jose Hays,male,39,social worker
478,Dawn Mullins,female,39,accountant
479,Howard Norman,male,18,student
480,Evelyn Martinez,female,40,photographer
481,Steve Paul,male,64,doctor
482,Jasmine Beltran,female,44,delivery driver
483,Kathleen Glass,female,24,data analyst
484,Robert Acosta,male,41,content creator
485,Lance Short,male,56,travel agent
486,Erica Miller,female,46,insurance agent
487,Eric Morrison,male,26,technician
488,Melissa Bell,female,69,lawyer
489,Sergio Gomez,male,42,unemployed
490,William Jr.,male,26,business owner
491,Heidi Owen,female,26,mechanic
492,Tiffany Thomas,female,28,civil servant
493,Richard Johnson,male,52,data scientist
494,Richard Diaz,male,32,project manager
495,Keith Jacobs,male,26,writer
496,Travis Watson,male,24,musician
497,Kenneth Moreno,male,38,software developer
498,Matthew Wright,male,18,construction worker
499,Noah Porter,male,51,banker
500,Kristina Green,female,32,government employee
501,Jeremy Davies,male,59,accountant
502,Thomas Henry,male,27,travel agent
503,Samuel Hayes,male,45,social worker
504,Jeremy Miller,male,59,teacher
505,Ryan Flores,male,58,technician
506,Austin Daniels,male,30,manager
507,Samuel Joseph,male,36,shop assistant
508,Marcia Leon,female,52,lecturer
509,Bryan Harris,male,33,electrician
510,Rachel Johnson,female,24,construction worker
511,Jacob Lara,male,51,administrative officer
512,Lisa Miller,female,63,project manager
513,Yvonne Higgins,female,37,military personnel
514,Randy Morrow,male,32,content creator
515,Valerie Day,female,55,administrative officer
516,Melanie Cooper,female,42,lawyer
517,Richard Bowman,male,58,government employee
518,Tracy Reynolds,female,46,data scientist
519,Anthony Martinez,male,22,chef
520,Christopher Morris,male,37,data analyst
521,Hannah Everett,female,27,warehouse worker
522,Ryan King,male,56,teacher
523,Juan Martinez,male,22,graphic designer
524,Joseph Shaw,male,35,consultant
525,Todd Moore,male,55,journalist
526,Michelle Jacobs,female,54,consultant
527,Kristy Bryan,female,37,business owner
528,Amber May,female,51,insurance agent
529,Marilyn Wang,female,62,consultant
530,Margaret Jimenez,female,51,unemployed
531,Donna Frye,female,54,business owner
532,Regina Cohen,female,55,lawyer
533,Benjamin Brown,male,23,software developer
534,Kari Harris,female,50,photographer
535,Erik Higgins,male,38,musician
536,Scott Hester,male,50,data scientist
537,Jacqueline Hoffman,female,34,business owner
538,John Adams,male,25,sales executive
539,Anne Roberts,female,56,photographer
540,Lisa Wright,female,62,musician
541,Caitlin Murphy,female,23,homemaker
542,Erik Hines,male,50,banker
543,Kayla Jimenez,female,48,doctor
544,Allison Landry,female,27,shop assistant
545,Tracy Lewis,female,57,construction worker
546,Anthony Simpson,male,35,banker
547,Martha Ruiz,female,42,police officer
548,Ryan Jordan,male,33,real estate agent
549,Nicholas Gallagher,male,53,entrepreneur
550,Jennifer Hudson,female,44,shop assistant
551,Kristen Jones,female,63,retired
552,Phillip Ramirez,male,43,lawyer
553,Melanie DVM,female,57,human resources officer
554,Robert Morgan,male,28,financial analyst
555,Paul Gonzalez,male,56,entrepreneur
556,Kathryn Williams,female,25,travel agent
557,Gary Wells,male,50,civil servant
558,Lisa Robertson,female,46,business owner
559,Louis Martin,male,48,content creator
560,Patrick MD,male,23,entrepreneur
561,Kim Erickson,female,55,mechanic
562,Robyn Richardson,female,29,financial analyst
563,Veronica Silva,female,53,writer
564,Nicholas Watts,male,37,graphic designer
565,Karen Coffey,female,41,lecturer
566,Paula Lane,female,33,accountant
567,Kevin Jackson,male,64,social worker
568,Manuel Randall,male,36,writer
569,Michael Johnson,male,23,financial analyst
570,Christian Vaughn,male,34,entrepreneur
571,Patricia Knapp,female,24,sales executive
572,Noah Brown,male,65,pharmacist
573,Christine Nguyen,female,47,pharmacist
574,Joseph Edwards,male,38,retail worker
575,Thomas Peterson,male,48,architect
576,Raymond Le,male,35,graphic designer
577,Melissa Bishop,female,31,delivery driver
578,David Grant,male,53,writer
579,William Evans,male,39,sales executive
580,Christine Bush,female,25,pharmacist
581,Hannah Peck,female,48,pharmacist
582,Denise Martinez,female,43,police officer
583,James Baird,male,45,social worker
584,Tina Ballard,female,36,teacher
585,Dwayne Klein,male,34,manager
586,Jessica Scott,female,19,unemployed
587,Dale Ryan,male,44,social worker
588,Michael Taylor,male,65,social worker
589,Kevin Sanchez,male,67,farmer
590,Kiara Little,female,68,writer
591,Jennifer Love,female,32,military personnel
592,Patricia Smith,female,45,banker
593,Timothy Russell,male,30,musician
594,Sherry Woods,female,48,researcher
595,Tracey Morris,female,36,banker
596,Susan Davis,female,42,pharmacist
597,Joseph Sharp,male,50,business owner
598,Susan Thompson,female,26,data scientist
599,Christopher Gillespie,male,63,artist
600,Kathleen DVM,female,47,project manager
601,Sherri Smith,female,40,electrician
602,Ashley Bird,female,42,human resources officer
603,Virginia Daniels,female,61,professor
604,Teresa Rosales,female,27,insurance agent
605,Cheryl Rodriguez,female,33,content creator
606,Jimmy Scott,male,41,social worker
607,Norman Gibbs,male,65,project manager
608,Nicole Thompson,female,55,project manager
609,Steven Wilcox,male,38,travel agent
610,Brandon Caldwell,male,61,writer
611,Charles Morris,male,39,software developer
612,Dean Young,male,22,travel agent
613,Tiffany Turner,female,29,real estate agent
614,Alexandra Valdez,female,29,doctor
615,Amy Wilson,female,35,doctor
616,Jared Shaw,male,34,administrative officer
617,Michele Collins,female,54,musician
618,Sydney Phillips,female,70,farmer
619,Daniel Anderson,male,55,military personnel
620,Nicole Obrien,female,39,doctor
621,Kirsten Ruiz,female,62,insurance agent
622,Mary Robinson,female,59,photographer
623,Paul Marks,male,51,administrative officer
624,Jillian Padilla,female,42,professor
625,Kristy Brown,female,61,insurance agent
626,Jonathan Armstrong,male,41,human resources officer
627,Garrett Meyer,male,39,freelancer
628,Christine Aguilar,female,28,police officer
629,Jordan Stokes,male,52,government employee
630,Jose Bryant,male,22,military personnel
631,Julia Roman,female,19,student
632,James Velasquez,male,43,business owner
633,Kenneth Williams,male,48,technician
634,Arthur Mcknight,male,62,social worker
635,Benjamin Peck,male,50,data scientist
636,Jennifer Mack,female,26,photographer
637,William Brewer,male,38,manager
638,Wendy Reyes,female,42,travel agent
639,Susan Bennett,female,49,financial analyst
640,Matthew Ryan,male,37,insurance agent
641,Gregory White,male,44,travel agent
642,Joseph Luna,male,24,police officer
643,April Johnson,female,41,business owner
644,Michael Stephens,male,51,journalist
645,Rodney Wright,male,22,administrative officer
646,Donald Pineda,male,35,military personnel
647,Ashley Pacheco,female,48,lecturer
648,Ralph Stephenson,male,50,human resources officer
649,Christine Garcia,female,28,sales executive
650,Kyle Warner,male,29,insurance agent
651,Patrick Morales,male,22,journalist
652,Claudia Shields,female,72,retired
653,Kathy Roberts,female,38,graphic designer
654,Monique Flores,female,26,customer service representative
655,Megan Flores,female,37,human resources officer
656,Briana Keller,female,65,photographer
657,Eric Brown,male,49,software developer
658,Shawn Buck,male,45,manager
659,Jeffery Simpson,male,36,construction worker
660,Michael Floyd,male,30,accountant
661,Jason Hernandez,male,45,chef
662,Paul Wells,male,32,accountant
663,Elizabeth Zimmerman,female,66,real estate agent
664,Thomas Hart,male,21,delivery driver
665,Cesar Sanchez,male,56,nurse
666,Maria Nielsen,female,51,insurance agent
667,Brandon Hardy,male,50,administrative officer
668,Derrick Nunez,male,42,content creator
669,Shane Lopez,male,43,mechanic
670,Nathaniel Hansen,male,61,accountant
671,Sean Cook,male,49,journalist
672,Adrian Giles,male,33,data analyst
673,Zachary Mendoza,male,47,electrician
674,Lindsey Harris,female,54,retail worker
675,Kristen Rowe,female,54,delivery driver
676,Joseph Howard,male,57,accountant
677,Jose Crawford,male,68,professor
678,Vicki Harrison,female,25,graphic designer
679,Thomas Wood,male,49,musician
680,Kristine Walker,female,30,researcher
681,Dean Donovan,male,56,farmer
682,Jennifer Hernandez,female,65,lawyer
683,Jamie Whitaker,female,38,administrative officer
684,Matthew Cohen,male,29,lawyer
685,Samantha Levy,female,29,chef
686,John Jackson,male,38,technician
687,Christopher Cortez,male,38,police officer
688,Thomas Weaver,male,49,data scientist
689,Amy Johnson,female,32,insurance agent
690,Theresa Barnett,female,52,lecturer
691,Jason Kirby,male,57,warehouse worker
692,Michael Smith,male,61,consultant
693,Jake Williamson,male,40,administrative officer
694,Luis Webb,male,32,researcher
695,Aaron Arnold,male,47,lawyer
696,Kendra Hill,female,37,financial analyst
697,Alan DDS,male,59,musician
698,Theodore Rodriguez,male,43,data analyst
699,Chase Lee,male,52,social worker
700,Robin Adams,female,62,architect
701,Jake Sullivan,male,49,government employee
702,Wanda Perez,female,37,journalist
703,Ryan Valdez,male,61,accountant
704,Peter Davis,male,59,civil servant
705,Juan Brown,male,54,unemployed
706,Christopher Porter,male,19,retail worker
707,Richard Knight,male,22,customer service representative
708,Brandon Rice,male,24,entrepreneur
709,Daniel Parrish,male,32,social worker
710,John Williams,male,43,retail worker
711,Timothy Lam,male,26,student
712,Andrew Mcfarland,male,41,military personnel
713,Tonya Matthews,female,31,business owner
714,Micheal Sanders,male,22,software developer
715,Christopher Allen,male,53,nurse
716,Jasmine Mosley,female,47,business owner
717,Nicole Taylor,female,48,engineer
718,Misty DVM,female,37,artist
719,Jeffrey Roberson,male,74,retired
720,Randy Friedman,male,24,unemployed
721,Patricia Johnson,female,55,financial analyst
722,Wendy Henry,female,62,government employee
723,Teresa Reynolds,female,31,journalist
724,Mary Miller,female,61,nurse
725,Rebecca Marquez,female,29,customer service representative
726,Brittany Dawson,female,61,accountant
727,Patrick Stewart,male,25,pharmacist
728,Abigail Parker,female,44,human resources officer
729,Debra Anderson,female,27,construction worker
730,Jerry Peters,male,46,warehouse worker
731,Allison Gomez,female,37,sales executive
732,Kyle Nguyen,male,52,writer
733,Edgar Hughes,male,68,writer
734,Steven Stein,male,46,lecturer
735,Kenneth MD,male,47,lecturer
736,Elizabeth Snyder,female,66,architect
737,Jeffrey Fisher,male,32,government employee
738,Billy King,male,44,warehouse worker
739,Lori Wheeler,female,59,banker
740,Ashley Torres,female,48,construction worker
741,Evelyn Oliver,female,39,musician
742,Erin Cook,female,43,journalist
743,Scott Mccann,male,23,student
744,Erica Valentine,female,31,warehouse worker
745,Emily Oconnell,female,34,data scientist
746,Melissa Henry,female,42,nurse
747,David Bennett,male,33,graphic designer
748,James Wilson,male,28,accountant
749,Leslie Gardner,female,36,professor
750,Krista Benton,female,20,delivery driver
751,Michael Gonzales,male,54,entrepreneur
752,Michael Fuentes,male,72,artist
753,Jason Porter,male,49,manager
754,Dana Hopkins,female,35,travel agent
755,Richard Jones,male,23,social worker
756,Karen DDS,female,47,homemaker
757,Ian Woodard,male,35,retail worker
758,Mark Miller,male,52,warehouse worker
759,Mary Kelly,female,40,lecturer
760,Andrew Terrell,male,47,freelancer
761,James Goodwin,male,21,student
762,Alexandra Green,female,52,military personnel
763,Joseph Carpenter,male,23,artist
764,Jill Myers,female,31,insurance agent
765,Kevin Mason,male,40,lecturer
766,Allison Garcia,female,36,retail worker
767,Tonya Wilson,female,53,writer
768,Brenda Collins,female,33,project manager
769,Christine Webb,female,50,marketing specialist
770,Jeffrey Horton,male,55,data analyst
771,Eric Patrick,male,73,artist
772,Samuel Wong,male,67,doctor
773,Carly Riggs,female,39,warehouse worker
774,Carrie Moore,female,59,artist
775,Tina Hall,female,47,lecturer
776,Cathy Davidson,female,46,project manager
777,Allen Mendez,male,34,lecturer
778,Leslie Price,female,50,accountant
779,Christine Goodwin,female,50,writer
780,Arthur Garcia,male,46,artist
781,Chelsea Nguyen,female,36,architect
782,Deborah Huffman,female,30,accountant
783,Mark Harper,male,62,civil servant
784,Kevin Bailey,male,35,lecturer
785,Lisa Cervantes,female,45,homemaker
786,Elizabeth Mendez,female,37,technician
787,Brandi Wilson,female,33,farmer
788,Catherine Steele,female,58,business owner
789,Jennifer Taylor,female,30,electrician
790,Charlene Reid,female,24,delivery driver
791,Matthew Cooke,male,77,retired
792,John Taylor,male,30,data scientist
793,Joanne Brown,female,51,professor
794,Adam Taylor,male,35,lawyer
795,Victor Wagner,male,57,professor
796,Melinda Perry,female,42,professor
797,Katherine Miller,female,44,accountant
798,Paige Carter,female,65,retired
799,Kimberly Jackson,female,39,chef
800,Natalie Cannon,female,49,nurse
801,Brian Wilson,male,50,accountant
802,Rodney Richardson,male,49,data scientist
803,Andrew Ball,male,58,nurse
804,Paul Evans,male,55,lecturer
805,Hannah MD,female,29,customer service representative
806,Patricia PhD,female,46,manager
807,Heather Page,female,42,retail worker
808,Carol Taylor,female,68,consultant
809,Daniel Brown,male,56,sales executive
810,Douglas Ryan,male,53,manager
811,Scott Duke,male,31,teacher
812,Anna Estes,female,27,data analyst
813,Tamara Riddle,female,57,researcher
814,Cameron Cline,male,51,musician
815,Michelle Poole,female,26,data analyst
816,Megan Burns,female,18,student
817,Debra Perry,female,35,customer service representative
818,Mark Beard,male,31,unemployed
819,Jose Ramirez,male,43,social worker
820,Jackie Clements,female,63,musician
821,April Schroeder,female,39,researcher
822,Monica Ellis,female,65,retired
823,Hunter Brown,male,62,artist
824,Daniel Jordan,male,36,unemployed
825,Debra Clayton,female,42,researcher
826,Laura Knight,female,57,travel agent
827,Gregg Fleming,male,59,civil servant
828,Brett Bowers,male,46,accountant
829,Becky Mathews,female,42,business owner
830,April Rubio,female,21,construction worker
831,Melissa Anderson,female,40,researcher
832,Christopher Cantu,male,29,graphic designer
833,Steven Martin,male,60,researcher
834,Eric Lyons,male,63,homemaker
835,Matthew Padilla,male,53,graphic designer
836,Karen Anderson,female,47,business owner
837,Robert Mcneil,male,36,accountant
838,Carlos Jones,male,59,photographer
839,Nicholas Garcia,male,19,student
840,Stanley Taylor,male,46,graphic designer
841,Paul Anderson,male,50,journalist
842,Brenda MD,female,37,manager
843,Jessica Bowen,female,23,data analyst
844,Christian Jenkins,male,51,construction worker
845,Scott Miller,male,46,retail worker
846,Nicole Lawrence,female,27,journalist
847,Victor Edwards,male,44,consultant
848,Donald Miller,male,65,chef
849,Kyle Lawson,male,46,real estate agent
850,Michael Abbott,male,24,delivery driver
851,Eric Holmes,male,40,teacher
852,Nicole Phillips,female,36,human resources officer
853,Steven Blevins,male,45,police officer
854,Brian Porter,male,29,nurse
855,Joseph Levine,male,34,chef
856,Timothy PhD,male,34,artist
857,Holly Vega,female,45,journalist
858,Tiffany Townsend,female,54,human resources officer
859,Andrea Baker,female,32,social worker
860,Amy Mccormick,female,30,data analyst
861,Mark Mason,male,31,retail worker
862,Mia Miller,female,59,engineer
863,Luis Ramirez,male,46,teacher
864,Kayla Harris,female,41,chef
865,Kimberly Myers,female,32,sales executive
866,Sandra Becker,female,26,researcher
867,Michael Blair,male,35,accountant
868,Amy Miller,female,19,shop assistant
869,Jesse Lynch,male,60,freelancer
870,Patrick Yang,male,39,doctor
871,Michelle Miles,female,52,sales executive
872,Troy Mills,male,62,journalist
873,Nathan Jackson,male,43,construction worker
874,Priscilla Adams,female,55,customer service representative
875,Denise Brown,female,43,banker
876,Laura Jones,female,34,nurse
877,Heather Porter,female,36,musician
878,Holly Scott,female,58,consultant
879,Kenneth Sharp,male,47,administrative officer
880,Katie Williams,female,45,technician
881,Dana Ruiz,female,42,business owner
882,Chris Velazquez,male,58,manager
883,Juan Sloan,male,46,doctor
884,Jason Morris,male,28,lawyer
885,Nathan Nelson,male,33,engineer
886,Jake Shaw,male,56,data scientist
887,Cassie Brock,female,25,administrative officer
888,Troy MD,male,30,construction worker
889,Ryan Murphy,male,58,travel agent
890,Aimee Gonzalez,female,53,delivery driver
891,Elizabeth Dean,female,29,sales executive
892,Kevin Snyder,male,34,police officer
893,Craig Mccullough,male,30,data scientist
894,David Reed,male,30,government employee
895,Shawn Tapia,male,20,chef
896,Matthew Sweeney,male,58,construction worker
897,Brian Moreno,male,45,nurse
898,Johnathan Brown,male,59,technician
899,Anna DVM,female,38,data scientist
900,Mercedes Watson,female,39,human resources officer
901,Anna Anderson,female,57,manager
902,Angela Bradley,female,38,mechanic
903,Tracey Young,female,23,accountant
904,Ethan Owen,male,49,project manager
905,Nancy Stewart,female,40,social worker
906,Angela Harris,female,33,lecturer
907,Kevin Moore,male,30,student
908,Julie Russell,female,31,artist
909,Vincent Clark,male,44,marketing specialist
910,Derek Wilson,male,24,data analyst
911,Melissa Mckenzie,female,23,content creator
912,Amanda Huff,female,30,student
913,Anna Wright,female,28,content creator
914,Kayla Byrd,female,50,freelancer
915,Wanda Johnson,female,43,graphic designer
916,Jodi Adkins,female,32,manager
917,Julia Lara,female,28,delivery driver
918,Alexandra Greer,female,29,administrative officer
919,Bianca MD,female,27,researcher
920,Matthew Aguilar,male,64,freelancer
921,Robert Johnson,male,54,doctor
922,Stephanie Ramos,female,82,retired
923,Susan Calderon,female,49,lawyer
924,Andrew Murray,male,26,warehouse worker
925,Kenneth Underwood,male,48,travel agent
926,Alyssa Vega,female,55,real estate agent
927,Daniel Lopez,male,64,homemaker
928,Stephen Johnson,male,61,civil servant
929,Danielle Phillips,female,41,administrative officer
930,Krista Brown,female,25,entrepreneur
931,Chad Gonzalez,male,31,data analyst
932,Kelly Mccoy,female,44,journalist
933,Rebecca Mayo,female,44,police officer
934,Heather Stephens,female,52,insurance agent
935,Susan Shaw,female,28,real estate agent
936,Catherine Flores,female,35,engineer
937,Stephanie Osborne,female,30,construction worker
938,Wendy Moreno,female,73,retired
939,Yvonne Dickson,female,28,mechanic
940,Mary Adams,female,50,mechanic
941,Sylvia Brown,female,61,civil servant
942,Ryan MD,male,62,nurse
943,Sarah Thompson,female,49,data scientist
944,Robert Wolfe,male,49,police officer
945,Alfred Haynes,male,38,entrepreneur
946,Justin Hart,male,42,manager
947,Victoria Keith,female,58,teacher
948,Eric Henry,male,34,police officer
949,April Hardin,female,41,customer service representative
950,Bianca Love,female,35,banker
951,Ryan Morris,male,62,lecturer
952,Kevin Stark,male,59,musician
953,Ryan Valencia,male,36,government employee
954,Tom Foster,male,30,student
955,Eric Taylor,male,54,military personnel
956,Tiffany Conner,female,36,data analyst
957,Christopher Novak,male,41,professor
958,Timothy Buchanan,male,33,travel agent
959,Leah Thompson,female,45,government employee
960,Tiffany Fry,female,30,civil servant
961,Wendy Sanford,female,38,manager
962,Lance Mccall,male,55,banker
963,Krystal Zuniga,female,56,farmer
964,Patrick Young,male,54,software developer
965,Carol MD,female,37,banker
966,Margaret Tanner,female,37,retail worker
967,Derek Wright,male,50,business owner
968,Dawn Rodriguez,female,22,customer service representative
969,James Oconnor,male,52,chef
970,Johnny Gray,male,38,construction worker
971,Ashley Mendoza,female,41,banker
972,Matthew Mcdaniel,male,25,human resources officer
973,Benjamin Singleton,male,60,unemployed
974,Emma Lynn,female,39,sales executive
975,Carolyn Bennett,female,32,farmer
976,Kimberly Villanueva,female,24,musician
977,Kirk Austin,male,38,content creator
978,Amanda Dunlap,female,33,lecturer
979,Steve Moore,male,44,consultant
980,Christine Lee,female,59,farmer
981,Miranda Blair,female,22,nurse
982,Diane Young,female,29,marketing specialist
983,Kenneth Larsen,male,52,accountant
984,Isaac Patterson,male,36,consultant
985,Matthew Greene,male,25,real estate agent
986,Allison Jackson,female,27,researcher
987,Angela Anthony,female,52,lecturer
988,Jennifer Burns,female,43,graphic designer
989,Anna Stephens,female,52,shop assistant
990,Stacey Wood,female,47,homemaker
991,Deborah Marshall,female,49,financial analyst
992,Debra Brown,female,60,lawyer
993,Michael Miller,male,30,photographer
994,Kimberly Arellano,female,26,teacher
995,Kristen Randall,female,47,farmer
996,Jason Nichols,male,53,mechanic
997,John Keith,male,58,sales executive
998,Angela Orr,female,52,pharmacist
999,Kathryn Lester,female,18,delivery driver
1000,Michael Oliver,male,47,shop assistant
1001,Peter Thompson,male,25,engineer
1002,William Graham,male,30,unemployed
1003,Sandra DVM,female,54,data scientist
1004,Andrea Hughes,female,43,teacher
1005,Gabriel Hill,male,30,construction worker
1006,Shelley Buchanan,female,63,writer
1007,Joseph Barnes,male,28,data analyst
1008,Brittany Matthews,female,36,sales executive
1009,Todd Buckley,male,49,real estate agent
1010,Brian Mitchell,male,63,business owner
1011,Gregg Jenkins,male,31,social worker
1012,Karla Lynch,female,54,travel agent
1013,Desiree Thomas,female,57,writer
1014,Michael Williams,male,57,homemaker
1015,Erin Young,female,68,business owner
1016,Tammie Prince,female,59,construction worker
1017,Robert Turner,male,47,freelancer
1018,John Horton,male,59,homemaker
1019,Sheila Taylor,female,26,lawyer
1020,Roger Adams,male,44,banker
1021,Maria Lopez,female,23,warehouse worker
1022,Samantha Figueroa,female,27,retail worker
1023,Sharon Nicholson,female,36,customer service representative
1024,Christopher Collins,male,38,pharmacist
1025,Chad York,male,25,chef
1026,Allen Lee,male,27,marketing specialist
1027,Russell Wright,male,67,lawyer
1028,Tamara Bush,female,46,business owner
1029,Samantha Wagner,female,48,warehouse worker
1030,Becky Johnson,female,41,shop assistant
1031,Kirk Thompson,male,62,writer
1032,Steven Curry,male,24,police officer
1033,Dustin Hughes,male,49,delivery driver
1034,Laura Hanna,female,38,lawyer
1035,Matthew Byrd,male,24,marketing specialist
1036,Jason Smith,male,42,human resources officer
1037,Randall Smith,male,28,data analyst
1038,Matthew Burke,male,64,retired
1039,Dawn Trujillo,female,23,writer
1040,Tracy Day,female,50,artist
1041,Jamie Bailey,female,37,nurse
1042,Julie Byrd,female,66,artist
1043,James Garcia,male,47,social worker
1044,Mary Bridges,female,27,social worker
1045,Maria Lynch,female,40,journalist
1046,Ashley Brown,female,29,sales executive
1047,Margaret MD,female,38,writer
1048,Stephanie Evans,female,45,mechanic
1049,Ralph Yoder,male,48,shop assistant
1050,Rebekah Greene,female,50,administrative officer
1051,Michael Griffith,male,60,insurance agent
1052,Zachary Green,male,49,consultant
1053,Jasmine Johnson,female,60,teacher
1054,Kenneth Lee,male,46,consultant
1055,Courtney Nichols,female,51,military personnel
1056,Terry Powers,male,41,homemaker
1057,Sarah Pittman,female,51,teacher
1058,Catherine Davis,female,61,accountant
1059,Deanna Stokes,female,46,project manager
1060,Catherine Frazier,female,28,lecturer
1061,Brandon Kelly,male,38,data scientist
1062,Elizabeth French,female,55,graphic designer
1063,David Carter,male,41,musician
1064,John Delacruz,male,37,insurance agent
1065,Terry Jones,female,57,real estate agent
1066,Jonathan Dillon,male,24,police officer
1067,Edwin Brown,male,41,lecturer
1068,Keith Knox,male,49,journalist
1069,Eugene Baldwin,male,23,delivery driver
1070,Katherine Welch,female,33,retail worker
1071,Mark Smith,male,51,social worker
1072,Paige Jackson,female,42,nurse
1073,Katherine Gallagher,female,40,military personnel
1074,Lucas Schultz,male,31,content creator
1075,Traci Reyes,female,45,content creator
1076,Christina Watson,female,42,administrative officer
1077,Frank Whitaker,male,25,financial analyst
1078,Michael Sims,male,42,professor
1079,Michael Cooper,male,60,researcher
1080,Janet Chapman,female,49,construction worker
1081,Rodney Evans,male,39,freelancer
1082,Nicholas Carlson,male,58,business owner
1083,Stephen Cowan,male,20,student
1084,Steven Howard,male,50,journalist
1085,Travis Hull,male,43,farmer
1086,Darryl Acosta,male,36,artist
1087,Morgan Lawrence,female,28,warehouse worker
1088,Holly Santos,female,50,marketing specialist
1089,Sherri Scott,female,23,chef
1090,Amber Vang,female,37,journalist
1091,Martha Smith,female,36,retail worker
1092,Jason James,male,52,photographer
1093,Kara Hernandez,female,33,insurance agent
1094,Lorraine Turner,female,54,government employee
1095,Matthew Nelson,male,23,software developer
1096,Chad Rivas,male,41,farmer
1097,Michelle Wilson,female,38,police officer
1098,Brian Gonzalez,male,51,sales executive
1099,Deborah Mills,female,59,social worker
1100,Michael Phillips,male,68,artist
1101,Kathleen Clark,female,21,artist
1102,Gary Smith,male,35,project manager
1103,Susan Conley,female,38,writer
1104,Chase Davis,male,40,sales executive
1105,Nathaniel Garcia,male,20,shop assistant
1106,Crystal Hinton,female,37,graphic designer
1107,John Garcia,male,27,sales executive
1108,Andrew Roberts,male,36,content creator
1109,Erik Rodgers,male,36,data scientist
1110,Olivia Williams,female,41,software developer
1111,Mary Jackson,female,42,content creator
1112,Jeffrey Howell,male,79,retired
1113,Anna Briggs,female,32,entrepreneur
1114,Jennifer Rivers,female,61,unemployed
1115,James Jefferson,male,36,police officer
1116,Mariah Robles,female,63,travel agent
1117,Michael Brown,male,47,artist
1118,Christopher Perry,male,65,farmer
1119,Rebekah Gregory,female,57,sales executive
1120,Jamie Howard,female,25,journalist
1121,Michael Roberson,male,50,lecturer
1122,Thomas Rodriguez,male,42,pharmacist
1123,Amber Green,female,37,architect
1124,Michael Gregory,male,49,graphic designer
1125,Laura Cunningham,female,51,doctor
1126,Michael MD,male,24,nurse
1127,Anna Stanley,female,52,graphic designer
1128,Haley Rhodes,female,47,shop assistant
1129,Sara Grant,female,47,teacher
1130,Amy MD,female,56,construction worker
1131,Sarah Booth,female,53,construction worker
1132,Katherine Allen,female,36,marketing specialist
1133,Courtney Schneider,female,45,shop assistant
1134,David Stevens,male,28,civil servant
1135,Joan Gates,female,58,mechanic
1136,Bryan Jimenez,male,23,student
1137,Ashley Gutierrez,female,54,data analyst
1138,Aaron Davis,male,64,travel agent
1139,Manuel Torres,male,34,manager
1140,Christine Powers,female,32,electrician
1141,Heidi Brown,female,61,civil servant
1142,Jesse Castro,male,42,freelancer
1143,John Sandoval,male,18,retail worker
1144,Brian Malone,male,35,homemaker
1145,Glenn Gallegos,male,61,musician
1146,Joseph Park,male,40,teacher
1147,Carly Taylor,female,39,pharmacist
1148,Nathan Rodriguez,male,59,journalist
1149,Cody Conrad,male,25,banker
1150,Jim Harrington,male,39,doctor
1151,Ashley Perry,female,41,writer
1152,Sara Chapman,female,31,social worker
1153,Jerry Barrett,male,50,homemaker
1154,Brandy Porter,female,30,civil servant
1155,Amber Mcconnell,female,65,researcher
1156,John Romero,male,42,nurse
1157,Christopher Lane,male,31,shop assistant
1158,Betty Hughes,female,45,teacher
1159,Sonya Gordon,female,47,government employee
1160,Veronica Moon,female,29,civil servant
1161,Donald Stuart,male,31,sales executive
1162,Casey Gutierrez,male,51,homemaker
1163,Scott Joseph,male,56,professor
1164,Mark Harris,male,24,administrative officer
1165,Dylan Reed,male,43,social worker
1166,Vicki Santos,female,38,data scientist
1167,Jonathan Benson,male,25,architect
1168,Ashley Bell,female,51,photographer
1169,Laura Contreras,female,53,chef
1170,Paul Skinner,male,27,marketing specialist
1171,Ryan Stokes,male,23,government employee
1172,Alexander Thomas,male,34,writer
1173,Christina Christensen,female,34,marketing specialist
1174,Dustin King,male,53,data scientist
1175,Andrew Cervantes,male,29,doctor
1176,Sean Stevenson,male,28,homemaker
1177,Natalie Hoffman,female,58,administrative officer
1178,Rachel Lindsey,female,53,data analyst
1179,Mary House,female,55,technician
1180,Tina Daugherty,female,57,social worker
1181,Kristen Smith,female,44,government employee
1182,Marc Norman,male,35,homemaker
1183,Ronald Pruitt,male,40,photographer
1184,Maria Fischer,female,67,retired
1185,Larry Parsons,male,64,pharmacist
1186,Christopher Fleming,male,83,retired
1187,Carrie Palmer,female,22,writer
1188,Jessica Hawkins,female,22,electrician
1189,Kevin Scott,male,35,graphic designer
1190,Michelle Moore,female,30,administrative officer
1191,Frank Williams,male,74,retired
1192,Luis Stanley,male,62,project manager
1193,Kenneth Howard,male,37,military personnel
1194,Emily Robinson,female,47,homemaker
1195,Barry Wagner,male,78,retired
1196,Joshua Davis,male,50,human resources officer
1197,Cindy Rivera,female,62,consultant
1198,Colleen Goodwin,female,34,architect
1199,Yesenia Colon,female,49,real estate agent
1200,Adam MD,male,62,nurse
1201,Lisa Oliver,female,49,architect
1202,Michael Flores,male,45,retail worker
1203,Tony Cruz,male,49,military personnel
1204,Douglas Pruitt,male,35,nurse
1205,Jaime Lang,female,30,electrician
1206,Amanda Villanueva,female,37,freelancer
1207,Jose Vaughan,male,46,project manager
1208,Tyler Medina,male,30,architect
1209,Ana Santiago,female,70,professor
1210,Sharon Coleman,female,35,teacher
1211,Kimberly Park,female,39,nurse
1212,Patricia DVM,female,55,accountant
1213,Christian Stevens,male,39,banker
1214,Anita Brown,female,35,entrepreneur
1215,Justin Andrews,male,20,student
1216,David Hughes,male,27,financial analyst
1217,Kimberly May,female,48,entrepreneur
1218,Peter Richards,male,59,lecturer
1219,Benjamin Reilly,male,41,warehouse worker
1220,Rachel Turner,female,45,military personnel
1221,Pamela Kim,female,29,software developer
1222,Matthew Wells,male,63,researcher
1223,Brandy Myers,female,52,artist
1224,Joshua Choi,male,50,retail worker
1225,Megan Sloan,female,41,lawyer
1226,Nicholas Brooks,male,37,social worker
1227,Juan Peters,male,59,researcher
1228,Aaron Carlson,male,24,journalist
1229,Theresa Torres,female,48,civil servant
1230,Steven Cooper,male,55,homemaker
1231,Matthew Hunt,male,58,civil servant
1232,Daniel Davenport,male,47,technician
1233,Christopher Marsh,male,53,researcher
1234,Sarah Randolph,female,31,consultant
1235,Annette Swanson,female,31,unemployed
1236,Erin Anderson,female,52,project manager
1237,Ariel Harvey,female,57,business owner
1238,Evan Hayes,male,26,lawyer
1239,Elizabeth Silva,female,63,retired
1240,Holly Stewart,female,41,data scientist
1241,Abigail Sanchez,female,42,researcher
1242,Patrick Graham,male,33,doctor
1243,Brandy Quinn,female,34,homemaker
1244,Julie Howard,female,28,manager
1245,Kristen Thompson,female,37,mechanic
1246,Ryan Trevino,male,34,real estate agent
1247,Kimberly Baker,female,42,marketing specialist
1248,Angela Jones,female,39,police officer
1249,Jonathon Johnson,male,50,artist
1250,Jennifer Lawrence,female,29,student
1251,Juan Stephens,male,39,engineer
1252,Patricia MD,female,58,social worker
1253,Nicholas Carter,male,49,data scientist
1254,Jordan Sanders,male,65,writer
1255,Matthew Charles,male,41,lawyer
1256,Lisa Martin,female,48,government employee
1257,Jill White,female,51,data analyst
1258,Mary Faulkner,female,83,retired
1259,Karen Howard,female,56,retail worker
1260,John Brown,male,20,unemployed
1261,Amanda Clark,female,37,freelancer
1262,Isaiah Harrison,male,44,software developer
1263,Amber Hooper,female,32,administrative officer
1264,Michele Boyd,female,32,financial analyst
1265,Ruben Baker,male,55,police officer
1266,Christopher Valdez,male,43,business owner
1267,Matthew Houston,male,28,police officer
1268,Jamie Solomon,female,55,data analyst
1269,Harry Parrish,male,51,doctor
1270,John Munoz,male,53,photographer
1271,Brenda Martin,female,52,photographer
1272,Maria Lewis,female,49,mechanic
1273,Jack Love,male,30,researcher
1274,Crystal Shepherd,female,63,researcher
1275,John Mendoza,male,24,technician
1276,Christopher Whitaker,male,59,government employee
1277,Amanda Berry,female,59,engineer
1278,Mark Williams,male,63,writer
1279,Anthony Scott,male,62,consultant
1280,Tyler Greene,male,58,nurse
1281,Albert Ball,male,43,architect
1282,Drew Miller,male,30,student
1283,Willie Dillon,male,26,journalist
1284,Ronald Burke,male,30,construction worker
1285,Samantha White,female,25,business owner
1286,Dennis Ramsey,male,70,professor
1287,Jody Garza,female,55,engineer
1288,James Rodriguez,male,46,construction worker
1289,Shannon Gordon,female,48,project manager
1290,Lucas Williams,male,24,administrative officer
1291,Jonathan Wilson,male,39,professor
1292,Bianca Munoz,female,67,writer
1293,Stephanie Hampton,female,31,journalist
1294,Kelly Wood,female,61,real estate agent
1295,Joseph Perez,male,66,musician
1296,Rachel James,female,48,military personnel
1297,Patrick Juarez,male,41,researcher
1298,Anne Anderson,female,40,data scientist
1299,Crystal Trevino,female,27,social worker
1300,Sherri Ortiz,female,57,retail worker
1301,Michael Clarke,male,40,researcher
1302,Autumn Smith,female,58,writer
1303,Melissa Stewart,female,60,chef
1304,Christopher Pearson,male,30,journalist
1305,Scott Henderson,male,37,software developer
1306,Desiree Becker,female,52,journalist
1307,Jason Bowers,male,38,nurse
1308,Jacob Peters,male,41,artist
1309,Elizabeth Cooper,female,23,content creator
1310,Nancy Wyatt,female,38,freelancer
1311,Paul Griffin,male,59,insurance agent
1312,Christopher Lewis,male,33,manager
1313,Gina Pierce,female,35,mechanic
1314,Michelle Martin,female,56,banker
1315,Anna Thomas,female,58,insurance agent
1316,Jeffrey Brown,male,37,electrician
1317,Angela Johnson,female,43,photographer
1318,William Mendez,male,51,software developer
1319,Michael Harper,male,54,data scientist
1320,Samantha Bowman,female,36,delivery driver
1321,Dakota Sandoval,male,54,architect
1322,Dustin Johnson,male,43,architect
1323,Jose Hall,male,64,government employee
1324,Amanda Allen,female,59,manager
1325,Christopher Shea,male,45,engineer
1326,Heather Foster,female,32,software developer
1327,Joseph Mclaughlin,male,56,manager
1328,Brandon Mitchell,male,58,teacher
1329,Thomas Bailey,male,41,banker
1330,Lisa Lee,female,36,entrepreneur
1331,Laura Green,female,39,financial analyst
1332,Brian Jones,male,39,journalist
1333,Travis Pratt,male,24,journalist
1334,Shawn Li,male,34,travel agent
1335,Melissa Church,female,53,warehouse worker
1336,Patricia Todd,female,60,professor
1337,Julia Matthews,female,41,shop assistant
1338,Audrey Jones,female,42,software developer
1339,Zachary Rhodes,male,36,content creator
1340,Ethan Moses,male,47,lecturer
1341,Adam Collier,male,35,writer
1342,Brandon Nunez,male,55,engineer
1343,Angela Velazquez,female,28,lecturer
1344,Hayden Shannon,male,33,graphic designer
1345,Travis Vega,male,61,photographer
1346,Jonathan Gonzalez,male,28,insurance agent
1347,Shelley Clark,female,50,professor
1348,Danielle Montgomery,female,35,construction worker
1349,Ashley Mora,female,31,banker
1350,Mary Austin,female,50,musician
1351,Kimberly Williams,female,41,unemployed
1352,Lisa Vasquez,female,85,retired
1353,Steven MD,male,45,military personnel
1354,Sydney MD,female,51,consultant
1355,Amy Lloyd,female,64,homemaker
1356,Joshua Shaw,male,43,consultant
1357,Melissa Thompson,female,66,doctor
1358,Melissa DDS,female,27,business owner
1359,Christine Carpenter,female,66,real estate agent
1360,Louis Green,male,29,chef
1361,David Ruiz,male,27,unemployed
1362,Jacob Jimenez,male,42,lecturer
1363,Diana White,female,24,artist
1364,Laura Perez,female,20,entrepreneur
1365,Devin Young,male,33,retail worker
1366,James Thomas,male,31,journalist
1367,Chase Shaffer,male,52,insurance agent
1368,Jonathan Cowan,male,23,unemployed
1369,Kelly Le,female,50,pharmacist
1370,Elizabeth Hart,female,49,warehouse worker
1371,Jennifer Vaughn,female,38,data scientist
1372,Robert Woods,male,41,accountant
1373,Joanna Cook,female,25,researcher
1374,Justin Frederick,male,23,content creator
1375,Alejandro Martinez,male,58,warehouse worker
1376,Tracey Gonzalez,female,32,lecturer
1377,Henry Nunez,male,51,police officer
1378,Noah Preston,male,53,lawyer
1379,Donna Welch,female,48,professor
1380,Christopher Morton,male,70,farmer
1381,Mark Duncan,male,36,data analyst
1382,Benjamin Martin,male,59,photographer
1383,Emily Carter,female,55,human resources officer
1384,Maria Nelson,female,51,researcher
1385,Shari Cox,female,46,musician
1386,Vincent Gutierrez,male,35,civil servant
1387,Allison Luna,female,40,engineer
1388,Teresa Haynes,female,39,farmer
1389,Carol Garcia,female,55,lecturer
1390,Sherry Kelley,female,39,artist
1391,Jennifer Hubbard,female,31,photographer
1392,Deborah Moore,female,60,unemployed
1393,Stacey Parker,female,51,entrepreneur
1394,Diane Sims,female,39,data scientist
1395,Sara Johnson,female,56,chef
1396,Scott Nguyen,male,52,data scientist
1397,William Fernandez,male,53,marketing specialist
1398,Jill Montes,female,34,military personnel
1399,Christopher Harper,male,54,freelancer
1400,Mark Elliott,male,39,pharmacist
1401,Margaret Collins,female,42,government employee
1402,Kimberly Ballard,female,60,electrician
1403,Jacob Green,male,26,data analyst
1404,Aaron Ochoa,male,56,delivery driver
1405,Hailey Harrison,female,57,lawyer
1406,Tammy Arroyo,female,30,travel agent
1407,Alexa Jordan,female,36,nurse
1408,Crystal Smith,female,38,architect
1409,Jason Castro,male,29,student
1410,Christopher Mclaughlin,male,43,financial analyst
1411,Jamie Baker,female,51,government employee
1412,David Duran,male,27,student
1413,Rhonda Cohen,female,28,student
1414,Natalie Lamb,female,22,customer service representative
1415,Sarah White,female,65,pharmacist
1416,Mallory Williamson,female,35,writer
1417,Lisa Lopez,female,38,administrative officer
1418,Amber Nichols,female,52,warehouse worker
1419,Ashley Adams,female,49,project manager
1420,Monica Hall,female,59,doctor
1421,Katherine Peterson,female,41,manager
1422,Robert Bolton,male,37,freelancer
1423,Raven Rivera,female,31,artist
1424,Trevor Brown,male,31,marketing specialist
1425,Andrea Harrison,female,53,teacher
1426,Ryan Roth,male,45,researcher
1427,Bryan Tate,male,26,technician
1428,Patricia Ramos,female,35,insurance agent
1429,Amanda Murray,female,37,financial analyst
1430,Kelly Hendrix,female,51,social worker
1431,Melanie Collins,female,32,customer service representative
1432,Joseph King,male,45,musician
1433,Cristian Clay,male,25,chef
1434,Claudia Rodriguez,female,48,content creator
1435,Erika Jackson,female,29,retail worker
1436,Barbara Mccormick,female,33,warehouse worker
1437,Andrew Logan,male,29,architect
1438,Kyle Watson,male,47,journalist
1439,Christopher Davis,male,26,researcher
1440,Timothy Shea,male,44,artist
1441,Anthony Newman,male,35,banker
1442,Rebecca Martinez,female,48,construction worker
1443,William Kramer,male,28,pharmacist
1444,Renee Gonzales,female,70,homemaker
1445,Melissa Howard,female,37,musician
1446,Steven Washington,male,33,travel agent
1447,Elizabeth Terry,female,55,shop assistant
1448,Chelsea Bailey,female,25,banker
1449,Denise Guerra,female,45,construction worker
1450,Julian Jones,male,51,musician
1451,Edward Baker,male,70,professor
1452,Aaron Little,male,48,marketing specialist
1453,Cody Smith,male,59,project manager
1454,Ricardo Allen,male,44,data scientist
1455,Mary Ryan,female,52,data analyst
1456,Joseph Jimenez,male,38,sales executive
1457,Louis Morris,male,61,project manager
1458,Brian Mills,male,59,homemaker
1459,Russell Anderson,male,40,software developer
1460,Dale Washington,male,46,artist
1461,Laura Huff,female,37,graphic designer
1462,Kelly Miles,female,24,electrician
1463,Jacob Obrien,male,29,banker
1464,Timothy Clark,male,54,researcher
1465,Stacy Miller,female,54,homemaker
1466,Amy Grant,female,74,farmer
1467,Jason Wood,male,52,entrepreneur
1468,Samantha Baker,female,28,consultant
1469,Andrea Torres,female,27,customer service representative
1470,Tyler Davis,male,42,professor
1471,Kim Lopez,female,25,technician
1472,David Garrett,male,26,teacher
1473,Paul Perry,male,30,unemployed
1474,Mark Howard,male,65,travel agent
1475,Mary Andrade,female,38,doctor
1476,Christopher Morales,male,81,retired
1477,Brooke Murillo,female,59,researcher
1478,Harold Edwards,male,32,civil servant
1479,Erika PhD,female,67,architect
1480,Nicholas Franklin,male,57,retail worker
1481,Cindy Cannon,female,20,homemaker
1482,David Nixon,male,63,homemaker
1483,Jennifer Barber,female,42,professor
1484,Linda DVM,female,24,software developer
1485,Eric Walker,male,44,homemaker
1486,Alex Short,male,45,artist
1487,Desiree Spencer,female,41,accountant
1488,Tammy Moore,female,36,shop assistant
1489,Henry Taylor,male,30,nurse
1490,Kevin Hall,male,25,researcher
1491,Anna Ross,female,33,marketing specialist
1492,Nicholas Cummings,male,85,retired
1493,Christopher Petersen,male,24,police officer
1494,Kenneth Velez,male,69,consultant
1495,Eric Cross,male,76,retired
1496,Angela Brown,female,44,software developer
1497,Hannah Montoya,female,55,banker
1498,Shawna Kane,female,44,lawyer
1499,Matthew Guzman,male,30,retail worker
1500,Paula Reyes,female,30,marketing specialist
1501,Amanda Fernandez,female,68,consultant
1502,Kathryn Walker,female,36,teacher
1503,Nicholas Long,male,68,professor
1504,Linda Wagner,female,46,engineer
1505,Donna Foster,female,33,retail worker
1506,Angela Duncan,female,40,police officer
1507,Jennifer Miller,female,40,marketing specialist
1508,Patricia Anderson,female,32,teacher
1509,Kristin Freeman,female,57,social worker
1510,Craig Gilbert,male,27,warehouse worker
1511,David Jones,male,47,electrician
1512,Erica Glass,female,33,financial analyst
1513,Megan Henderson,female,54,civil servant
1514,Erica Wheeler,female,50,doctor
1515,Elizabeth Huerta,female,46,marketing specialist
1516,William Ramos,male,52,writer
1517,Andrew Meyers,male,61,unemployed
1518,Jacqueline Todd,female,30,shop assistant
1519,Brian Brown,male,52,project manager
1520,Tammy Melton,female,59,engineer
1521,Adam Benson,male,24,chef
1522,Jerry Johnson,male,55,retail worker
1523,Kimberly Harris,female,62,lecturer
1524,David Webb,male,18,student
1525,Charles Hale,male,50,electrician
1526,Lauren Alvarado,female,37,administrative officer
1527,Carolyn Campbell,female,43,shop assistant
1528,Lisa Brown,female,67,real estate agent
1529,Adam Price,male,20,musician
1530,Samuel Keller,male,32,nurse
1531,Alicia Dillon,female,21,graphic designer
1532,Crystal James,female,52,freelancer
1533,Brett PhD,male,24,software developer
1534,Charlotte Mason,female,47,warehouse worker
1535,Tammy Smith,female,20,student
1536,Kendra Cook,female,68,business owner
1537,Brooke Reed,female,29,government employee
1538,Lori Young,female,19,content creator
1539,Kathryn DDS,female,20,student
1540,Steve Briggs,male,25,marketing specialist
1541,Justin Ramirez,male,20,farmer
1542,Steven Sandoval,male,29,chef
1543,James Yu,male,44,doctor
1544,Lori Perez,female,77,retired
1545,Christian Waller,male,44,sales executive
1546,Gary Daniels,male,33,musician
1547,Charles Weaver,male,50,unemployed
1548,Shari Parker,female,57,chef
1549,Kelly Taylor,female,60,police officer
1550,Charles DVM,male,38,researcher
1551,Kristin Fry,female,85,retired
1552,Emily Hobbs,female,36,real estate agent
1553,Pamela Beard,female,43,warehouse worker
1554,Jason Ramos,male,44,architect
1555,Steven Mahoney,male,47,warehouse worker
1556,Richard Rodriguez,male,33,mechanic
1557,Phillip Salazar,male,44,musician
1558,Keith Hall,male,54,police officer
1559,Karen Shaw,female,49,journalist
1560,Michelle Brooks,female,26,software developer
1561,Katherine Taylor,female,54,manager
1562,Andrew Duran,male,52,musician
1563,Debra Gutierrez,female,69,business owner
1564,Virginia Todd,female,49,graphic designer
1565,Tammy Duke,female,43,banker
1566,John Nguyen,male,53,manager
1567,David Sullivan,male,35,banker
1568,Nicolas James,male,31,police officer
1569,Logan Newton,male,45,social worker
1570,Joseph Liu,male,43,real estate agent
1571,Joseph Hayes,male,69,architect
1572,Andrew Forbes,male,54,administrative officer
1573,Jennifer Moss,female,44,delivery driver
1574,Jose Mccoy,male,59,project manager
1575,Doris Sanders,female,22,graphic designer
1576,Ronald Murray,male,53,pharmacist
1577,Brenda Gallegos,female,20,student
1578,Nathan Wilson,male,31,doctor
1579,Teresa Horton,female,47,real estate agent
1580,Jason Hayes,male,66,architect
1581,Kevin Marquez,male,54,photographer
1582,Jesse Wright,male,51,delivery driver
1583,Susan Hogan,female,73,retired
1584,Becky Wilson,female,50,graphic designer
1585,Heidi Mills,female,40,data scientist
1586,Richard Hunt,male,44,consultant
1587,James James,male,62,unemployed
1588,Susan Cunningham,female,36,professor
1589,Brittany Melton,female,48,teacher
1590,Michelle Barnes,female,55,civil servant
1591,Patricia Griffin,female,63,pharmacist
1592,Bruce Anderson,male,24,electrician
1593,Lisa King,female,35,artist
1594,Scott Stephens,male,59,mechanic
1595,Sonya Young,female,46,pharmacist
1596,John Ortiz,male,45,manager
1597,Lindsay Sanchez,female,36,journalist
1598,Lisa Grant,female,27,construction worker
1599,Amber Hernandez,female,57,administrative officer
1600,Amanda Nash,female,35,project manager
1601,Sara Evans,female,43,unemployed
1602,Amber Butler,female,55,insurance agent
1603,Michael Carr,male,36,architect
1604,Linda Cobb,female,76,retired
1605,Jordan Riley,female,37,real estate agent
1606,Anna Evans,female,31,social worker
1607,James Jones,male,50,government employee
1608,Joshua Carter,male,32,warehouse worker
1609,Michael Hill,male,21,warehouse worker
1610,Kelly Dominguez,female,34,data analyst
1611,Brian Blair,male,28,technician
1612,Victoria Webb,female,31,business owner
1613,Timothy Andersen,male,53,professor
1614,Lee Stewart,male,76,retired
1615,Whitney Gomez,female,38,administrative officer
1616,Kristine Stone,female,36,military personnel
1617,Katherine White,female,33,farmer
1618,Michelle Krause,female,57,lawyer
1619,Allison Garrett,female,36,delivery driver
1620,Sarah Marsh,female,47,customer service representative
1621,Felicia DDS,female,42,travel agent
1622,Curtis Campbell,male,47,pharmacist
1623,Elizabeth Hunter,female,53,technician
1624,Abigail Jennings,female,53,unemployed
1625,Misty Gilbert,female,50,police officer
1626,Christopher Rivera,male,40,sales executive
1627,Megan Hendricks,female,44,technician
1628,Matthew Olson,male,65,musician
1629,Stephanie Herrera,female,47,doctor
1630,Rachel Gutierrez,female,38,retail worker
1631,Sandy Evans,female,51,researcher
1632,Emily Herrera,female,31,banker
1633,Melissa Marsh,female,64,researcher
1634,Hayden Montes,male,20,construction worker
1635,Andre Terrell,male,54,human resources officer
1636,Ryan Duncan,male,54,researcher
1637,Kurt Hancock,male,37,banker
1638,Michael Edwards,male,47,civil servant
1639,Jennifer Crawford,female,58,business owner
1640,Jodi Sampson,female,34,data scientist
1641,Eric Rodriguez,male,75,retired
1642,Paula Gentry,female,45,pharmacist
1643,Allison Webb,female,35,data scientist
1644,Connor Mclean,male,50,real estate agent
1645,Kelly Rowe,female,39,software developer
1646,Shelby Short,female,39,nurse
1647,Michael Anderson,male,33,electrician
1648,Julia Reeves,female,31,human resources officer
1649,Aaron Randolph,male,49,government employee
1650,Kristopher Miller,male,56,technician
1651,Amber Meyer,female,57,professor
1652,Erik Lane,male,25,writer
1653,Steven Flores,male,32,engineer
1654,Destiny Flores,female,62,freelancer
1655,Autumn Hernandez,female,18,farmer
1656,Adrian Dean,male,52,lecturer
1657,Daniel Bell,male,52,police officer
1658,Brenda Bush,female,45,engineer
1659,Gerald Wallace,male,49,administrative officer
1660,John Lowe,male,33,engineer
1661,Amy Simmons,female,33,content creator
1662,Kyle Watkins,male,44,technician
1663,Michael Jensen,male,47,writer
1664,Ruth Marquez,female,52,musician
1665,Joseph Beltran,male,60,teacher
1666,Julie Anderson,female,52,unemployed
1667,Thomas Mcdonald,male,26,student
1668,Michael Mckinney,male,33,insurance agent
1669,Crystal Walker,female,51,engineer
1670,Luis Durham,male,23,content creator
1671,Michael Ortega,male,36,administrative officer
1672,Stephen Chavez,male,24,administrative officer
1673,John Bell,male,45,lecturer
1674,Carolyn Tate,female,52,architect
1675,Bethany Garcia,female,60,lawyer
1676,Robert Nguyen,male,26,nurse
1677,Rebecca Patel,female,54,freelancer
1678,Jennifer Oliver,female,57,lecturer
1679,William Reyes,male,30,sales executive
1680,Robert Garza,male,32,nurse
1681,Jessica Cobb,female,30,graphic designer
1682,David Bates,male,38,mechanic
1683,Tara Andrews,female,65,researcher
1684,Leslie Ford,female,22,retail worker
1685,Samantha Thompson,female,29,travel agent
1686,Andrea Rodriguez,female,60,entrepreneur
1687,Patricia Gray,female,63,business owner
1688,Mary Davis,female,61,journalist
1689,Stephen Berger,male,27,shop assistant
1690,Aaron Thomas,male,49,human resources officer
1691,Kim Price,female,41,entrepreneur
1692,Craig Maldonado,male,36,writer
1693,Laura Gentry,female,65,lawyer
1694,Tony Graham,male,39,banker
1695,Hailey MD,female,23,student
1696,Jared IV,male,58,journalist
1697,Joshua Brown,male,53,police officer
1698,Samantha Howard,female,48,sales executive
1699,Sharon Young,female,56,social worker
1700,Jennifer Flores,female,53,technician
1701,Jane Gardner,female,34,entrepreneur
1702,Karen Lopez,female,28,data analyst
1703,Tammy Larsen,female,60,human resources officer
1704,Yolanda Santiago,female,46,electrician
1705,Andrea Smith,female,44,nurse
1706,Katelyn Kim,female,50,electrician
1707,Angela MD,female,27,student
1708,Richard Munoz,male,37,shop assistant
1709,Christopher Hicks,male,60,engineer
1710,Joanna Kelly,female,32,nurse
1711,Lindsey Lane,female,28,civil servant
1712,David Shaw,male,51,journalist
1713,Joshua Richardson,male,25,warehouse worker
1714,Laura MD,female,57,police officer
1715,Michael Thomas,male,64,retired
1716,William Terrell,male,62,pharmacist
1717,Julie Miller,female,50,architect
1718,Ann Kennedy,female,51,marketing specialist
1719,Tyler Miller,male,60,doctor
1720,Rebecca Edwards,female,49,sales executive
1721,Gwendolyn Osborne,female,58,consultant
1722,Kayla Harrison,female,45,mechanic
1723,Jennifer Yu,female,41,data analyst
1724,Donna Johnson,female,73,retired
1725,Paul Acosta,male,46,insurance agent
1726,Amy Kennedy,female,53,teacher
1727,Amber Mooney,female,27,military personnel
1728,Lori Mitchell,female,29,graphic designer
1729,Jonathan York,male,38,customer service representative
1730,Casey Campbell,male,23,customer service representative
1731,Adrian Rodriguez,male,52,business owner
1732,Leslie Hernandez,female,40,graphic designer
1733,Robert Green,male,53,artist
1734,John Lloyd,male,53,real estate agent
1735,Grace Miller,female,34,architect
1736,Timothy Moore,male,35,researcher
1737,Wyatt Townsend,male,29,technician
1738,Jeremiah Walsh,male,34,pharmacist
1739,Nicholas Reed,male,59,social worker
1740,Pedro Wilson,male,36,sales executive
1741,James Turner,male,23,data analyst
1742,Nicole Patel,female,35,journalist
1743,Michael Wells,male,39,data analyst
1744,Seth Smith,male,28,insurance agent
1745,Jerry Gregory,male,64,professor
1746,Andrew Hardin,male,56,delivery driver
1747,Tyler Reynolds,male,53,consultant
1748,Scott Rogers,male,42,content creator
1749,Brett Pena,male,37,nurse
1750,Patricia Curry,female,68,consultant
1751,Kevin Lee,male,39,writer
1752,Michael White,male,35,content creator
1753,Michael Decker,male,49,technician
1754,Anne Garcia,female,24,mechanic
1755,Daniel Campbell,male,27,artist
1756,Allison Davis,female,61,business owner
1757,Mark Erickson,male,24,construction worker
1758,Scott Anderson,male,23,musician
1759,Stephanie Knight,female,40,content creator
1760,Michael King,male,62,journalist
1761,Taylor Fowler,female,60,entrepreneur
1762,Destiny Simmons,female,42,unemployed
1763,Randy Morris,male,23,freelancer
1764,Benjamin Waters,male,43,photographer
1765,Gary Brown,male,33,graphic designer
1766,Dennis Alexander,male,32,business owner
1767,Timothy Bishop,male,51,delivery driver
1768,Katherine Thomas,female,23,banker
1769,Daniel Schneider,male,45,business owner
1770,Mike Garcia,male,42,teacher
1771,Kenneth King,male,44,customer service representative
1772,Stephanie Hernandez,female,59,travel agent
1773,Tasha Ortega,female,70,professor
1774,Melissa Conway,female,58,insurance agent
1775,Kaylee Case,female,40,warehouse worker
1776,Jeffrey Anthony,male,51,graphic designer
1777,Rachel Fernandez,female,55,doctor
1778,Tiffany Meyers,female,32,technician
1779,Keith Donovan,male,51,project manager
1780,Michael Morales,male,41,project manager
1781,Randall Holland,male,60,unemployed
1782,Andrew Cruz,male,33,consultant
1783,Michael Mosley,male,36,construction worker
1784,Ian Miller,male,52,financial analyst
1785,Nancy Taylor,female,56,professor
1786,Nathan Watkins,male,29,lawyer
1787,Arthur Fernandez,male,47,software developer
1788,Kimberly Flowers,female,29,data scientist
1789,Whitney Johnson,female,48,lawyer
1790,Richard Williams,male,30,student
1791,Renee Contreras,female,55,customer service representative
1792,Michael Sawyer,male,39,software developer
1793,Kerry Buckley,male,29,manager
1794,Charles Valdez,male,57,social worker
1795,Tamara Williams,female,32,unemployed
1796,Bianca Jackson,female,32,data analyst
1797,Elizabeth Leon,female,38,chef
1798,Christopher Garza,male,23,writer
1799,Ashley Crawford,female,65,farmer
1800,Daniel Brock,male,40,engineer
1801,Robert Hendrix,male,39,project manager
1802,Erika Daugherty,female,31,homemaker
1803,Chad Copeland,male,55,retail worker
1804,Pamela Watkins,female,40,freelancer
1805,Barbara Thomas,female,58,government employee
1806,Melissa Tran,female,48,administrative officer
1807,Timothy Williams,male,48,insurance agent
1808,Ryan Salazar,male,54,sales executive
1809,Alan Tucker,male,59,business owner
1810,Cassie Davis,female,58,data scientist
1811,Stephen Butler,male,60,farmer
1812,Raymond Schwartz,male,21,military personnel
1813,Mark Mills,male,61,professor
1814,Teresa Bishop,female,26,customer service representative
1815,Mark Patton,male,63,retired
1816,Abigail Young,female,63,social worker
1817,Joseph Davis,male,41,mechanic
1818,Paige Fernandez,female,35,software developer
1819,Randy Hopkins,male,41,graphic designer
1820,Cheryl Hogan,female,37,entrepreneur
1821,Tracy Wells,female,40,professor
1822,Dustin Hamilton,male,55,entrepreneur
1823,Renee Chang,female,40,nurse
1824,Natalie Buckley,female,27,warehouse worker
1825,Richard Washington,male,61,business owner
1826,Steven Griffith,male,43,police officer
1827,Erika Gonzalez,female,40,data scientist
1828,Erika Maxwell,female,25,civil servant
1829,Annette Rojas,female,31,doctor
1830,James Walker,male,59,construction worker
1831,Kari Zamora,female,54,sales executive
1832,Tanya Gibson,female,32,human resources officer
1833,Chad Cortez,male,39,photographer
1834,William Harris,male,27,data scientist
1835,Melissa Brown,female,49,researcher
1836,Sarah Ellis,female,30,insurance agent
1837,Gwendolyn Tanner,female,67,business owner
1838,Richard Little,male,55,chef
1839,Carolyn Cordova,female,47,lawyer
1840,Brandon Vincent,male,45,sales executive
1841,Whitney Vargas,female,35,musician
1842,Douglas Blair,male,55,teacher
1843,David Murphy,male,38,human resources officer
1844,Steven Vargas,male,44,business owner
1845,Laura Smith,female,49,administrative officer
1846,Andrew DDS,male,44,unemployed
1847,Kim Mendoza,female,21,warehouse worker
1848,Roberto Chavez,male,30,technician
1849,Justin Smith,male,47,content creator
1850,Travis Anderson,male,65,travel agent
1851,Matthew Davis,male,38,writer
1852,Eric Warner,male,29,data scientist
1853,Nicole Johnson,female,29,entrepreneur
1854,Patricia Sawyer,female,37,retail worker
1855,Rachel Wood,female,53,construction worker
1856,Mark Dalton,male,42,shop assistant
1857,Stephanie Cook,female,35,mechanic
1858,Jessica Nelson,female,37,military personnel
1859,Joshua Norton,male,55,manager
1860,Brad Gilmore,male,32,pharmacist
1861,Anthony Dougherty,male,29,technician
1862,Stephen Rodriguez,male,49,writer
1863,Lisa Diaz,female,59,electrician
1864,Kristin Jones,female,27,journalist
1865,Daniel Zavala,male,27,civil servant
1866,Lauren Haley,female,55,banker
1867,Natasha Perez,female,57,construction worker
1868,Derek Frazier,male,65,manager
1869,Arthur Reed,male,69,musician
1870,Kelsey Martinez,female,24,real estate agent
1871,Michael Patel,male,63,manager
1872,Lisa Marsh,female,47,farmer
1873,Robert Everett,male,53,professor
1874,Stephanie Ellis,female,46,military personnel
1875,Steven Roberts,male,28,teacher
1876,Brian Hill,male,25,customer service representative
1877,Kathleen Golden,female,60,technician
1878,Mark Carter,male,42,content creator
1879,Carlos Reed,male,49,accountant
1880,Matthew Carter,male,44,manager
1881,Shelby Hall,female,42,technician
1882,Maria Jenkins,female,24,administrative officer
1883,Matthew Nguyen,male,65,accountant
1884,Melissa Wilkinson,female,25,human resources officer
1885,Elizabeth Anderson,female,37,doctor
1886,Christopher Green,male,59,photographer
1887,Tracy Carrillo,female,50,manager
1888,Harry Bryant,male,28,electrician
1889,Tammy Joseph,female,46,military personnel
1890,Valerie Franco,female,33,project manager
1891,Mary Hernandez,female,27,civil servant
1892,Andrew Stewart,male,39,chef
1893,Debbie Lopez,female,60,chef
1894,Amanda Stewart,female,36,lecturer
1895,Jacqueline Fernandez,female,43,civil servant
1896,Elizabeth Knapp,female,50,delivery driver
1897,Kathryn Thomas,female,54,financial analyst
1898,Francisco Smith,male,31,military personnel
1899,Vanessa Rivera,female,55,retail worker
1900,Kara Roberts,female,31,entrepreneur
1901,Veronica Berry,female,58,engineer
1902,Krystal Meadows,female,38,real estate agent
1903,Melissa Dennis,female,49,software developer
1904,Brenda Pierce,female,33,sales executive
1905,James Randall,male,60,mechanic
1906,Brandon Brown,male,23,administrative officer
1907,Lauren Walker,female,38,business owner
1908,Donald Johnson,male,47,retail worker
1909,Jill Powers,female,45,manager
1910,Jorge Lee,male,54,electrician
1911,Lisa Harding,female,42,professor
1912,Heather Hernandez,female,36,writer
1913,Jaclyn Watson,female,28,lecturer
1914,Heather Madden,female,51,homemaker
1915,Brandon Luna,male,79,retired
1916,Wendy Lara,female,48,mechanic
1917,Renee Waller,female,59,mechanic
1918,Steven Taylor,male,33,doctor
1919,Angelica Clark,female,28,shop assistant
1920,Sharon Hatfield,female,64,pharmacist
1921,Toni Avila,female,22,musician
1922,Jennifer Rocha,female,44,doctor
1923,Justin Page,male,42,civil servant
1924,Chad Lopez,male,52,warehouse worker
1925,Kristen Williams,female,58,project manager
1926,Ruben Torres,male,42,government employee
1927,Julie Johnson,female,23,military personnel
1928,Deborah Blanchard,female,42,consultant
1929,John Valdez,male,40,consultant
1930,Jason Vasquez,male,37,software developer
1931,Danielle Wilson,female,37,data analyst
1932,Zachary Jones,male,62,chef
1933,Lauren Cunningham,female,27,software developer
1934,Lori Alvarez,female,34,administrative officer
1935,Bryan Hunt,male,34,software developer
1936,Sarah Martin,female,32,farmer
1937,Francisco Johns,male,59,data scientist
1938,Christopher Nelson,male,28,teacher
1939,Thomas Kelly,male,25,architect
1940,Kendra Mayer,female,44,farmer
1941,Pamela White,female,35,human resources officer
1942,Nicole Stephens,female,26,writer
1943,Samantha Cohen,female,63,freelancer
1944,Melissa Barker,female,54,business owner
1945,Lauren Morrow,female,60,banker
1946,Joseph Watson,male,46,financial analyst
1947,Gina Bartlett,female,64,musician
1948,Brittney Walker,female,26,student
1949,Stephanie Austin,female,67,business owner
1950,Kelly Patel,female,29,journalist
1951,Peter Wilson,male,50,accountant
1952,Angela Fuentes,female,55,teacher
1953,Karen Collins,female,56,pharmacist
1954,Robert Preston,male,47,customer service representative
1955,Phillip Peterson,male,33,insurance agent
1956,Alyssa Olsen,female,47,chef
1957,Shannon Thomas,female,54,electrician
1958,Calvin Anderson,male,39,manager
1959,Melissa Bowers,female,63,professor
1960,Ashley Mcguire,female,54,project manager
1961,Andrea Contreras,female,33,project manager
1962,Richard Mora,male,52,chef
1963,Steven Lopez,male,23,financial analyst
1964,Ann Singleton,female,45,doctor
1965,Travis Bailey,male,24,farmer
1966,Kathryn Chandler,female,30,manager
1967,Laura Garcia,female,59,real estate agent
1968,Adrian Robinson,male,62,retired
1969,Douglas Winters,male,69,artist
1970,Valerie Garcia,female,29,insurance agent
1971,Kathy Zimmerman,female,82,retired
1972,Kevin Gonzales,male,26,customer service representative
1973,Catherine Kelly,female,38,chef
1974,Daniel Perez,male,51,technician
1975,Victoria Martinez,female,25,graphic designer
1976,Chad Farmer,male,57,manager
1977,Justin Williams,male,26,real estate agent
1978,Brian Campbell,male,54,nurse
1979,Eric Cherry,male,50,engineer
1980,Julian Roberts,male,32,data analyst
1981,Chelsea Jones,female,41,financial analyst
1982,Karen Shelton,female,35,accountant
1983,Zachary Vasquez,male,61,manager
1984,Jeffrey Barrett,male,37,military personnel
1985,Briana Morales,female,51,manager
1986,Brian Schaefer,male,39,business owner
1987,Wanda Martinez,female,18,musician
1988,Molly Ramirez,female,30,military personnel
1989,Lauren Nelson,female,34,warehouse worker
1990,Maria Ross,female,28,consultant
1991,Larry Sullivan,male,45,unemployed
1992,Douglas Tate,male,52,engineer
1993,David Crawford,male,30,content creator
1994,Chad Garcia,male,57,government employee
1995,Andrea Gregory,female,27,consultant
1996,Michael Hernandez,male,22,unemployed
1997,Brent Jones,male,39,chef
1998,Patricia Sparks,female,47,electrician
1999,Greg Heath,male,61,writer
2000,Tiffany Johnson,female,34,chef
2001,Suzanne Reyes,female,63,retired
2002,James Stevens,male,46,travel agent
2003,Kristin Dalton,female,65,project manager
2004,Michelle Henry,female,68,artist
2005,Michelle Freeman,female,39,delivery driver
2006,Megan Keller,female,32,lawyer
2007,Laura Alvarez,female,64,writer
2008,Katie Myers,female,47,insurance agent
2009,Wesley Jensen,male,54,architect
2010,Vanessa Flores,female,58,social worker
2011,Amanda Hood,female,53,delivery driver
2012,Patrick Johnson,male,49,warehouse worker
2013,Glenn Davis,male,64,social worker
2014,Heather Bell,female,53,teacher
2015,Danielle Wong,female,39,data analyst
2016,Susan Jones,female,62,researcher
2017,George Smith,male,26,mechanic
2018,Joel Boyer,male,28,student
2019,Steven Adams,male,34,travel agent
2020,Leah Odom,female,31,researcher
2021,Jeanette Armstrong,female,39,graphic designer
2022,Brett Leonard,male,30,travel agent
2023,Kathryn Hubbard,female,38,graphic designer
2024,Lucas Cox,male,42,artist
2025,Jonathan Boone,male,48,teacher
2026,Sara Herrera,female,33,electrician
2027,Amber Davies,female,64,lawyer
2028,Courtney Newton,female,57,administrative officer
2029,Ryan Davis,male,27,pharmacist
2030,Austin Solis,male,53,customer service representative
2031,Christine Flynn,female,42,customer service representative
2032,Eric Brock,male,40,photographer
2033,Kimberly Gonzalez,female,64,civil servant
2034,Mario Chavez,male,58,chef
2035,Christopher Smith,male,47,data analyst
2036,Victor Harmon,male,22,artist
2037,Timothy Patel,male,31,data analyst
2038,Randy Hamilton,male,84,retired
2039,Mark Boyd,male,79,retired
2040,Brittany Hernandez,female,70,artist
2041,Elizabeth Graham,female,29,pharmacist
2042,Ronald Brown,male,26,student
2043,Jason Colon,male,57,photographer
2044,Dawn Burke,female,44,marketing specialist
2045,Brian Lee,male,41,construction worker
2046,Samantha Marshall,female,34,software developer
2047,Jeffrey Lucas,male,50,researcher
2048,Caitlin Taylor,female,24,travel agent
2049,Regina Hopkins,female,21,musician
2050,Samuel Stuart,male,32,freelancer
2051,Alicia Heath,female,54,lawyer
2052,Kyle Camacho,male,56,banker
2053,Jennifer Cox,female,61,musician
2054,Ann Hahn,female,49,project manager
2055,Charles Rodriguez,male,61,lawyer
2056,Tasha Boyd,female,19,student
2057,Travis Huynh,male,53,travel agent
2058,Stephen Young,male,28,student
2059,Robert Murphy,male,30,government employee
2060,James Goodman,male,43,police officer
2061,Jay Thomas,male,59,unemployed
2062,Wayne Gonzales,male,26,travel agent
2063,Kevin Henry,male,31,engineer
2064,Tiffany Stewart,female,27,unemployed
2065,Melanie Richmond,female,70,doctor
2066,Timothy Cox,male,56,technician
2067,Roberto Smith,male,59,freelancer
2068,Sarah Bates,female,75,retired
2069,Michael Mccormick,male,48,government employee
2070,Juan Parker,male,31,manager
2071,Heidi Burnett,female,29,marketing specialist
2072,Sharon Mathews,female,63,government employee
2073,Theodore Long,male,32,police officer
2074,David PhD,male,47,construction worker
2075,Daniel Zamora,male,27,financial analyst
2076,Lynn Suarez,female,23,freelancer
2077,Jennifer Johnson,female,48,electrician
2078,Samantha Shepard,female,34,sales executive
2079,Jason Randall,male,43,lecturer
2080,Shawn Wilkins,male,49,homemaker
2081,Michael Hunter,male,38,data scientist
2082,Lance Li,male,69,real estate agent
2083,Jody Johnson,female,47,artist
2084,Martin Mccoy,male,46,lecturer
2085,Brandy Morales,female,32,project manager
2086,Emily Miller,female,55,human resources officer
2087,Kelli Booker,female,63,artist
2088,Pamela Bradford,female,70,writer
2089,Ricky Flores,male,35,construction worker
2090,Nancy Green,female,33,teacher
2091,Ronald Marsh,male,53,marketing specialist
2092,Jennifer White,female,32,unemployed
2093,Tony Wilkerson,male,44,content creator
2094,Travis Leblanc,male,68,professor
2095,Lori Meadows,female,34,business owner
2096,Meredith Jackson,female,55,real estate agent
2097,Jessica Green,female,49,civil servant
2098,Isabel Valentine,female,59,mechanic
2099,Michelle Graham,female,24,financial analyst
2100,Jesse Nunez,male,52,pharmacist
2101,Micheal Lee,male,53,project manager
2102,Richard Roberts,male,48,software developer
2103,Bianca Gates,female,27,business owner
2104,Whitney Campbell,female,47,shop assistant
2105,Jennifer Ortiz,female,31,pharmacist
2106,Dylan Green,male,31,electrician
2107,Susan Wood,female,43,business owner
2108,Judith Smith,female,43,software developer
2109,Erica Steele,female,32,teacher
2110,Micheal Erickson,male,41,lecturer
2111,Dawn Davis,female,47,banker
2112,Gary Young,male,58,insurance agent
2113,Yesenia Crosby,female,28,data analyst
2114,Paul Williams,male,63,consultant
2115,Manuel Turner,male,39,administrative officer
2116,Jacqueline Donaldson,female,35,unemployed
2117,Kevin Green,male,42,artist
2118,Timothy Humphrey,male,45,construction worker
2119,Emily Moreno,female,37,project manager
2120,Bruce Williams,male,23,civil servant
2121,Seth Davenport,male,27,freelancer
2122,Tammy Campbell,female,54,writer
2123,Lisa Juarez,female,24,real estate agent
2124,Erik Stafford,male,39,entrepreneur
2125,Zachary Gallagher,male,22,data analyst
2126,Samuel Sandoval,male,41,government employee
2127,Anthony Hernandez,male,33,nurse
2128,Andrew Green,male,19,artist
2129,Jessica Carney,female,63,government employee
2130,Amanda Kelly,female,47,data scientist
2131,Karina Vasquez,female,77,retired
2132,Sean Martinez,male,64,architect
2133,Sean White,male,64,consultant
2134,Jordan Nelson,male,58,architect
2135,Kevin Silva,male,63,insurance agent
2136,Kenneth Butler,male,67,lawyer
2137,Randy Rhodes,male,31,financial analyst
2138,Allison Maldonado,female,55,data scientist
2139,James Garza,male,24,writer
2140,Russell Hernandez,male,49,banker
2141,Ronald Keller,male,66,lawyer
2142,Tyler Wheeler,male,57,photographer
2143,Tracy Douglas,female,58,sales executive
2144,Erika Dennis,female,38,lecturer
2145,Tina Carroll,female,35,government employee
2146,Amber Schneider,female,34,lawyer
2147,Anthony Jones,male,34,banker
2148,Jane Ross,female,59,unemployed
2149,Traci Glenn,female,28,financial analyst
2150,Dominique Goodwin,female,47,photographer
2151,Bryan Henry,male,22,farmer
2152,Renee Collins,female,42,customer service representative
2153,Carlos Wade,male,50,human resources officer
2154,Jose Burns,male,46,farmer
2155,Karen Hart,female,29,doctor
2156,Nicole Shepherd,female,45,business owner
2157,Jessica Simmons,female,33,police officer
2158,Glenn Ford,male,65,artist
2159,Melissa Moore,female,53,human resources officer
2160,Lori Warren,female,34,researcher
2161,Jessica Solomon,female,30,homemaker
2162,Brittany Anderson,female,49,construction worker
2163,Sarah Mills,female,27,writer
2164,Brian Coleman,male,34,mechanic
2165,Matthew Carroll,male,46,military personnel
2166,Dawn Miller,female,63,business owner
2167,Ashley Stanley,female,61,musician
2168,Clarence Long,male,49,customer service representative
2169,Sherri Evans,female,68,professor
2170,Jesse Santiago,male,18,warehouse worker
2171,Deborah Levy,female,55,business owner
2172,Chelsea Lopez,female,62,lawyer
2173,Larry Savage,male,62,artist
2174,Joseph Smith,male,46,delivery driver
2175,Christopher Woods,male,26,financial analyst
2176,Sean Church,male,18,artist
2177,John Montgomery,male,33,human resources officer
2178,Megan Vaughn,female,45,shop assistant
2179,Eric Martinez,male,48,warehouse worker
2180,Ashley Smith,female,52,mechanic
2181,Daniel Wong,male,44,technician
2182,Jeffrey Garrett,male,39,financial analyst
2183,Connor Turner,male,33,journalist
2184,John Johnson,male,41,military personnel
2185,Brittany Park,female,31,accountant
2186,Scott Richards,male,28,warehouse worker
2187,Laura Bass,female,33,chef
2188,Adam Mccoy,male,20,entrepreneur
2189,Veronica Allison,female,26,homemaker
2190,Linda Spencer,female,60,architect
2191,John Tucker,male,36,retail worker
2192,Lisa Gregory,female,29,pharmacist
2193,John Klein,male,33,social worker
2194,Jennifer Stewart,female,47,real estate agent
2195,Steven Butler,male,37,police officer
2196,Kathleen Mcmillan,female,44,architect
2197,Melissa Smith,female,40,graphic designer
2198,Cheryl Cooper,female,59,business owner
2199,Colleen Stout,female,55,pharmacist
2200,Lance Kirby,male,32,pharmacist
2201,Carlos Carter,male,35,data scientist
2202,Tyler Whitaker,male,52,military personnel
2203,Nicholas Flynn,male,49,pharmacist
2204,Ryan Howell,male,35,police officer
2205,Nicole Estrada,female,44,travel agent
2206,Christina Obrien,female,23,chef
2207,Jason Chaney,male,48,unemployed
2208,Daniel Williams,male,32,human resources officer
2209,Stanley Kelly,male,47,military personnel
2210,Samantha Kline,female,63,researcher
2211,Amy Jordan,female,58,nurse
2212,Bryan Walker,male,52,military personnel
2213,Gerald Kelly,male,60,retired
2214,Shawn Adams,male,66,real estate agent
2215,Melissa Robertson,female,23,mechanic
2216,Michelle House,female,60,project manager
2217,Jim Skinner,male,28,engineer
2218,Brian Bishop,male,27,lawyer
2219,Travis Colon,male,56,lawyer
2220,Ashley Soto,female,61,consultant
2221,Susan Moore,female,38,warehouse worker
2222,Jeremy Hunter,male,45,data scientist
2223,Annette Holland,female,19,student
2224,Brenda Allison,female,18,shop assistant
2225,Jason Mack,male,37,unemployed
2226,Rhonda Peterson,female,29,doctor
2227,Bradley Watson,male,57,mechanic
2228,Heather Ortega,female,42,musician
2229,Nicole Fisher,female,50,graphic designer
2230,Rebecca Gutierrez,female,64,musician
2231,Jimmy Phelps,male,48,sales executive
2232,Heidi Johnson,female,66,business owner
2233,Alexandra Drake,female,22,photographer
2234,Bradley Edwards,male,37,journalist
2235,Carly PhD,female,53,retail worker
2236,Martin Orr,male,43,nurse
2237,Mark Reeves,male,29,engineer
2238,Kelly Phillips,female,59,police officer
2239,Melanie Spencer,female,39,sales executive
2240,Patrick Blankenship,male,44,writer
2241,Douglas Rose,male,27,nurse
2242,Michael Griffin,male,59,architect
2243,Kimberly Kramer,female,53,farmer
2244,Michael Barron,male,65,musician
2245,Jared Gonzalez,male,42,engineer
2246,Andrew Cook,male,22,student
2247,Patrick Martinez,male,45,writer
2248,Diane DDS,female,47,content creator
2249,Nicole Moore,female,68,doctor
2250,Robert Vargas,male,50,financial analyst
2251,Raymond Barber,male,64,project manager
2252,Ashley MD,female,50,lecturer
2253,Henry Williams,male,41,farmer
2254,Belinda Evans,female,53,software developer
2255,Jody Bird,female,25,student
2256,Virginia Cunningham,female,36,customer service representative
2257,Mark Ferguson,male,50,electrician
2258,Gregory Mitchell,male,67,consultant
2259,Michelle Chambers,female,57,social worker
2260,Joseph Wright,male,59,social worker
2261,Kevin Carson,male,19,retail worker
2262,Annette Dawson,female,53,architect
2263,Karen Griffin,female,54,travel agent
2264,Joseph Chapman,male,47,lawyer
2265,James Baker,male,31,pharmacist
2266,Jay Alexander,male,33,consultant
2267,Katherine Mcpherson,female,42,homemaker
2268,Brianna Martinez,female,27,financial analyst
2269,Carl Bush,male,54,engineer
2270,Bailey Lewis,female,49,nurse
2271,Paul Raymond,male,56,consultant
2272,Tiffany Guzman,female,54,musician
2273,Barbara Armstrong,female,50,professor
2274,Christian Watson,male,41,human resources officer
2275,Elizabeth PhD,female,41,graphic designer
2276,Leah Williams,female,23,data analyst
2277,Stephen Lewis,male,47,data analyst
2278,John Martinez,male,42,project manager
2279,Seth Butler,male,36,insurance agent
2280,Krystal Mccullough,female,57,civil servant
2281,Karen Cortez,female,43,unemployed
2282,Philip Wagner,male,57,government employee
2283,Jerry Cole,male,63,entrepreneur
2284,Frederick Marsh,male,27,government employee
2285,Jason Hall,male,42,shop assistant
2286,Kimberly Rubio,female,44,data analyst
2287,Nancy Brewer,female,72,artist
2288,Michael Armstrong,male,52,electrician
2289,Michelle Hoffman,female,57,manager
2290,Kristin Lee,female,34,lecturer
2291,Laura Brown,female,35,warehouse worker
2292,Collin Alvarez,male,44,police officer
2293,Bryan Mayer,male,34,pharmacist
2294,Alicia Buchanan,female,35,content creator
2295,Michael Clay,male,47,shop assistant
2296,Renee Lawson,female,47,lecturer
2297,Andrew Atkins,male,36,civil servant
2298,Jessica Perry,female,60,writer
2299,Emily Scott,female,36,administrative officer
2300,Brett Jackson,male,36,teacher
2301,David Davis,male,25,mechanic
2302,Jason Jackson,male,53,engineer
2303,Erika Johnson,female,24,unemployed
2304,Jean Flores,female,46,technician
2305,Erika Bennett,female,30,financial analyst
2306,Kevin Vasquez,male,59,lawyer
2307,John Russell,male,36,farmer
2308,Derrick Richmond,male,27,human resources officer
2309,David Peters,male,49,travel agent
2310,Eric Russell,male,50,chef
2311,Madison Harris,female,48,construction worker
2312,Victoria Casey,female,54,architect
2313,Jeff Buck,male,53,police officer
2314,April Marshall,female,45,travel agent
2315,Dylan Stanton,male,58,insurance agent
2316,Taylor Olson,female,51,teacher
2317,Sara James,female,52,delivery driver
2318,Mark Richards,male,55,sales executive
2319,Angel Stevenson,male,33,mechanic
2320,Eric Foster,male,54,data scientist
2321,Brenda Hawkins,female,22,police officer
2322,Jessica Bishop,female,55,police officer
2323,Emily Fleming,female,42,project manager
2324,Dean Mullins,male,37,accountant
2325,David Bird,male,41,accountant
2326,Joe Greene,male,32,pharmacist
2327,Michael Lucas,male,18,student
2328,John Valenzuela,male,36,content creator
2329,Jason Woodard,male,54,customer service representative
2330,Phillip Medina,male,53,project manager
2331,Ronnie Powers,male,44,social worker
2332,Heather Hess,female,22,unemployed
2333,Hunter Thompson,male,27,social worker
2334,Timothy Wallace,male,26,banker
2335,Alejandro Campbell,male,49,government employee
2336,Hunter Davis,male,32,software developer
2337,Eric Robbins,male,31,writer
2338,Katherine Cox,female,32,banker
2339,Summer Mann,female,50,doctor
2340,Christina Nicholson,female,27,pharmacist
2341,Sergio Carroll,male,24,sales executive
2342,Juan Keller,male,44,sales executive
2343,Melanie Cunningham,female,59,freelancer
2344,Carl Brown,male,28,military personnel
2345,Rachael Lee,female,28,business owner
2346,Wendy Steele,female,45,consultant
2347,Dawn Castro,female,63,doctor
2348,Teresa Davidson,female,45,mechanic
2349,Amber Mcmillan,female,60,banker
2350,Whitney Hill,female,58,retail worker
2351,Julie Ward,female,42,graphic designer
2352,Stacey Walker,female,29,marketing specialist
2353,Jennifer Cole,female,43,musician
2354,Cory Miller,male,61,accountant
2355,Alexander Mclaughlin,male,42,content creator
2356,Jessica MD,female,25,sales executive
2357,Emily Garrett,female,46,human resources officer
2358,John Morton,male,47,police officer
2359,Lori Cook,female,48,marketing specialist
2360,Brian Allen,male,54,banker
2361,Amy Cook,female,67,artist
2362,Terri Parsons,female,42,professor
2363,Pamela Garrett,female,25,architect
2364,Emily Abbott,female,28,teacher
2365,Cameron Ellison,male,59,artist
2366,Elizabeth Sims,female,53,travel agent
2367,Michael Hansen,male,63,retired
2368,James Davis,male,35,engineer
2369,David Greene,male,58,business owner
2370,Adam Reyes,male,45,chef
2371,Spencer Harvey,male,58,social worker
2372,Teresa Logan,female,18,farmer
2373,Erin Lee,female,30,human resources officer
2374,Linda Jones,female,39,marketing specialist
2375,Cory Berry,male,51,administrative officer
2376,Dawn Fisher,female,38,electrician
2377,Jill Sanchez,female,34,doctor
2378,Antonio Collins,male,49,lecturer
2379,Tyler Webster,male,21,shop assistant
2380,Stephen Rowe,male,46,chef
2381,Aimee Willis,female,41,military personnel
2382,Amy Hunter,female,25,human resources officer
2383,Shannon Henderson,female,31,sales executive
2384,Christina Kerr,female,33,homemaker
2385,Glenn Contreras,male,27,chef
2386,William Greene,male,28,technician
2387,Laura Mccarty,female,56,social worker
2388,Jason Martin,male,26,researcher
2389,Aaron Walker,male,60,electrician
2390,Marcus Allen,male,64,business owner
2391,Tiffany Rivera,female,44,government employee
2392,Jack Jr.,male,43,financial analyst
2393,Donna Lee,female,46,construction worker
2394,Pamela Williams,female,24,customer service representative
2395,Christina Thompson,female,52,sales executive
2396,Michelle Morgan,female,46,nurse
2397,Cassandra Smith,female,53,farmer
2398,Thomas Smith,male,41,retail worker
2399,James Cobb,male,59,journalist
2400,Timothy Torres,male,69,professor
2401,Rhonda Guerrero,female,64,business owner
2402,Vanessa Cuevas,female,50,banker
2403,Shawn Jones,male,58,police officer
2404,Thomas Norton,male,26,farmer
2405,James Brooks,male,29,researcher
2406,Vanessa Sanchez,female,73,retired
2407,Luis Lopez,male,50,freelancer
2408,Rachel Murphy,female,39,real estate agent
2409,Rebecca Salas,female,63,accountant
2410,Warren Blackwell,male,61,pharmacist
2411,Brad Ruiz,male,58,doctor
2412,Austin Romero,male,44,electrician
2413,Maria Hicks,female,65,consultant
2414,Julie Morris,female,18,student
2415,Melissa Baldwin,female,47,shop assistant
2416,Debra Morales,female,28,marketing specialist
2417,Lauren Johnson,female,28,real estate agent
2418,Christina Roy,female,38,sales executive
2419,Eric Oneal,male,63,insurance agent
2420,Taylor Brooks,female,43,shop assistant
2421,Brandy Miller,female,37,delivery driver
2422,Heather Silva,female,40,nurse
2423,Marc Simmons,male,47,delivery driver
2424,Jennifer Ballard,female,34,nurse
2425,Janet White,female,49,consultant
2426,Maria Howard,female,39,warehouse worker
2427,Sarah Hunt,female,47,warehouse worker
2428,Rachel House,female,53,engineer
2429,Andrea Johnson,female,43,farmer
2430,Christina Murphy,female,37,unemployed
2431,Robyn Sutton,female,56,data scientist
2432,Michael Bolton,male,25,student
2433,Patrick Jr.,male,24,military personnel
2434,Samantha Logan,female,63,real estate agent
2435,Jared Carpenter,male,31,software developer
2436,John Hunt,male,36,unemployed
2437,Brittany Sanders,female,38,data scientist
2438,Richard Todd,male,62,lawyer
2439,Joel Conner,male,31,business owner
2440,Chelsea Carrillo,female,43,architect
2441,Daniel Cole,male,36,lecturer
2442,James Ray,male,47,freelancer
2443,Terri Smith,female,63,journalist
2444,Ruben Morgan,male,32,mechanic
2445,Michael Powell,male,45,farmer
2446,Joshua Nguyen,male,54,homemaker
2447,Rachel Weeks,female,33,photographer
2448,Lindsey Franklin,female,38,banker
2449,Veronica Harris,female,47,professor
2450,Joseph Lopez,male,57,real estate agent
2451,Keith Hayes,male,56,professor
2452,Anna Garcia,female,26,delivery driver
2453,Andrew Barker,male,53,pharmacist
2454,Cody Jones,male,24,pharmacist
2455,David Keller,male,47,delivery driver
2456,Amy Stone,female,25,data scientist
2457,Shannon Jenkins,female,63,farmer
2458,Ashley Herrera,female,35,retail worker
2459,Benjamin Friedman,male,27,architect
2460,Carlos Harris,male,47,military personnel
2461,Todd Matthews,male,47,project manager
2462,Charles Brown,male,36,electrician
2463,Robert Fox,male,60,sales executive
2464,Shawn Stevens,male,30,warehouse worker
2465,Omar Roberts,male,22,shop assistant
2466,Jesus Graves,male,42,electrician
2467,Edward Austin,male,43,delivery driver
2468,Christopher Wright,male,30,customer service representative
2469,Nicholas Ellis,male,62,social worker
2470,Catherine Carroll,female,35,retail worker
2471,Tracy Allen,male,39,lecturer
2472,Donald Fuller,male,75,homemaker
2473,Thomas Wolfe,male,41,banker
2474,Daniel Snyder,male,46,construction worker
2475,Kristen MD,female,52,project manager
2476,Randall Nguyen,male,29,musician
2477,David Hunter,male,36,unemployed
2478,Benjamin Neal,male,24,pharmacist
2479,Jane Reese,female,39,delivery driver
2480,Jennifer Smith,female,47,construction worker
2481,Thomas Murphy,male,34,data analyst
2482,John Jones,male,45,data analyst
2483,David Dodson,male,39,data scientist
2484,Samantha Skinner,female,22,data analyst
2485,Albert Garcia,male,36,civil servant
2486,Pamela Byrd,female,43,freelancer
2487,Hunter Robinson,male,38,insurance agent
2488,Megan Robinson,female,35,customer service representative
2489,Russell Cain,male,32,engineer
2490,Mitchell Prince,male,47,human resources officer
2491,Elizabeth Williams,female,31,retail worker
2492,Patricia Wang,female,46,data analyst
2493,Jade Allen,female,58,nurse
2494,Jennifer Hays,female,42,technician
2495,Cheryl Caldwell,female,64,government employee
2496,Sonya Robles,female,46,journalist
2497,Christopher Jackson,male,74,homemaker
2498,Brian Murphy,male,24,entrepreneur
2499,Chelsey Clark,female,53,doctor
2500,Todd Martinez,male,30,retail worker
2501,Howard Thompson,male,43,financial analyst
2502,Emily Price,female,48,construction worker
2503,Andrea Briggs,female,45,lecturer
2504,Jacob Jones,male,46,travel agent
2505,Elizabeth George,female,30,farmer
2506,Ashley DVM,female,35,travel agent
2507,Christopher Haley,male,34,military personnel
2508,William Horton,male,20,student
2509,William Benson,male,39,content creator
2510,Madison Henson,female,69,doctor
2511,Sarah Olson,female,38,project manager
2512,Lee Richards,male,57,entrepreneur
2513,Margaret Hall,female,27,mechanic
2514,Virginia Hall,female,26,real estate agent
2515,Steven Parker,male,55,military personnel
2516,Nicole Harvey,female,20,retail worker
2517,Jade Phillips,female,29,writer
2518,Christine Johnson,female,46,consultant
2519,Linda Bautista,female,37,content creator
2520,Erin Ramirez,female,39,nurse
2521,Paige Meyer,female,47,researcher
2522,Maria MD,female,55,graphic designer
2523,Gary Allen,male,31,pharmacist
2524,Susan Ortega,female,56,nurse
2525,Michael Ball,male,55,lecturer
2526,James Morris,male,35,real estate agent
2527,Aaron Kane,male,45,entrepreneur
2528,Corey Walters,male,44,data scientist
2529,Christina Davis,female,26,musician
2530,Ronald Frederick,male,32,banker
2531,Angela Hardy,female,50,graphic designer
2532,Mikayla Sanchez,female,24,retail worker
2533,David Mitchell,male,38,lawyer
2534,Mark Nelson,male,43,marketing specialist
2535,Bobby Kaufman,male,41,teacher
2536,Christopher Alexander,male,41,writer
2537,Nicholas Wolf,male,58,farmer
2538,Rebecca Smith,female,24,human resources officer
2539,Sarah Blake,female,34,sales executive
2540,Kurt Hernandez,male,50,professor
2541,Dawn Ford,female,29,photographer
2542,James Obrien,male,49,lecturer
2543,Breanna Harrison,female,30,engineer
2544,Chelsey Smith,female,53,consultant
2545,Nicholas Henry,male,57,journalist
2546,Teresa Waller,female,32,freelancer
2547,John Davidson,male,30,researcher
2548,Jason Williams,male,60,business owner
2549,Janice Cunningham,female,53,engineer
2550,Miranda Hicks,female,28,musician
2551,Michael Horton,male,29,administrative officer
2552,Timothy Fitzgerald,male,29,travel agent
2553,Andrew Li,male,68,architect
2554,Michael Terry,male,40,shop assistant
2555,Dean Gibson,male,54,entrepreneur
2556,Dawn Guzman,female,21,warehouse worker
2557,Ryan Smith,male,54,administrative officer
2558,Maria Rangel,female,43,pharmacist
2559,Kevin Santana,male,41,customer service representative
2560,Chelsea Henderson,female,51,technician
2561,Dawn Turner,female,50,police officer
2562,James Parker,male,45,travel agent
2563,Shawn Luna,male,25,technician
2564,Mark Frank,male,18,content creator
2565,Brenda Goodman,female,62,writer
2566,Jennifer Parker,female,25,real estate agent
2567,Robert Jr.,male,28,shop assistant
2568,Kelly Pena,female,51,real estate agent
2569,Christopher Brooks,male,33,freelancer
2570,Craig White,male,20,construction worker
2571,Jerry Olsen,male,39,customer service representative
2572,Anthony White,male,22,freelancer
2573,David Barrera,male,45,real estate agent
2574,Christopher Carter,male,27,accountant
2575,Destiny Peterson,female,36,real estate agent
2576,John Chambers,male,22,sales executive
2577,Amy Walton,female,39,civil servant
2578,Kevin Huerta,male,54,nurse
2579,Kelly Smith,female,34,data analyst
2580,Victoria Juarez,female,31,construction worker
2581,John Rogers,male,33,artist
2582,Jacqueline Wu,female,44,software developer
2583,Teresa MD,female,62,civil servant
2584,Heather Rivera,female,50,police officer
2585,Joyce Hale,female,41,civil servant
2586,Stephen Taylor,male,33,graphic designer
2587,Sheila Ramirez,female,51,chef
2588,Robert Richardson,male,45,sales executive
2589,Mary Alvarez,female,34,social worker
2590,Cole Andersen,male,35,civil servant
2591,Robin Smith,female,25,software developer
2592,Amber Aguirre,female,51,professor
2593,Jeremy Lawson,male,38,researcher
2594,Tara Galvan,female,71,retired
2595,Shannon PhD,female,48,artist
2596,Chloe Thomas,female,33,warehouse worker
2597,Kenneth Vincent,male,35,marketing specialist
2598,Carl Robles,male,31,real estate agent
2599,Michael Dunn,male,37,insurance agent
2600,Christopher Griffin,male,51,human resources officer
2601,Mary Allen,female,49,technician
2602,Nicole Keller,female,45,banker
2603,Jessica Baldwin,female,37,insurance agent
2604,Timothy Orr,male,42,engineer
2605,Daniel Scott,male,43,marketing specialist
2606,Stephanie Martinez,female,23,shop assistant
2607,Kimberly Swanson,female,37,unemployed
2608,Michael Wiggins,male,60,retired
2609,Pamela Burke,female,38,financial analyst
2610,James Love,male,45,construction worker
2611,James May,male,43,graphic designer
2612,Savannah Stokes,female,61,homemaker
2613,Brian Miller,male,26,journalist
2614,Natalie Pineda,female,54,project manager
2615,Audrey Richardson,female,51,journalist
2616,Tiffany Ray,female,52,data analyst
2617,Amy Nichols,female,42,content creator
2618,Veronica Flores,female,62,accountant
2619,Meghan Hogan,female,62,pharmacist
2620,Kyle Walker,male,62,retired
2621,Joshua Murray,male,41,data analyst
2622,Terri Hood,female,50,unemployed
2623,Jesus Guzman,male,41,data analyst
2624,Mary Solis,female,58,travel agent
2625,Linda Parker,female,52,farmer
2626,Caleb DDS,male,56,delivery driver
2627,Ronald Simpson,male,29,warehouse worker
2628,James Zavala,male,39,writer
2629,Samantha Clark,female,21,software developer
2630,Robert Graves,male,69,homemaker
2631,James Joyce,male,60,business owner
2632,Samuel Ritter,male,43,musician
2633,Gail Gregory,female,49,customer service representative
2634,Norma DDS,female,35,farmer
2635,Michael Lee,male,29,marketing specialist
2636,James Anderson,male,59,real estate agent
2637,Kevin Trujillo,male,48,researcher
2638,Michael Ellis,male,29,freelancer
2639,Chad Dominguez,male,54,human resources officer
2640,Charles Robinson,male,51,human resources officer
2641,Nancy Smith,female,61,government employee
2642,Kenneth Gregory,male,23,accountant
2643,Charles MD,male,54,construction worker
2644,Timothy Davis,male,29,construction worker
2645,Anthony Baird,male,56,retail worker
2646,Kevin Booker,male,47,retail worker
2647,Jared Johnson,male,36,nurse
2648,John Watts,male,52,data analyst
2649,Matthew Bennett,male,28,shop assistant
2650,Rebecca Barrett,female,46,data analyst
2651,Sharon Santos,female,34,government employee
2652,Marissa Richardson,female,58,researcher
2653,Bradley Burns,male,40,architect
2654,Katrina Johnson,female,24,musician
2655,Laura Hill,female,62,lawyer
2656,Rebecca White,female,51,banker
2657,Maria Hamilton,female,49,social worker
2658,Ariana Brown,female,45,human resources officer
2659,Robert Lopez,male,46,military personnel
2660,Alejandro Hawkins,male,25,real estate agent
2661,Robert Freeman,male,27,government employee
2662,Kevin Reeves,male,59,unemployed
2663,Becky Mullins,female,51,financial analyst
2664,Catherine George,female,35,warehouse worker
2665,Kristen Mcbride,female,24,content creator
2666,Carl Harris,male,42,accountant
2667,Justin York,male,46,consultant
2668,William Hunter,male,53,financial analyst
2669,Joshua Henderson,male,19,shop assistant
2670,April Turner,female,34,mechanic
2671,Kelly Patton,female,28,homemaker
2672,Jill Ray,female,50,software developer
2673,Joseph Andersen,male,25,engineer
2674,Kimberly Clark,female,44,engineer
2675,Robert Young,male,65,project manager
2676,Elizabeth Wall,female,43,content creator
2677,Lindsey Robinson,female,48,graphic designer
2678,Carl Dean,male,20,entrepreneur
2679,David James,male,33,freelancer
2680,Jessica Neal,female,43,mechanic
2681,Andrea Oconnor,female,39,data analyst
2682,Corey DDS,male,50,manager
2683,Larry Barnes,male,43,marketing specialist
2684,Willie Hamilton,male,25,journalist
2685,Lindsey Jones,female,47,military personnel
2686,Brian Kelley,male,22,software developer
2687,Mark Cox,male,53,doctor
2688,Denise Melton,female,54,professor
2689,Alexandra Bennett,female,31,software developer
2690,Ashley Frost,female,43,chef
2691,Monica Parker,female,52,electrician
2692,John Rice,male,37,government employee
2693,Sharon Arnold,female,27,marketing specialist
2694,Steven Jackson,male,31,photographer
2695,James Reed,male,25,researcher
2696,Walter Schmidt,male,79,retired
2697,Sarah Woods,female,44,software developer
2698,Adam Palmer,male,63,architect
2699,Cameron Gray,male,36,chef
2700,Anthony Swanson,male,39,data scientist
2701,David Franklin,male,34,customer service representative
2702,Catherine Andersen,female,49,project manager
2703,Jonathan Hill,male,56,professor
2704,Teresa Keith,female,29,travel agent
2705,Elizabeth Hodge,female,65,pharmacist
2706,Jennifer Edwards,female,78,retired
2707,Bobby Blair,male,18,military personnel
2708,Carmen Brown,female,27,journalist
2709,Kristen Vasquez,female,30,engineer
2710,Victor Coleman,male,49,banker
2711,Monica Castillo,female,29,pharmacist
2712,Zachary Barron,male,65,project manager
2713,Jared Jensen,male,55,delivery driver
2714,Nichole Klein,female,24,artist
2715,Paul Sanchez,male,27,homemaker
2716,Trevor Morrow,male,27,nurse
2717,Joseph Lynch,male,67,homemaker
2718,Vincent Craig,male,29,manager
2719,Kelly Walker,female,24,shop assistant
2720,Sara Palmer,female,51,real estate agent
2721,Jay Gray,male,53,artist
2722,Ashley Sloan,female,56,unemployed
2723,Kimberly Miranda,female,21,police officer
2724,Elizabeth Carter,female,32,unemployed
2725,Oscar Carroll,male,41,chef
2726,Elizabeth Fitzpatrick,female,57,unemployed
2727,Samantha Johnson,female,45,graphic designer
2728,Luke Freeman,male,45,electrician
2729,Luis Murphy,male,39,lecturer
2730,Abigail Zamora,female,43,lecturer
2731,Heather Garcia,female,41,software developer
2732,Bradley Robertson,male,42,customer service representative
2733,Caleb Freeman,male,40,insurance agent
2734,Matthew Perez,male,45,government employee
2735,Edwin Patterson,male,52,civil servant
2736,Robert Rodriguez,male,33,government employee
2737,Ryan Martin,male,29,engineer
2738,Jessica Howard,female,62,nurse
2739,Craig Lopez,male,59,government employee
2740,James Manning,male,28,journalist
2741,Caitlin Gonzalez,female,58,pharmacist
2742,Mary Baker,female,58,freelancer
2743,Joshua Marsh,male,23,writer
2744,Erika Duran,female,45,lecturer
2745,Jonathan Mclean,male,60,lawyer
2746,Alex Moore,male,52,software developer
2747,Pamela Young,female,38,financial analyst
2748,Gordon Bray,male,54,sales executive
2749,Jeffrey Roberts,male,56,lecturer
2750,Philip Wright,male,35,lawyer
2751,Kayla Wright,female,46,pharmacist
2752,Sharon Gamble,female,40,engineer
2753,Robert Gonzalez,male,51,pharmacist
2754,Rhonda Haynes,female,58,engineer
2755,Christopher Riddle,male,37,lawyer
2756,Madison Perez,female,64,lecturer
2757,Andrew Mooney,male,35,artist
2758,Jeffery Jensen,male,31,police officer
2759,Anthony Russell,male,46,real estate agent
2760,Madeline Hall,female,49,journalist
2761,John Hicks,male,44,musician
2762,Elizabeth Adams,female,20,customer service representative
2763,Gregory Barnes,male,69,professor
2764,Anthony Williams,male,37,delivery driver
2765,Natasha Lewis,female,42,entrepreneur
2766,Susan Garcia,female,18,construction worker
2767,Travis Cox,male,54,project manager
2768,Brent Smith,male,27,researcher
2769,Scott Rivera,male,36,retail worker
2770,Isaiah Maxwell,male,45,police officer
2771,Jacob Santos,male,32,accountant
2772,Janet Eaton,female,20,unemployed
2773,Natalie Martinez,female,27,content creator
2774,Susan Pena,female,27,technician
2775,Michael Schaefer,male,25,police officer
2776,Joshua Cooper,male,52,software developer
2777,Andrew Lee,male,34,social worker
2778,David Wiley,male,20,unemployed
2779,Susan Hester,female,52,project manager
2780,Joan Love,female,41,mechanic
2781,Barry Barnes,male,59,warehouse worker
2782,Jonathan Johnson,male,32,researcher
2783,Kylie Bauer,female,70,homemaker
2784,Patrick Sanders,male,37,administrative officer
2785,Seth Mata,male,38,manager
2786,Paul Cruz,male,34,graphic designer
2787,Jennifer Nelson,female,34,content creator
2788,Christopher Robinson,male,53,lecturer
2789,Shawn Gibbs,male,41,mechanic
2790,Michael Warren,male,31,mechanic
2791,Daniel Erickson,male,46,manager
2792,Carolyn Williams,female,56,data scientist
2793,Amanda Hernandez,female,45,nurse
2794,Timothy Nelson,male,38,electrician
2795,Marvin Wright,male,50,unemployed
2796,Larry Wood,male,55,data analyst
2797,Michele Dunn,female,51,doctor
2798,Jason Carr,male,29,journalist
2799,Anthony Cabrera,male,38,construction worker
2800,Daniel Sanford,male,31,accountant
2801,Valerie Medina,female,22,nurse
2802,Richard Jr.,male,30,electrician
2803,Janet Valdez,female,56,manager
2804,Madison Pierce,female,35,warehouse worker
2805,Connie Adams,female,29,pharmacist
2806,Rhonda Mullins,female,57,retail worker
2807,David Barber,male,70,real estate agent
2808,Stephanie Davis,female,50,journalist
2809,Cody Huffman,male,52,consultant
2810,John Blair,male,51,artist
2811,Alex Martin,male,23,entrepreneur
2812,Jennifer Franklin,female,62,professor
2813,Andrea Sanchez,female,48,human resources officer
2814,Tracy Garcia,female,44,social worker
2815,Nicholas Morton,male,31,shop assistant
2816,Jamie Smith,female,46,graphic designer
2817,Pamela Newman,female,21,student
2818,David Miller,male,36,shop assistant
2819,Lori Smith,female,64,journalist
2820,Ashley Fitzgerald,female,28,consultant
2821,Michael Harris,male,66,doctor
2822,Justin Wallace,male,30,writer
2823,Evelyn Moore,female,59,entrepreneur
2824,Michael Burton,male,55,civil servant
2825,Samantha Garcia,female,21,military personnel
2826,Jorge Copeland,male,68,business owner
2827,Thomas Johnson,male,37,military personnel
2828,Charles Rios,male,38,homemaker
2829,Shawn Cruz,male,65,freelancer
2830,Rodney Rodriguez,male,47,travel agent
2831,Brian Garcia,male,57,travel agent
2832,Heather Gilbert,female,33,technician
2833,Tammy Gillespie,female,22,mechanic
2834,Lindsey Thompson,female,37,administrative officer
2835,Linda Shelton,female,28,lecturer
2836,Mary Turner,female,18,farmer
2837,Hannah Garcia,female,31,project manager
2838,Mary Cantu,female,54,manager
2839,Michael Jones,male,26,delivery driver
2840,Taylor Hernandez,female,49,content creator
2841,Erica Myers,female,47,data analyst
2842,Richard Mendoza,male,23,software developer
2843,Kenneth Moyer,male,22,electrician
2844,Brandon Cooley,male,52,lecturer
2845,Janice Flores,female,35,architect
2846,Melissa Gutierrez,female,47,military personnel
2847,Gavin Pham,male,64,travel agent
2848,David Barnes,male,50,financial analyst
2849,Joseph Patel,male,35,lecturer
2850,Janice Carpenter,female,58,musician
2851,Laura Steele,female,74,homemaker
2852,Michele Young,female,36,unemployed
2853,Wendy Smith,female,31,software developer
2854,Tyler Mccall,male,38,technician
2855,Hannah Allison,female,23,student
2856,Sabrina Phillips,female,49,banker
2857,Sarah Bonilla,female,53,civil servant
2858,Dana Carey,female,40,graphic designer
2859,Brenda Hayden,female,36,military personnel
2860,Jamie Johnson,female,48,customer service representative
2861,Michael Bates,male,31,customer service representative
2862,Sara Harrell,female,25,teacher
2863,Holly Miller,female,25,marketing specialist
2864,Keith Cervantes,male,39,electrician
2865,Clarence Manning,male,35,construction worker
2866,Melissa Evans,female,49,journalist
2867,Gail Harrington,female,50,police officer
2868,Dustin Moore,male,53,pharmacist
2869,Amanda Potter,female,48,musician
2870,Alexandra Wall,female,41,marketing specialist
2871,Sherri Spencer,female,25,engineer
2872,Tamara Shaw,female,59,engineer
2873,Jeff Moore,male,65,freelancer
2874,Vanessa Martinez,female,53,nurse
2875,Lisa Robinson,female,66,homemaker
2876,Paul Hansen,male,25,delivery driver
2877,Robert Mcdonald,male,30,lawyer
2878,Martin Wilcox,male,26,researcher
2879,Regina Lucas,female,35,business owner
2880,Ashley Miller,female,50,military personnel
2881,Sarah Johnson,female,43,project manager
2882,Kimberly Jones,female,51,freelancer
2883,Nicole Parker,female,28,content creator
2884,Mark Johnson,male,39,unemployed
2885,Vanessa Cunningham,female,25,pharmacist
2886,Rachel Williams,female,25,farmer
2887,Diane Sanders,female,38,consultant
2888,Nicole Swanson,female,53,travel agent
2889,Anne Russell,female,41,unemployed
2890,Brian Aguirre,male,23,civil servant
2891,Laurie Reyes,female,63,photographer
2892,Samuel Roberts,male,51,government employee
2893,Joel Mcclure,male,42,retail worker
2894,Nathan Wilkerson,male,42,pharmacist
2895,Matthew Mack,male,37,business owner
2896,Victor Black,male,55,shop assistant
2897,Marisa Conrad,female,56,manager
2898,Richard Morgan,male,52,freelancer
2899,Scott Jordan,male,23,construction worker
2900,Patricia Hughes,female,21,artist
2901,Leroy Jones,male,62,freelancer
2902,Lori Jimenez,female,26,student
2903,Charles Harrell,male,49,technician
2904,Wayne Harrington,male,37,retail worker
2905,Anna Edwards,female,43,travel agent
2906,Candice Ramirez,female,25,marketing specialist
2907,Brandon White,male,50,technician
2908,Deanna Kennedy,female,47,accountant
2909,Shawn Santos,male,31,delivery driver
2910,Caleb Carroll,male,47,human resources officer
2911,Shannon Morales,female,46,business owner
2912,Sylvia Anderson,female,36,nurse
2913,Sarah Crane,female,49,professor
2914,Shawn Fleming,male,38,data analyst
2915,Mathew Figueroa,male,57,lawyer
2916,Samantha Smith,female,38,technician
2917,Donna Moore,female,26,teacher
2918,Benjamin Price,male,65,farmer
2919,Brandon Owens,male,23,financial analyst
2920,Stephanie Marshall,female,48,human resources officer
2921,Nicholas Lowery,male,50,data scientist
2922,Randy Gonzalez,male,67,homemaker
2923,Evan Davies,male,58,lecturer
2924,Michaela Alvarez,female,50,electrician
2925,Andrew Moore,male,38,retail worker
2926,Mark Flores,male,51,entrepreneur
2927,Lindsay James,female,42,real estate agent
2928,Heather Jordan,female,28,farmer
2929,Anthony Parrish,male,37,entrepreneur
2930,Michael Nelson,male,62,project manager
2931,Bradley Jones,male,30,lecturer
2932,Edwin Joseph,male,55,researcher
2933,Kelly Caldwell,female,69,real estate agent
2934,Ronald Davis,male,58,accountant
2935,Gloria Mullins,female,18,customer service representative
2936,Hannah Barnes,female,56,pharmacist
2937,Melissa Martin,female,58,administrative officer
2938,Henry Schwartz,male,31,civil servant
2939,Adam Logan,male,45,technician
2940,Blake Contreras,male,27,marketing specialist
2941,Franklin Downs,male,39,accountant
2942,Natalie Doyle,female,22,administrative officer
2943,Brittany Ellis,female,34,doctor
2944,Sean Wilson,male,46,farmer
2945,Sandra Martinez,female,30,homemaker
2946,Tracy Davis,female,29,sales executive
2947,William Fisher,male,47,data analyst
2948,Carol Gray,female,45,data scientist
2949,Tristan Bonilla,male,49,data analyst
2950,Alexis Cervantes,female,42,farmer
2951,Steven Shaw,male,22,freelancer
2952,Michael Banks,male,52,writer
2953,Jennifer Bell,female,21,technician
2954,Joseph Hubbard,male,35,software developer
2955,Casey Patterson,female,28,student
2956,Kurt Daniels,male,56,engineer
2957,Ryan Barker,male,47,freelancer
2958,Diane Oliver,female,33,researcher
2959,Shannon Cowan,female,56,delivery driver
2960,Ashley Banks,female,40,professor
2961,Jason Crawford,male,30,technician
2962,Tammy Garcia,female,54,software developer
2963,Jennifer Walker,female,24,data scientist
2964,James Gonzalez,male,54,retail worker
2965,Belinda Ponce,female,35,banker
2966,Jennifer Hoover,female,20,unemployed
2967,Patrick Smith,male,37,engineer
2968,Courtney Campbell,female,29,customer service representative
2969,Dennis Roberson,male,58,project manager
2970,Jason Allen,male,28,project manager
2971,Jacqueline Montoya,female,24,pharmacist
2972,Lindsay Rogers,female,50,lawyer
2973,Willie Allen,male,44,freelancer
2974,Matthew Poole,male,46,nurse
2975,Kenneth Anderson,male,38,homemaker
2976,William Thompson,male,70,real estate agent
2977,Joseph Kim,male,41,warehouse worker
2978,Robert Gordon,male,25,musician
2979,Richard Cameron,male,42,musician
2980,David Tran,male,32,administrative officer
2981,Dalton Davis,male,45,manager
2982,Mark Watkins,male,22,construction worker
2983,Michelle Knapp,female,76,retired
2984,James Newton,male,58,nurse
2985,Jody Welch,female,58,consultant
2986,Cynthia Hurst,female,35,retail worker
2987,Joseph Sanchez,male,53,software developer
2988,Rachel Townsend,female,44,consultant
2989,Denise Donovan,female,60,delivery driver
2990,Mark Riley,male,39,real estate agent
2991,Jimmy Carlson,male,39,graphic designer
2992,Diane Kline,female,45,marketing specialist
2993,Kathleen Ward,female,29,student
2994,Jeanette Henry,female,56,insurance agent
2995,Angel Chung,female,29,data scientist
2996,Michael Brooks,male,24,civil servant
2997,Terry Stokes,male,42,administrative officer
2998,Adam White,male,32,business owner
2999,Lisa Johnson,female,55,doctor
3000,Xavier DDS,male,44,journalist
3001,Brooke Harmon,female,26,student
3002,Corey Johnson,male,35,artist
3003,Jorge Hernandez,male,58,consultant
3004,Brian Robinson,male,37,travel agent
3005,Daniel Luna,male,51,project manager
3006,Debra Olson,female,34,real estate agent
3007,Hannah Arnold,female,22,entrepreneur
3008,Natasha Simpson,female,30,military personnel
3009,Jennifer Lee,female,52,accountant
3010,Melissa Clay,female,39,banker
3011,Jenna Silva,female,61,civil servant
3012,Emily Bauer,female,50,warehouse worker
3013,John Andrade,male,25,student
3014,Paul Cabrera,male,55,banker
3015,Lisa Patterson,female,53,graphic designer
3016,Jacqueline Chen,female,44,human resources officer
3017,Christopher Johnson,male,53,doctor
3018,Laurie Carter,female,67,writer
3019,Matthew Sanford,male,28,architect
3020,Amanda White,female,59,professor
3021,Richard Howard,male,23,writer
3022,Mary Watson,female,53,doctor
3023,Bryan Flores,male,41,lawyer
3024,Gary Marshall,male,39,accountant
3025,Stephanie Hoffman,female,29,military personnel
3026,Lance Rose,male,43,retail worker
3027,Diana Franklin,female,36,warehouse worker
3028,Javier Avila,male,65,travel agent
3029,Erica Gonzalez,female,45,government employee
3030,Jonathan Mooney,male,70,writer
3031,Becky Jackson,female,42,administrative officer
3032,Mason Chase,male,35,musician
3033,Thomas PhD,male,64,unemployed
3034,Steven Hull,male,43,musician
3035,Robert Cummings,male,43,data scientist
3036,Nicole Ross,female,35,pharmacist
3037,Erik Salazar,male,18,artist
3038,Michael Gibson,male,65,lawyer
3039,Walter Martinez,male,61,professor
3040,Luke Johnson,male,40,photographer
3041,Alexandra Garcia,female,40,marketing specialist
3042,Michael Graham,male,26,social worker
3043,Corey Barrera,male,56,pharmacist
3044,Stephanie Mayo,female,55,photographer
3045,Shawna Green,female,44,financial analyst
3046,Brian Valentine,male,40,photographer
3047,Erin Salazar,female,61,artist
3048,Derrick Jackson,male,42,sales executive
3049,Joe Martinez,male,30,project manager
3050,Nicole Barron,female,50,content creator
3051,Jeremy Martinez,male,27,homemaker
3052,Laura Stanley,female,47,marketing specialist
3053,Frank II,male,38,mechanic
3054,Elizabeth Miller,female,51,mechanic
3055,Shelley Keller,female,25,police officer
3056,Christine Miller,female,38,police officer
3057,Adam Robinson,male,31,researcher
3058,Cole Garcia,male,64,professor
3059,Leslie Rose,female,39,social worker
3060,Philip Collins,male,31,unemployed
3061,Christian Wagner,male,68,artist
3062,Colleen Cox,female,46,engineer
3063,Jose Deleon,male,30,software developer
3064,Donald Martin,male,67,retired
3065,Sergio Wong,male,75,farmer
3066,Shawn Mcgee,male,53,graphic designer
3067,Matthew Chavez,male,46,travel agent
3068,Timothy Miller,male,31,project manager
3069,Brittany Shaw,female,35,nurse
3070,Amy Nelson,female,39,real estate agent
3071,Matthew Dennis,male,29,manager
3072,Elizabeth Powell,female,31,business owner
3073,Joseph Snyder,male,47,lecturer
3074,Melanie Lucas,female,40,graphic designer
3075,Derek Jones,male,30,government employee
3076,Darrell Oliver,male,30,insurance agent
3077,Jenna Garcia,female,49,shop assistant
3078,Richard Bailey,male,29,content creator
3079,Kyle Gross,male,25,freelancer
3080,Jonathan Graves,male,34,data scientist
3081,Eric Knox,male,22,data analyst
3082,Ethan Jones,male,46,lawyer
3083,Stephanie Thomas,female,53,nurse
3084,Karen Cook,female,65,civil servant
3085,Dennis Jones,male,59,professor
3086,Samuel Wheeler,male,57,project manager
3087,John Wright,male,67,consultant
3088,Robert Bradley,male,22,nurse
3089,Sara MD,female,53,architect
3090,Brandon Torres,male,23,police officer
3091,Jesse Navarro,male,25,delivery driver
3092,Dawn MD,female,23,military personnel
3093,Harold Mckinney,male,65,homemaker
3094,Patricia Vincent,female,35,homemaker
3095,Kyle Rodriguez,male,30,banker
3096,Nicholas Smith,male,26,homemaker
3097,Scott Jr.,male,44,social worker
3098,David Figueroa,male,53,government employee
3099,Patrick Lee,male,46,shop assistant
3100,Mark Sheppard,male,37,social worker
3101,Meghan Nolan,female,43,banker
3102,Tyler Rose,male,64,photographer
3103,Jason Mcknight,male,46,military personnel
3104,Amanda Meyer,female,29,marketing specialist
3105,Lisa Hamilton,female,42,business owner
3106,Walter Sparks,male,49,pharmacist
3107,Tracy Porter,female,33,travel agent
3108,John Hernandez,male,31,technician
3109,Mary Torres,female,44,unemployed
3110,Diane Watkins,female,25,student
3111,Elizabeth Jordan,female,53,real estate agent
3112,Aaron King,male,33,nurse
3113,Diane Trevino,female,71,artist
3114,Randy Moore,male,50,musician
3115,Debra Ferrell,female,48,project manager
3116,Kevin Miller,male,31,civil servant
3117,Kara Gomez,female,38,financial analyst
3118,Mandy Henderson,female,34,freelancer
3119,Dean Turner,male,53,lecturer
3120,Justin Shelton,male,36,sales executive
3121,Laura Vega,female,33,chef
3122,Chad Spencer,male,63,civil servant
3123,Bradley Knight,male,34,accountant
3124,Kimberly Bennett,female,53,artist
3125,Jeffrey Taylor,male,28,lawyer
3126,Emily Donovan,female,58,warehouse worker
3127,Julie Patterson,female,31,photographer
3128,Jason Johnson,male,31,electrician
3129,Tyler Fisher,male,36,data analyst
3130,Lisa Turner,female,41,civil servant
3131,Jose Martinez,male,24,financial analyst
3132,Keith Carter,male,51,architect
3133,James Powell,male,53,graphic designer
3134,Robert Golden,male,47,writer
3135,Anthony Brown,male,59,government employee
3136,Marie Cook,female,47,electrician
3137,Dylan Olson,male,40,warehouse worker
3138,Amy Yang,female,53,police officer
3139,Patrick Brown,male,25,content creator
3140,Brianna Yang,female,41,consultant
3141,Courtney Lowe,female,26,marketing specialist
3142,Elizabeth Collins,female,43,doctor
3143,Aaron DDS,male,31,graphic designer
3144,Aaron Munoz,male,60,mechanic
3145,Brent Harris,male,39,shop assistant
3146,Sandra Wallace,female,42,graphic designer
3147,Barbara Sullivan,female,45,sales executive
3148,Robert MD,male,38,homemaker
3149,Melanie Villarreal,female,26,social worker
3150,Jessica Fields,female,63,government employee
3151,Robert Sandoval,male,29,student
3152,Patrick Payne,male,44,freelancer
3153,Dylan Contreras,male,28,student
3154,Katherine Contreras,female,65,pharmacist
3155,Michael Rodriguez,male,38,content creator
3156,Jessica Johnson,female,58,professor
3157,Kristy Smith,female,60,architect
3158,Matthew Barry,male,23,student
3159,Andrew Meadows,male,37,accountant
3160,Miranda Hill,female,58,doctor
3161,Hunter MD,male,21,graphic designer
3162,Michelle Myers,female,51,architect
3163,Matthew Bell,male,47,doctor
3164,Gerald Espinoza,male,50,entrepreneur
3165,Donald Farmer,male,25,insurance agent
3166,James Hendricks,male,45,unemployed
3167,Jamie Ruiz,female,51,retail worker
3168,Laura Pennington,female,30,engineer
3169,Kelly Anderson,female,78,retired
3170,Tyler Bailey,male,26,teacher
3171,Jennifer Williams,female,22,military personnel
3172,Timothy Alvarez,male,62,social worker
3173,William Stokes,male,43,retail worker
3174,David Yoder,male,25,electrician
3175,Stephanie Campos,female,43,project manager
3176,Austin Salazar,male,26,police officer
3177,Sarah Jones,female,51,musician
3178,Lawrence Pittman,male,24,electrician
3179,Frank Hale,male,59,lawyer
3180,William Berry,male,74,retired
3181,Dawn Kim,female,23,student
3182,Christina Martin,female,50,journalist
3183,Rhonda Lee,female,53,customer service representative
3184,Lori Barnett,female,29,shop assistant
3185,Rhonda Barry,female,49,chef
3186,Jennifer Payne,female,52,banker
3187,Cody Blair,male,26,pharmacist
3188,Martin Crawford,male,49,teacher
3189,Kelly Wells,male,38,administrative officer
3190,Lisa Hansen,female,60,travel agent
3191,Austin Patterson,male,59,delivery driver
3192,Andrea Miller,female,65,artist
3193,Edward Wilson,male,78,retired
3194,Kyle Rivera,male,24,content creator
3195,Teresa Nielsen,female,57,nurse
3196,Walter Jones,male,25,police officer
3197,Sarah Frederick,female,29,business owner
3198,James Brown,male,46,mechanic
3199,Ashley Ruiz,female,36,manager
3200,Dennis Johnson,male,22,student
3201,Dean Cook,male,55,data analyst
3202,Brenda Payne,female,39,software developer
3203,Thomas Alvarado,male,80,retired
3204,Tanner Warner,male,35,unemployed
3205,Andrew Zavala,male,44,project manager
3206,Kyle Salazar,male,34,engineer
3207,Kristen Potts,female,30,engineer
3208,Amanda Johnson,female,49,travel agent
3209,Marie Reynolds,female,49,mechanic
3210,Sarah Mata,female,46,customer service representative
3211,Anthony Ayala,male,57,doctor
3212,Kimberly Dalton,female,23,photographer
3213,Oscar Tran,male,27,photographer
3214,Ralph Dominguez,male,78,retired
3215,Jeffery Taylor,male,29,government employee
3216,Steven Haas,male,54,marketing specialist
3217,Cory Kim,male,32,lawyer
3218,Crystal Chapman,female,38,entrepreneur
3219,Nicole Beasley,female,67,business owner
3220,Laura Ritter,female,44,mechanic
3221,Nathan Hess,male,22,technician
3222,Cameron White,male,54,sales executive
3223,Gregory Rios,male,42,software developer
3224,Eduardo Obrien,male,34,electrician
3225,Barbara Jones,female,57,real estate agent
3226,Joshua Simpson,male,40,farmer
3227,Howard Herman,male,31,warehouse worker
3228,Micheal Pugh,male,32,photographer
3229,Eileen Valdez,female,64,business owner
3230,Debra Wolfe,female,38,electrician
3231,Amy Mccullough,female,49,banker
3232,Marco Ramirez,male,54,nurse
3233,Chad Daugherty,male,22,delivery driver
3234,Natalie Clark,female,70,retired
3235,Rose Thomas,female,32,insurance agent
3236,James Wilcox,male,43,financial analyst
3237,Douglas Lynch,male,24,technician
3238,Scott Cruz,male,25,police officer
3239,Christine Lopez,female,28,student
3240,Amy Torres,female,51,journalist
3241,Hannah Johnson,female,23,writer
3242,Stephanie Livingston,female,45,delivery driver
3243,Rhonda Garza,female,18,content creator
3244,Glenda Calderon,female,36,architect
3245,Jessica Daniel,female,20,student
3246,Amy Rodriguez,female,46,construction worker
3247,Mikayla Gregory,female,24,retail worker
3248,Todd Ford,male,30,government employee
3249,Keith Stone,male,27,electrician
3250,Bonnie Smith,female,27,consultant
3251,Tiffany Miller,female,31,mechanic
3252,Kimberly Morgan,female,34,teacher
3253,Lisa Ward,female,26,sales executive
3254,Rachel Patrick,female,52,marketing specialist
3255,Becky Carroll,female,27,military personnel
3256,Dennis White,male,55,project manager
3257,Jessica Owens,female,50,civil servant
3258,Sarah Robinson,female,48,doctor
3259,Teresa Hill,female,67,musician
3260,Erik Brown,male,54,customer service representative
3261,Ralph Hill,male,45,nurse
3262,Bethany Mccoy,female,27,technician
3263,Luke Williams,male,32,pharmacist
3264,Amanda Cohen,female,28,business owner
3265,Kevin Williams,male,56,project manager
3266,Amy Klein,female,56,civil servant
3267,David Gregory,male,54,financial analyst
3268,Harry Higgins,male,31,administrative officer
3269,Hannah Jones,female,56,writer
3270,Jorge Young,male,32,software developer
3271,Jacob Carson,male,43,administrative officer
3272,Maria Liu,female,45,marketing specialist
3273,Gabriel French,male,62,nurse
3274,Jennifer Pearson,female,48,social worker
3275,William Howell,male,29,warehouse worker
3276,Amanda Conrad,female,55,graphic designer
3277,Alexander Lynch,male,36,software developer
3278,Jorge Norman,male,41,social worker
3279,Kevin Cooper,male,49,military personnel
3280,Sandra Johnson,female,30,artist
3281,Jane Cuevas,female,21,musician
3282,Angela Walls,female,49,administrative officer
3283,Kathy Andrews,female,31,electrician
3284,Jason Quinn,male,61,doctor
3285,Kelsey Williams,female,40,lecturer
3286,Joseph Alexander,male,35,civil servant
3287,Sara Carter,female,48,human resources officer
3288,David Saunders,male,52,electrician
3289,Joy Goodman,female,41,warehouse worker
3290,Daisy Oconnor,female,57,freelancer
3291,Ivan Bell,male,60,photographer
3292,Thomas Valdez,male,43,human resources officer
3293,Joann Barnes,female,43,military personnel
3294,Ronald Martinez,male,39,military personnel
3295,Ricardo Russell,male,36,researcher
3296,Charles Green,male,27,police officer
3297,Erik Miller,male,35,business owner
3298,Victoria Johnston,female,66,lawyer
3299,Patricia Yoder,female,46,researcher
3300,Alan Martinez,male,32,retail worker
3301,Justin Conrad,male,60,insurance agent
3302,Cameron Johnson,male,60,banker
3303,Michael Fritz,male,47,writer
3304,Sean Sellers,male,59,government employee
3305,Heather Morales,female,64,chef
3306,Michael Wilson,male,48,project manager
3307,Zachary Williams,male,38,content creator
3308,Henry Cole,male,65,consultant
3309,Jerry Davenport,male,50,researcher
3310,Karen Taylor,female,31,manager
3311,Ralph Hendricks,male,52,engineer
3312,Bradley Huang,male,32,financial analyst
3313,Jacob Banks,male,34,doctor
3314,Jessica Romero,female,38,social worker
3315,Tony Davis,male,49,chef
3316,Glenda Elliott,female,45,human resources officer
3317,Kevin Anthony,male,34,data analyst
3318,Erica Flores,female,20,homemaker
3319,Briana Cervantes,female,53,financial analyst
3320,William Clark,male,25,human resources officer
3321,Kenneth Gilbert,male,55,customer service representative
3322,Dominique Wilson,female,39,farmer
3323,Jeffrey Mcclure,male,45,customer service representative
3324,Thomas Zhang,male,50,professor
3325,Tim Estrada,male,53,accountant
3326,Daniel Roberson,male,54,data analyst
3327,Alexander Orr,male,29,shop assistant
3328,Joshua Lloyd,male,48,freelancer
3329,Ronnie Johnson,male,41,electrician
3330,Teresa Duncan,female,35,chef
3331,Joseph Guerra,male,65,business owner
3332,Ashley Mccarthy,female,23,administrative officer
3333,Jeremy Reynolds,male,36,military personnel
3334,Sharon Kaiser,female,54,retail worker
3335,Audrey Gomez,female,41,government employee
3336,Ricky Luna,male,53,researcher
3337,Jonathon Hill,male,41,mechanic
3338,Jose Waters,male,62,project manager
3339,Ernest Middleton,male,46,musician
3340,Tara Bauer,female,43,artist
3341,Sarah Guerrero,female,66,writer
3342,Amanda Walters,female,25,engineer
3343,Breanna Bennett,female,31,graphic designer
3344,Megan Baker,female,52,sales executive
3345,Robin Gross,female,49,real estate agent
3346,Craig Liu,male,25,unemployed
3347,Scott Curry,male,38,military personnel
3348,Andrea Grant,female,39,financial analyst
3349,Christopher Barnes,male,32,real estate agent
3350,James Silva,male,29,human resources officer
3351,Eric Hall,male,18,construction worker
3352,John Robles,male,36,marketing specialist
3353,Heather Castillo,female,37,lawyer
3354,Ashley Ibarra,female,51,photographer
3355,Dustin Montes,male,44,data analyst
3356,Mary Wilson,female,34,lawyer
3357,Francis Wilson,male,41,travel agent
3358,Michele Ayala,female,49,lecturer
3359,Regina Burns,female,55,retail worker
3360,Cynthia Carter,female,45,musician
3361,Stacy Patton,female,37,customer service representative
3362,Patricia Green,female,26,lawyer
3363,James Ramos,male,34,banker
3364,Susan Adams,female,48,pharmacist
3365,Gerald Cardenas,male,28,insurance agent
3366,Jennifer Armstrong,female,38,project manager
3367,Daniel Garrett,male,61,musician
3368,Louis Rivera,male,35,marketing specialist
3369,Alicia Bowen,female,45,shop assistant
3370,Brandon Bush,male,63,unemployed
3371,Pamela Tran,female,52,consultant
3372,Joseph Cox,male,69,musician
3373,Christopher Nichols,male,25,student
3374,Dave Solis,male,35,unemployed
3375,Erin Lewis,female,53,graphic designer
3376,Todd Johnson,male,54,project manager
3377,Teresa Garcia,female,46,human resources officer
3378,John Moore,male,24,freelancer
3379,David Barton,male,45,business owner
3380,Mary Anderson,female,59,business owner
3381,Devin Miller,male,33,military personnel
3382,Miranda Farmer,female,52,graphic designer
3383,Alexis Greer,female,53,social worker
3384,Brittany Fitzgerald,female,52,manager
3385,Cheyenne Obrien,female,39,teacher
3386,Erica Hunt,female,32,writer
3387,Donald Harris,male,55,electrician
3388,Matthew Ruiz,male,50,content creator
3389,Anna Rasmussen,female,52,software developer
3390,Karen Velez,female,39,police officer
3391,Dana Smith,female,58,entrepreneur
3392,James Watson,male,69,lawyer
3393,Ashley Walker,female,30,manager
3394,David Wood,male,43,lecturer
3395,Marvin Cook,male,30,homemaker
3396,William Davis,male,45,retail worker
3397,Sharon Burns,female,30,unemployed
3398,Brenda Jensen,female,50,shop assistant
3399,Nathan Knight,male,45,entrepreneur
3400,Randall King,male,58,sales executive
3401,Gail Hernandez,female,23,journalist
3402,Keith Russell,male,37,police officer
3403,Michael Fischer,male,24,police officer
3404,Kimberly Edwards,female,28,project manager
3405,Erica Fletcher,female,39,administrative officer
3406,Shannon Haney,female,64,entrepreneur
3407,Ashley Lyons,female,26,engineer
3408,Peter Martin,male,53,business owner
3409,Christopher Kim,male,40,technician
3410,Jessica Jackson,female,26,government employee
3411,John Curry,male,49,data analyst
3412,James Phillips,male,52,business owner
3413,Edward Weeks,male,46,content creator
3414,Joseph Gilbert,male,57,sales executive
3415,Matthew Thomas,male,48,data scientist
3416,Christine Mendez,female,26,software developer
3417,Kelly King,female,36,consultant
3418,Timothy Ho,male,61,chef
3419,Sarah Taylor,female,43,manager
3420,Ronald Smith,male,39,teacher
3421,Brittany Jones,female,32,financial analyst
3422,Emily DDS,female,40,project manager
3423,Christopher Bell,male,53,technician
3424,Courtney Fuller,female,50,data scientist
3425,Donald Hoover,male,78,retired
3426,Kevin Torres,male,29,graphic designer
3427,Jennifer Scott,female,47,social worker
3428,Nicholas Ramirez,male,30,musician
3429,Brian Robles,male,24,journalist
3430,Ralph Rivera,male,33,engineer
3431,Leslie Ramirez,female,28,unemployed
3432,Shelby Barnett,female,50,teacher
3433,Carol Logan,female,51,teacher
3434,Brandon Jr.,male,51,graphic designer
3435,Shelly Morris,female,33,unemployed
3436,Anthony Hunt,male,37,technician
3437,Maurice Murphy,male,31,police officer
3438,Autumn Castro,female,30,sales executive
3439,Janice Wells,female,66,writer
3440,Kelly Schmidt,female,42,photographer
3441,Sarah Moses,female,28,pharmacist
3442,Sandra Dawson,female,42,police officer
3443,Kristina Henry,female,60,accountant
3444,Melissa Grant,female,29,musician
3445,Gregory Johnson,male,47,social worker
3446,Julie Santiago,female,41,banker
3447,Daniel Castro,male,38,marketing specialist
3448,Janet PhD,female,35,travel agent
3449,Jeremy Fox,male,65,photographer
3450,Emily Davis,female,58,data scientist
3451,Dawn Dorsey,female,55,project manager
3452,Andrew Hill,male,45,business owner
3453,Amanda Dominguez,female,67,farmer
3454,Lori Maddox,female,43,police officer
3455,Scott Pennington,male,20,content creator
3456,Katherine DVM,female,39,marketing specialist
3457,Steven Hernandez,male,37,engineer
3458,Shelby Anderson,female,51,military personnel
3459,Ryan Brown,male,31,administrative officer
3460,Amy Davis,female,82,retired
3461,Victoria Lee,female,51,pharmacist
3462,Alan Hood,male,61,project manager
3463,Eugene Fletcher,male,38,freelancer
3464,Kevin Blackburn,male,45,delivery driver
3465,Teresa Powell,female,45,software developer
3466,Jonathan Daniel,male,46,customer service representative
3467,Jeremy Hill,male,54,human resources officer
3468,Jonathan Thompson,male,41,teacher
3469,Sara Smith,female,29,travel agent
3470,Gregory Peterson,male,52,technician
3471,Melissa Knight,female,42,government employee
3472,Brian Davis,male,51,lawyer
3473,Charlene Garza,female,62,civil servant
3474,Richard Robinson,male,60,insurance agent
3475,Brad Ramsey,male,28,student
3476,Sara May,female,22,writer
3477,Cheryl Campos,female,37,delivery driver
3478,Amy Mccarthy,female,49,government employee
3479,Brenda Stewart,female,44,teacher
3480,Chelsea Stephenson,female,34,graphic designer
3481,Elizabeth Wolfe,female,29,travel agent
3482,John Lane,male,58,technician
3483,Martin Cole,male,26,financial analyst
3484,Janice Medina,female,64,professor
3485,Michaela Reed,female,65,real estate agent
3486,Robert Clark,male,53,military personnel
3487,Jonathan Gallegos,male,60,technician
3488,Ann Ayala,female,34,sales executive
3489,Mary Lopez,female,53,musician
3490,Laurie Watson,female,26,civil servant
3491,Kevin Johnson,male,38,government employee
3492,Mark Booth,male,40,retail worker
3493,Jennifer Cook,female,35,teacher
3494,Ariel Gentry,female,56,technician
3495,Julie Lopez,female,58,police officer
3496,Rhonda Bryant,female,46,human resources officer
3497,Jessica Ross,female,58,writer
3498,Dawn Brooks,female,50,government employee
3499,Michael Evans,male,51,artist
3500,Pamela Santana,female,28,construction worker
3501,Jason Schroeder,male,32,customer service representative
3502,James Johnson,male,27,software developer
3503,Tammy Tanner,female,28,chef
3504,Craig Compton,male,22,student
3505,Beverly Cook,female,32,administrative officer
3506,Wesley Parker,male,43,architect
3507,Rebecca Ellis,female,28,pharmacist
3508,April Hernandez,female,24,farmer
3509,Eric Miller,male,24,police officer
3510,Melinda Singleton,female,50,government employee
3511,John Cooper,male,50,business owner
3512,Melissa Hale,female,33,farmer
3513,Mary Guerra,female,35,retail worker
3514,Pamela Davis,female,32,electrician
3515,Pamela Anderson,female,26,retail worker
3516,Stephanie Weiss,female,33,delivery driver
3517,Jessica Long,female,57,construction worker
3518,John Yang,male,38,accountant
3519,Connie Franklin,female,60,government employee
3520,Jackie Morgan,female,28,shop assistant
3521,Leroy Walton,male,50,travel agent
3522,Matthew Taylor,male,19,construction worker
3523,Matthew Simmons,male,39,lecturer
3524,Jasmine Nicholson,female,30,writer
3525,Michael Flowers,male,45,customer service representative
3526,Angela Parks,female,51,lawyer
3527,Shannon Lara,female,38,electrician
3528,Emma Andrews,female,25,researcher
3529,Jesse Tucker,male,33,social worker
3530,James Wise,male,48,consultant
3531,David Walters,male,61,writer
3532,Rebekah Cole,female,29,student
3533,Jacob Floyd,male,18,shop assistant
3534,Joseph DDS,male,36,project manager
3535,Gabrielle Villa,female,55,entrepreneur
3536,Christina Hess,female,38,banker
3537,Jordan Williams,female,31,pharmacist
3538,Barbara Burns,female,75,homemaker
3539,Stephen Parks,male,37,consultant
3540,George Phillips,male,21,student
3541,Joshua White,male,34,financial analyst
3542,Alicia Nguyen,female,35,police officer
3543,Kyle Howard,male,23,shop assistant
3544,Nancy Wright,female,42,doctor
3545,Brandon Acosta,male,27,retail worker
3546,Jessica Hill,female,40,marketing specialist
3547,Dana Petersen,female,51,entrepreneur
3548,Morgan Mills,female,58,civil servant
3549,Billy Watson,male,27,student
3550,William Little,male,29,teacher
3551,Timothy Curry,male,64,lecturer
3552,Alison Clements,female,46,mechanic
3553,Matthew Andrade,male,54,civil servant
3554,Jessica Wilson,female,55,consultant
3555,Debbie Turner,female,28,photographer
3556,Scott Sanchez,male,66,business owner
3557,James Kennedy,male,40,mechanic
3558,Jessica Burgess,female,65,architect
3559,Destiny Powers,female,23,farmer
3560,Susan Gregory,female,53,accountant
3561,Beverly Adams,female,57,banker
3562,Donna Joseph,female,44,insurance agent
3563,James Spears,male,60,chef
3564,Gina Reed,female,63,government employee
3565,Julia Newton,female,39,journalist
3566,Melissa Chambers,female,49,technician
3567,Amanda Phelps,female,37,software developer
3568,Justin Reed,male,29,content creator
3569,William Wood,male,56,unemployed
3570,Emily Craig,female,20,delivery driver
3571,Lori Jackson,female,37,civil servant
3572,Jessica Forbes,female,40,freelancer
3573,Valerie Hawkins,female,24,marketing specialist
3574,Cynthia Morse,female,55,mechanic
3575,Lawrence Atkinson,male,50,engineer
3576,Colleen Gay,female,58,travel agent
3577,Cassandra Moore,female,32,homemaker
3578,Morgan Morales,female,34,teacher
3579,Paul Barnes,male,24,shop assistant
3580,Francisco Cox,male,41,human resources officer
3581,Stephen Horne,male,40,real estate agent
3582,Emily Nichols,female,32,military personnel
3583,Shannon Simpson,female,67,farmer
3584,Ronald Cole,male,24,government employee
3585,Christopher Roberts,male,52,graphic designer
3586,Geoffrey Marshall,male,40,professor
3587,Susan Reyes,female,41,shop assistant
3588,Valerie Jenkins,female,40,manager
3589,Lisa Taylor,female,22,content creator
3590,Yvonne Greene,female,32,homemaker
3591,Theresa Nguyen,female,60,professor
3592,Keith Kennedy,male,24,banker
3593,Jacqueline Paul,female,42,civil servant
3594,Matthew Arnold,male,25,business owner
3595,Samuel Martin,male,61,journalist
3596,Shaun Thompson,male,29,insurance agent
3597,Thomas Morris,male,42,social worker
3598,Stephanie Clark,female,59,engineer
3599,David Morrison,male,36,unemployed
3600,Larry Rivera,male,54,engineer
3601,Caitlin Ford,female,65,consultant
3602,Amanda Rhodes,female,31,chef
3603,Whitney Atkins,female,39,customer service representative
3604,Jason Green,male,24,data scientist
3605,Barbara Frank,female,65,lecturer
3606,Joseph Johnson,male,25,nurse
3607,Molly Carter,female,47,manager
3608,Rodney Mack,male,65,photographer
3609,Michelle Hunt,female,51,warehouse worker
3610,Jeffrey Martinez,male,24,engineer
3611,Dennis Bryan,male,38,professor
3612,Ashley Jackson,female,75,farmer
3613,Gerald Durham,male,50,engineer
3614,Daniel Davis,male,49,project manager
3615,Benjamin Nolan,male,54,data analyst
3616,David Green,male,56,insurance agent
3617,Jill Cobb,female,64,unemployed
3618,Laura Wheeler,female,58,teacher
3619,Brittany Roberts,female,37,content creator
3620,Jacob Cox,male,36,human resources officer
3621,Tony Moore,male,45,sales executive
3622,John Gonzales,male,30,police officer
3623,Patrick Neal,male,29,architect
3624,Eduardo Cruz,male,32,construction worker
3625,Alyssa Lewis,female,38,unemployed
3626,Lauren Green,female,52,technician
3627,Patrick Ferrell,male,57,freelancer
3628,Lisa Jackson,female,59,doctor
3629,Brittney Farrell,female,26,teacher
3630,Jacqueline Grimes,female,51,graphic designer
3631,Caroline Fox,female,47,retail worker
3632,Stephanie Smith,female,32,engineer
3633,Gloria Parker,female,56,social worker
3634,Donald Strickland,male,20,chef
3635,Matthew Kelly,male,48,teacher
3636,Susan Escobar,female,59,mechanic
3637,Sarah Logan,female,56,manager
3638,Darryl Harris,male,57,civil servant
3639,Andrea Tran,female,62,writer
3640,Natalie Salas,female,58,professor
3641,Keith Wright,male,43,social worker
3642,Patrick Norris,male,68,farmer
3643,David Norris,male,43,teacher
3644,Andrew Lynch,male,40,data analyst
3645,Brandon Lee,male,43,project manager
3646,Amy Leach,female,36,pharmacist
3647,Antonio Perez,male,50,professor
3648,Kevin Marshall,male,33,police officer
3649,Rachael Flores,female,50,business owner
3650,Christina Wilson,female,38,architect
3651,Christina Daniels,female,35,lecturer
3652,Katelyn Hudson,female,19,freelancer
3653,Scott Rodriguez,male,58,chef
3654,Richard Lee,male,62,journalist
3655,Lucas Bryant,male,59,project manager
3656,Paul Guzman,male,24,entrepreneur
3657,Cassandra Hunter,female,65,pharmacist
3658,Tiffany Evans,female,58,manager
3659,David Hill,male,26,musician
3660,Eric Alexander,male,50,civil servant
3661,Theresa MD,female,26,unemployed
3662,Carla Jones,female,20,graphic designer
3663,Eric Schaefer,male,44,manager
3664,Mark Ryan,male,41,marketing specialist
3665,Richard Hines,male,44,photographer
3666,Jonathan Flores,male,51,photographer
3667,Brian Evans,male,40,financial analyst
3668,Laura Moore,female,41,delivery driver
3669,Randall Floyd,male,52,teacher
3670,Leonard Moore,male,47,construction worker
3671,William Valdez,male,46,mechanic
3672,Penny Adams,female,41,lecturer
3673,Kaitlyn Chase,female,35,unemployed
3674,Brianna Cook,female,61,project manager
3675,Patrick Cole,male,33,chef
3676,Jennifer Butler,female,47,technician
3677,Jared Schmitt,male,29,software developer
3678,Robert Proctor,male,34,architect
3679,Alicia Bush,female,58,teacher
3680,Mitchell Phillips,male,26,government employee
3681,Frank Gibbs,male,50,researcher
3682,Justin Gonzalez,male,53,unemployed
3683,Kathryn Gates,female,42,musician
3684,David Nguyen,male,55,civil servant
3685,Nathan Harrison,male,40,consultant
3686,Mary Watts,female,34,civil servant
3687,Katelyn Ramirez,female,54,researcher
3688,Jaime Garcia,female,62,real estate agent
3689,Donald Wood,male,50,financial analyst
3690,Ashley Taylor,female,25,homemaker
3691,Frederick Rowe,male,49,military personnel
3692,Christina Miller,female,47,warehouse worker
3693,Laura Farmer,female,64,writer
3694,Joseph Carter,male,48,accountant
3695,Patricia Jones,female,45,consultant
3696,Taylor Griffin,male,36,homemaker
3697,Clinton Mcdonald,male,51,software developer
3698,Gary Byrd,male,50,lecturer
3699,David Adkins,male,22,administrative officer
3700,Bryan Jenkins,male,64,manager
3701,Katelyn Williams,female,52,lecturer
3702,Thomas Hunt,male,57,construction worker
3703,Rebecca Tyler,female,24,banker
3704,Kenneth Walters,male,34,unemployed
3705,Krystal Mccann,female,36,financial analyst
3706,Joseph Lindsey,male,36,government employee
3707,Brandon Nielsen,male,28,sales executive
3708,Willie Walton,male,45,administrative officer
3709,Jeffrey Hill,male,47,lawyer
3710,Spencer Stevenson,male,27,human resources officer
3711,Benjamin Holland,male,23,student
3712,Kelsey Schwartz,female,57,architect
3713,Abigail Clayton,female,37,musician
3714,Danny Simmons,male,67,lawyer
3715,Courtney Craig,female,21,entrepreneur
3716,Judith Ortega,female,45,researcher
3717,Laura Gomez,female,49,business owner
3718,Sean Hernandez,male,49,data scientist
3719,Daniel White,male,26,customer service representative
3720,Lance Kirk,male,59,warehouse worker
3721,Joshua Blevins,male,49,electrician
3722,Emily Hall,female,41,banker
3723,Elizabeth Coleman,female,37,homemaker
3724,Taylor Robinson,female,54,delivery driver
3725,Chad Nolan,male,36,civil servant
3726,Roy Brooks,male,69,homemaker
3727,Patrick Singh,male,23,musician
3728,Jillian Ross,female,52,business owner
3729,Jamie Olsen,female,20,writer
3730,Christopher Gentry,male,56,government employee
3731,Barbara Sherman,female,27,homemaker
3732,Katherine Jacobs,female,39,customer service representative
3733,Evan Lee,male,39,farmer
3734,Robert III,male,55,entrepreneur
3735,Joyce Smith,female,24,mechanic
3736,James Mathews,male,54,insurance agent
3737,Theresa Copeland,female,50,doctor
3738,Ryan Turner,male,31,entrepreneur
3739,Maria DDS,female,49,musician
3740,Donald Holland,male,42,mechanic
3741,Brenda Wright,female,37,insurance agent
3742,Carl Moore,male,56,journalist
3743,Pamela Brown,female,54,nurse
3744,Sean Guerrero,male,27,artist
3745,Jennifer Moore,female,67,farmer
3746,Timothy Sanford,male,51,teacher
3747,Rita White,female,52,manager
3748,Brian Martin,male,22,student
3749,Elizabeth Garrett,female,28,lawyer
3750,Deborah Morris,female,34,graphic designer
3751,Erin Oneal,female,25,insurance agent
3752,Shane Mcintyre,male,41,researcher
3753,James George,male,44,customer service representative
3754,Brandon Mcneil,male,26,customer service representative
3755,John Lucero,male,48,lecturer
3756,Mark Collins,male,69,lawyer
3757,Stephanie Anderson,female,57,photographer
3758,Holly Austin,female,65,professor
3759,Karen Goodman,female,55,chef
3760,Craig Robinson,male,43,doctor
3761,Tom Perez,male,57,administrative officer
3762,Anna Powell,female,55,farmer
3763,Ashley Perez,female,26,teacher
3764,Mary Murphy,female,30,pharmacist
3765,Joseph Ray,male,18,customer service representative
3766,Olivia Anderson,female,46,unemployed
3767,Mary Riley,female,38,nurse
3768,Amanda Bullock,female,23,sales executive
3769,Anthony Gonzalez,male,31,insurance agent
3770,Charles Johnson,male,26,military personnel
3771,Candice Morris,female,25,farmer
3772,Karen Cooper,female,64,journalist
3773,Robert Ray,male,32,technician
3774,Cindy Howell,female,28,software developer
3775,Autumn Ramirez,female,33,data scientist
3776,Tammy Rogers,female,49,graphic designer
3777,Dawn Roman,female,46,marketing specialist
3778,Kimberly Alvarado,female,62,freelancer
3779,Gloria Stone,female,20,retail worker
3780,Holly May,female,28,banker
3781,Darren Ellis,male,34,social worker
3782,Krista Phillips,female,36,writer
3783,Angela DDS,female,26,data analyst
3784,Todd Lutz,male,38,data analyst
3785,Ryan Walker,male,58,researcher
3786,Morgan Gomez,female,44,marketing specialist
3787,Christian Heath,male,34,banker
3788,Robert Cox,male,39,accountant
3789,Travis Schmidt,male,24,journalist
3790,Brett Martin,male,22,photographer
3791,Luke Bridges,male,50,software developer
3792,Christian Dunlap,male,20,customer service representative
3793,Scott Ramirez,male,48,real estate agent
3794,Travis Phillips,male,42,civil servant
3795,Valerie English,female,52,software developer
3796,Brandy Hurley,female,50,nurse
3797,Thomas Austin,male,51,delivery driver
3798,Anthony Jenkins,male,27,artist
3799,Rodney Duran,male,19,shop assistant
3800,Trevor Sanchez,male,41,data analyst
3801,Matthew Myers,male,39,pharmacist
3802,Ruben Jones,male,46,teacher
3803,Steven Martinez,male,42,business owner
3804,Terry Hernandez,female,50,consultant
3805,Michael Hodges,male,57,government employee
3806,Bruce Collins,male,29,lawyer
3807,Lori Ruiz,female,36,project manager
3808,Elizabeth Martinez,female,40,construction worker
3809,Jordan Jones,female,18,student
3810,Thomas III,male,65,civil servant
3811,James Jr.,male,47,construction worker
3812,Kevin Walter,male,40,real estate agent
3813,Robert Blake,male,34,teacher
3814,Brian Bright,male,39,project manager
3815,Linda Cox,female,37,graphic designer
3816,Mary Copeland,female,42,data analyst
3817,Margaret Grimes,female,52,military personnel
3818,Nathaniel Hill,male,46,architect
3819,Katie Barnes,female,53,sales executive
3820,Victoria Miller,female,63,musician
3821,Renee Sanchez,female,50,financial analyst
3822,Kevin Wade,male,65,architect
3823,Richard Erickson,male,27,student
3824,Ryan Bennett,male,43,teacher
3825,Tammy Reyes,female,30,data analyst
3826,Leslie Leon,female,40,police officer
3827,Laura Wilson,female,42,musician
3828,Heather Chambers,female,22,electrician
3829,Jennifer Long,female,29,entrepreneur
3830,Gregory French,male,21,unemployed
3831,Laura Mills,female,41,technician
3832,Robin Fuller,female,39,financial analyst
3833,Alexander Bautista,male,62,chef
3834,Thomas Pham,male,44,lawyer
3835,Samuel King,male,27,marketing specialist
3836,Gregory Beltran,male,27,researcher
3837,Jill Williams,female,35,doctor
3838,Wendy Baker,female,24,software developer
3839,Christine Townsend,female,42,content creator
3840,Frank Morales,male,67,homemaker
3841,Robert Kirk,male,55,electrician
3842,Felicia Jensen,female,31,military personnel
3843,Russell Perez,male,60,police officer
3844,Ashley Bowen,female,29,civil servant
3845,Erik Crawford,male,37,customer service representative
3846,Janet Baker,female,25,warehouse worker
3847,Gregory Shaffer,male,28,shop assistant
3848,Nicole Chung,female,57,homemaker
3849,Ashley Perkins,female,34,marketing specialist
3850,Michael Castro,male,39,musician
3851,Joshua Sanders,male,38,engineer
3852,Sherri Sullivan,female,64,travel agent
3853,Mike Patel,male,33,manager
3854,Thomas Garcia,male,24,photographer
3855,Robin Clay,female,54,travel agent
3856,Kelly Miller,male,19,student
3857,Amanda DDS,female,27,content creator
3858,Kathleen Whitaker,female,22,entrepreneur
3859,Danielle DDS,female,56,writer
3860,Adam Sanchez,male,26,marketing specialist
3861,Lisa Massey,female,48,police officer
3862,Juan Carroll,male,25,student
3863,Sarah Carpenter,female,62,project manager
3864,Stacy Werner,female,40,lecturer
3865,Michael Holden,male,38,software developer
3866,Dennis Wood,male,49,mechanic
3867,Timothy Flores,male,25,architect
3868,Tina Taylor,female,69,consultant
3869,William Wright,male,37,marketing specialist
3870,Betty Pollard,female,49,farmer
3871,Jordan Alvarez,male,59,manager
3872,Robert Munoz,male,26,entrepreneur
3873,Michelle Newman,female,33,insurance agent
3874,Victoria Marshall,female,37,technician
3875,Anthony Montgomery,male,20,student
3876,Jessica Benton,female,27,writer
3877,Kristin Hansen,female,44,administrative officer
3878,Gregory Dillon,male,19,farmer
3879,Melanie Jones,female,35,construction worker
3880,Laura Valentine,female,39,accountant
3881,Terri Andersen,female,65,real estate agent
3882,Jodi Ryan,female,49,lawyer
3883,Erin Hudson,female,43,technician
3884,Theresa Thomas,female,34,customer service representative
3885,Leonard Joseph,male,46,engineer
3886,Bryan Madden,male,41,project manager
3887,Kendra Cross,female,45,technician
3888,Danielle Guzman,female,54,photographer
3889,Cassie White,female,44,administrative officer
3890,Jon Wilson,male,37,journalist
3891,Tracy Berry,male,48,warehouse worker
3892,James Russell,male,40,musician
3893,Brenda Cooper,female,31,researcher
3894,Heather Mann,female,39,real estate agent
3895,Kathryn Lopez,female,40,police officer
3896,Darrell Duke,male,31,doctor
3897,Gina Walton,female,33,software developer
3898,Alex Obrien,male,53,teacher
3899,Anthony Jr.,male,53,musician
3900,Aaron Cruz,male,66,professor
3901,Susan Elliott,female,50,nurse
3902,Tyler Lopez,male,34,unemployed
3903,Shane Gaines,male,41,technician
3904,Laura Vance,female,36,photographer
3905,Sheryl Thompson,female,18,military personnel
3906,Sabrina Johnson,female,53,lawyer
3907,Hannah White,female,25,accountant
3908,Steven Jimenez,male,36,pharmacist
3909,Yolanda Mora,female,55,consultant
3910,Tanya Kelley,female,37,police officer
3911,Jerome Wilson,male,30,pharmacist
3912,George Diaz,male,53,data analyst
3913,Ian Rangel,male,46,human resources officer
3914,Robert Browning,male,46,professor
3915,Sara Garcia,female,63,researcher
3916,Mary Flores,female,35,homemaker
3917,Laura Patel,female,35,data analyst
3918,Joshua Harris,male,26,delivery driver
3919,Jerome Gonzalez,male,40,manager
3920,Jessica Graham,female,48,project manager
3921,Lisa Torres,female,62,pharmacist
3922,Randy DDS,male,21,entrepreneur
3923,Amanda Arroyo,female,61,retired
3924,Laurie Mccullough,female,24,graphic designer
3925,Margaret Stevenson,female,24,content creator
3926,Anthony Turner,male,24,student
3927,Tracey Williams,female,42,data scientist
3928,Shelly Rodgers,female,38,social worker
3929,Cassandra Wood,female,40,sales executive
3930,Steven Joseph,male,44,nurse
3931,Dalton Clark,male,42,government employee
3932,Alan Weeks,male,55,manager
3933,Melissa Glass,female,32,artist
3934,David Cervantes,male,54,civil servant
3935,Victoria Benitez,female,44,pharmacist
3936,Jacqueline Monroe,female,35,retail worker
3937,Brenda Sanchez,female,35,data scientist
3938,Sonia Henderson,female,39,insurance agent
3939,Sharon Sims,female,29,student
3940,Shawn Doyle,male,38,accountant
3941,Michael Perry,male,26,administrative officer
3942,Diana Santana,female,46,writer
3943,Katherine Greene,female,63,freelancer
3944,Jennifer Dominguez,female,47,data analyst
3945,Matthew Walker,male,29,graphic designer
3946,Brian Barrera,male,43,construction worker
3947,Catherine Murphy,female,39,manager
3948,David Becker,male,35,accountant
3949,James Herrera,male,38,administrative officer
3950,Laura Rodriguez,female,53,banker
3951,Rodney Henson,male,18,construction worker
3952,Kristen Jimenez,female,21,chef
3953,Whitney Harrison,female,41,manager
3954,Crystal Whitaker,female,35,content creator
3955,Pamela Drake,female,60,engineer
3956,Lisa Kim,female,26,banker
3957,Kyle Williams,male,55,manager
3958,Randall Lopez,male,40,insurance agent
3959,Evan Carroll,male,25,student
3960,Glenn Clements,male,22,military personnel
3961,Gregory Gonzalez,male,33,researcher
3962,James Hernandez,male,29,writer
3963,Arthur White,male,37,nurse
3964,Matthew Gonzales,male,31,civil servant
3965,Benjamin Sanchez,male,33,farmer
3966,Kristin Thomas,female,28,delivery driver
3967,Melinda Ortiz,female,43,administrative officer
3968,Luke Jackson,male,59,lawyer
3969,Jacqueline Thomas,female,54,human resources officer
3970,Cynthia James,female,42,musician
3971,Robert Mack,male,18,freelancer
3972,Angela Banks,female,29,technician
3973,Timothy Newman,male,49,travel agent
3974,Lisa Cole,female,52,electrician
3975,Michael Salazar,male,60,freelancer
3976,Victoria Gibson,female,46,mechanic
3977,Christian Herrera,male,53,mechanic
3978,Brianna Walsh,female,39,researcher
3979,Walter Kidd,male,66,professor
3980,Jacob Smith,male,35,human resources officer
3981,Charles Stevens,male,29,chef
3982,Kimberly Perez,female,51,military personnel
3983,Sara Gomez,female,32,teacher
3984,Jill Price,female,43,delivery driver
3985,Gabriel Ross,male,38,chef
3986,Chloe Russo,female,32,writer
3987,Malik Mccullough,male,51,real estate agent
3988,Pamela Russell,female,44,nurse
3989,Cindy Thomas,female,50,architect
3990,Matthew Evans,male,26,customer service representative
3991,Raymond Hanson,male,37,accountant
3992,Claudia Arnold,female,71,artist
3993,James Holmes,male,44,travel agent
3994,Jeremy Benson,male,54,data analyst
3995,Mary Nelson,female,52,retail worker
3996,Justin Moore,male,37,project manager
3997,Richard Gonzalez,male,31,journalist
3998,Julie Parrish,female,32,photographer
3999,Tara Stewart,female,38,content creator
4000,Lisa Moss,female,47,retail worker
4001,Michael Buchanan,male,41,mechanic
4002,Adam Atkins,male,64,civil servant
4003,Samuel Edwards,male,47,technician
4004,Christina Hernandez,female,55,architect
4005,Sara Cox,female,52,researcher
4006,Lauren Clayton,female,47,software developer
4007,Michele Roberts,female,39,insurance agent
4008,Kristina Lester,female,30,journalist
4009,Jennifer Patel,female,22,military personnel
4010,Brooke Tran,female,79,retired
4011,William Vaughn,male,43,accountant
4012,Vanessa Beck,female,45,lecturer
4013,Jill Campos,female,61,journalist
4014,Jane Gray,female,35,unemployed
4015,Alejandro Watts,male,22,content creator
4016,Tara Richards,female,35,banker
4017,Stephanie Waller,female,31,artist
4018,Lacey Blackwell,female,41,civil servant
4019,Stephen Jr.,male,23,delivery driver
4020,Richard DVM,male,39,manager
4021,Michael Rush,male,27,student
4022,Larry Lloyd,male,56,delivery driver
4023,Stephanie Butler,female,59,lecturer
4024,Samuel Lee,male,44,warehouse worker
4025,Kelly Moon,female,26,business owner
4026,Taylor Williams,male,59,manager
4027,Eric Cole,male,22,unemployed
4028,Andrew Brady,male,60,entrepreneur
4029,Jimmy Miller,male,48,writer
4030,Bianca Good,female,60,real estate agent
4031,Tanner James,male,48,freelancer
4032,Robert Nash,male,29,lecturer
4033,Jennifer Peterson,female,52,human resources officer
4034,Nathan Tran,male,52,customer service representative
4035,Debra Gentry,female,64,doctor
4036,Bradley Wade,male,25,civil servant
4037,Katie Wilson,female,22,mechanic
4038,James Moore,male,46,military personnel
4039,Richard Shields,male,33,retail worker
4040,Adam Roman,male,52,insurance agent
4041,Luis Moore,male,55,manager
4042,Shelby Murray,female,56,professor
4043,Michele Gonzalez,female,41,business owner
4044,Angela Davis,female,45,shop assistant
4045,Aaron Moody,male,25,teacher
4046,Anthony Miller,male,24,civil servant
4047,Kendra Alvarez,female,33,writer
4048,Victoria Jacobs,female,52,data analyst
4049,Donna Lowe,female,60,musician
4050,Amy Lopez,female,50,researcher
4051,Casey Gonzalez,female,23,writer
4052,Kimberly Kaufman,female,35,architect
4053,Frank Braun,male,52,construction worker
4054,Madison Vargas,female,57,lawyer
4055,Katie Mitchell,female,44,journalist
4056,Samantha Moss,female,28,unemployed
4057,Mary Donaldson,female,37,financial analyst
4058,Nicole Brown,female,66,lawyer
4059,Hailey Quinn,female,30,freelancer
4060,Robert Miller,male,47,real estate agent
4061,Michelle Smith,female,20,delivery driver
4062,Brandon Chapman,male,49,lawyer
4063,Isaiah Becker,male,49,customer service representative
4064,Joanne Harmon,female,49,technician
4065,Kathryn Hines,female,54,project manager
4066,Yvonne Lee,female,23,nurse
4067,Amanda Gomez,female,41,data analyst
4068,Joel Mclean,male,31,customer service representative
4069,William Ford,male,48,lawyer
4070,Jodi Thomas,female,37,military personnel
4071,Eugene Fritz,male,37,project manager
4072,Mary Thompson,female,39,delivery driver
4073,Brittany Rogers,female,40,construction worker
4074,James Torres,male,36,government employee
4075,Joshua Perez,male,23,student
4076,Nathaniel Reynolds,male,52,mechanic
4077,Christopher Costa,male,41,mechanic
4078,Tyrone Jones,male,35,human resources officer
4079,John Roberts,male,29,lawyer
4080,Tony Lara,male,28,teacher
4081,Adam Parker,male,27,delivery driver
4082,Mark Sutton,male,39,military personnel
4083,Barbara Anderson,female,28,social worker
4084,Nathaniel Roman,male,57,social worker
4085,Jacob Waller,male,54,software developer
4086,Jeremy Butler,male,40,customer service representative
4087,Erika Hall,female,39,financial analyst
4088,Emily Moon,female,40,police officer
4089,Justin Ray,male,38,graphic designer
4090,Cheyenne Martinez,female,49,financial analyst
4091,Mackenzie Maddox,female,32,police officer
4092,Kevin Young,male,52,civil servant
4093,Katherine Harrison,female,23,insurance agent
4094,Kayla Davis,female,28,financial analyst
4095,Marcus Miller,male,26,musician
4096,Lindsey Macdonald,female,24,travel agent
4097,Derek Cole,male,57,banker
4098,Raven Hill,female,30,consultant
4099,Mark Murphy,male,53,manager
4100,Karen Thomas,female,57,real estate agent
4101,Francisco Galloway,male,52,shop assistant
4102,Kimberly Holloway,female,49,government employee
4103,Tina Harper,female,24,mechanic
4104,Morgan Moss,female,40,manager
4105,Rebecca Campbell,female,49,content creator
4106,Jay Cardenas,male,59,civil servant
4107,Debbie Thomas,female,49,data analyst
4108,Matthew Farmer,male,34,lecturer
4109,Mario Peters,male,30,farmer
4110,Peter Rodriguez,male,42,financial analyst
4111,Donald Mccarthy,male,65,homemaker
4112,Caleb Parrish,male,31,lecturer
4113,Jacob Stewart,male,50,software developer
4114,Joshua Fuller,male,35,software developer
4115,James Nguyen,male,32,writer
4116,Amanda Campbell,female,23,student
4117,Keith Ware,male,73,homemaker
4118,Mitchell Anderson,male,37,engineer
4119,Andrea Hernandez,female,64,entrepreneur
4120,Teresa Young,female,23,musician
4121,Valerie Morgan,female,31,delivery driver
4122,Nicole Vasquez,female,55,consultant
4123,Joseph May,male,57,researcher
4124,Christopher Carson,male,44,electrician
4125,Joan Wilson,female,56,sales executive
4126,Debbie Allen,female,44,technician
4127,Darius Williams,male,34,freelancer
4128,Crystal Hernandez,female,28,shop assistant
4129,Jonathan Morris,male,52,data analyst
4130,Meagan Smith,female,30,journalist
4131,Katherine Caldwell,female,47,administrative officer
4132,Joshua Williams,male,42,delivery driver
4133,Mia Perkins,female,29,delivery driver
4134,Joshua Herman,male,21,technician
4135,Diana Hawkins,female,45,insurance agent
4136,Christopher Harris,male,48,social worker
4137,Felicia Murphy,female,24,entrepreneur
4138,Bryan Mitchell,male,32,insurance agent
4139,Larry Curtis,male,48,lecturer
4140,Jared Lopez,male,61,lawyer
4141,Regina Newton,female,47,travel agent
4142,Curtis Hudson,male,27,delivery driver
4143,Sandra Craig,female,63,travel agent
4144,Sabrina Ward,female,22,chef
4145,Mark Knight,male,45,artist
4146,David Dixon,male,39,architect
4147,Jonathan Cortez,male,68,professor
4148,Jimmy Myers,male,55,travel agent
4149,Tammie Castillo,female,51,shop assistant
4150,Robert Estrada,male,51,customer service representative
4151,Angela Rodriguez,female,29,military personnel
4152,Amanda Williams,female,68,musician
4153,Donald Smith,male,80,retired
4154,Monica Ali,female,68,artist
4155,Isabel Brewer,female,36,construction worker
4156,Jacqueline Ramirez,female,54,customer service representative
4157,Edward Johnson,male,57,construction worker
4158,Brenda Bryant,female,23,warehouse worker
4159,William Rocha,male,54,business owner
4160,Mark Farley,male,57,social worker
4161,Spencer Frederick,male,70,lawyer
4162,Brian Hardy,male,38,marketing specialist
4163,Stacey Neal,female,51,musician
4164,Alison Hart,female,45,architect
4165,John Thompson,male,56,social worker
4166,Steven Douglas,male,48,writer
4167,Shawn Mckinney,male,45,social worker
4168,Dale Adams,male,59,professor
4169,Victor Lopez,male,52,chef
4170,Rita Forbes,female,43,warehouse worker
4171,Kristine Vincent,female,28,photographer
4172,Michael Conner,male,43,engineer
4173,Natalie Mitchell,female,37,police officer
4174,Holly Hoover,female,29,social worker
4175,James Winters,male,32,nurse
4176,Joshua Flores,male,36,artist
4177,Jennifer Carpenter,female,57,travel agent
4178,William Saunders,male,41,financial analyst
4179,Michael Preston,male,62,journalist
4180,Jennifer Ali,female,51,government employee
4181,Dawn Taylor,female,60,journalist
4182,Maria Hayes,female,54,software developer
4183,Melanie Preston,female,45,entrepreneur
4184,Thomas Mcgrath,male,58,government employee
4185,Glenn Chen,male,42,nurse
4186,Sarah Berry,female,59,professor
4187,Ricky MD,male,24,artist
4188,Shirley Mooney,female,32,graphic designer
4189,Kelly Johnston,female,36,photographer
4190,Joshua Dunlap,male,57,delivery driver
4191,Michael French,male,53,travel agent
4192,Gabriel Copeland,male,51,nurse
4193,Timothy Mills,male,53,financial analyst
4194,Colleen Bell,female,56,electrician
4195,Nicole Rodriguez,female,21,entrepreneur
4196,Jesse Flowers,male,56,retail worker
4197,Chelsea Smith,female,69,homemaker
4198,Kathy Rodriguez,female,27,consultant
4199,Andrea Clements,female,47,farmer
4200,Jared Bryan,male,21,police officer
4201,Anne Olsen,female,65,chef
4202,Andre Martinez,male,18,artist
4203,Ricardo Jones,male,38,lawyer
4204,Trevor Henderson,male,43,musician
4205,Jennifer Wolfe,female,31,doctor
4206,James Clark,male,55,nurse
4207,Kevin Mendoza,male,55,project manager
4208,Amanda Henry,female,66,lawyer
4209,Emma Johnson,female,65,researcher
4210,Shannon Reyes,female,58,chef
4211,Brent Barker,male,18,unemployed
4212,Heather Mata,female,23,photographer
4213,Alyssa Johnson,female,55,manager
4214,Susan Wells,female,40,human resources officer
4215,Bradley Ramsey,male,33,shop assistant
4216,Tammy Gibson,female,25,journalist
4217,Dana Riggs,female,40,shop assistant
4218,Emily Waters,female,55,data scientist
4219,Claire Jenkins,female,34,government employee
4220,Betty Huffman,female,28,financial analyst
4221,Joel Terry,male,41,journalist
4222,Tammy Valdez,female,34,writer
4223,Kevin Wolfe,male,42,unemployed
4224,Stephanie Carter,female,29,warehouse worker
4225,Donna Rivera,female,63,musician
4226,Christopher Monroe,male,49,journalist
4227,John Smith,male,43,government employee
4228,Renee Whitehead,female,26,researcher
4229,Andrew White,male,54,banker
4230,Melanie Bruce,female,53,pharmacist
4231,Jeremy Haynes,male,48,marketing specialist
4232,Brian Taylor,male,29,technician
4233,Theresa Hart,female,33,government employee
4234,Holly Hale,female,64,farmer
4235,Joseph Benson,male,61,project manager
4236,Ashley Wells,female,26,administrative officer
4237,Kristin Henderson,female,27,banker
4238,Dennis Fry,male,29,teacher
4239,Jennifer Calhoun,female,60,real estate agent
4240,Shawn Martinez,male,48,insurance agent
4241,Kelly Ortega,male,59,lecturer
4242,Whitney Brooks,female,28,entrepreneur
4243,Andrea Tyler,female,49,farmer
4244,Jennifer Castro,female,49,delivery driver
4245,Alexandra Brown,female,22,software developer
4246,Brian Wade,male,44,construction worker
4247,Adam Beard,male,48,social worker
4248,Thomas Valencia,male,41,consultant
4249,Chelsea Wells,female,32,warehouse worker
4250,Annette Hughes,female,54,marketing specialist
4251,Joshua Lara,male,41,pharmacist
4252,Beth Hicks,female,48,software developer
4253,Barry Palmer,male,26,delivery driver
4254,Kylie PhD,female,53,shop assistant
4255,Isaiah Perez,male,44,researcher
4256,Amy Reynolds,female,50,content creator
4257,Timothy Myers,male,38,human resources officer
4258,Sharon Goodman,female,27,insurance agent
4259,Lisa Tyler,female,22,military personnel
4260,Maria Campos,female,22,student
4261,Kyle Roberts,male,26,researcher
4262,Angela Snow,female,48,software developer
4263,Margaret Wood,female,44,professor
4264,John Roman,male,35,researcher
4265,Elizabeth Nichols,female,51,human resources officer
4266,Elizabeth Fry,female,20,artist
4267,James Pitts,male,34,freelancer
4268,Melissa Mclean,female,65,accountant
4269,Matthew Berry,male,30,data scientist
4270,Ann Burns,female,36,banker
4271,Jose Welch,male,56,lecturer
4272,Derrick Nelson,male,51,mechanic
4273,Kayla Edwards,female,23,farmer
4274,Susan Knight,female,45,social worker
4275,Elizabeth Petersen,female,38,human resources officer
4276,Jennifer Baker,female,28,nurse
4277,Mary Tate,female,49,construction worker
4278,Brenda Carrillo,female,38,journalist
4279,Melissa Ward,female,73,homemaker
4280,Erica Yates,female,31,customer service representative
4281,Carrie Hardy,female,35,lecturer
4282,Margaret Harris,female,76,retired
4283,Sandra White,female,21,unemployed
4284,Kathleen Sanchez,female,21,photographer
4285,Debra Carroll,female,33,warehouse worker
4286,Brianna Obrien,female,21,artist
4287,Tracy Li,female,57,freelancer
4288,April DVM,female,55,shop assistant
4289,Jordan Ewing,female,26,civil servant
4290,Destiny Bradley,female,54,mechanic
4291,Anthony Patterson,male,33,insurance agent
4292,Linda MD,female,30,researcher
4293,Catherine Ward,female,19,content creator
4294,Anthony Boone,male,61,journalist
4295,Kimberly Adams,female,60,construction worker
4296,Tammy Mcdaniel,female,36,manager
4297,Gail Weber,female,31,electrician
4298,Jeffrey Hall,male,35,professor
4299,Kenneth Adams,male,38,data analyst
4300,Ryan Hernandez,male,40,architect
4301,Eugene Robinson,male,54,professor
4302,Samantha Harris,female,34,writer
4303,Tiffany Davis,female,40,consultant
4304,William Nelson,male,35,technician
4305,Anna Bruce,female,37,software developer
4306,Joe Martin,male,41,data analyst
4307,Daniel Rodriguez,male,65,government employee
4308,Elizabeth Riley,female,56,chef
4309,Bradley Marquez,male,59,insurance agent
4310,Patrick Cruz,male,55,technician
4311,James Weaver,male,42,customer service representative
4312,Sierra Henry,female,52,construction worker
4313,Joseph Morris,male,28,data scientist
4314,Jacqueline Warner,female,45,consultant
4315,Melissa Gray,female,65,government employee
4316,Daniel Edwards,male,53,administrative officer
4317,Danielle Roberts,female,38,lawyer
4318,Kyle Harrison,male,35,artist
4319,Timothy Sanchez,male,33,shop assistant
4320,Jodi Mcbride,female,34,warehouse worker
4321,Gregory James,male,47,police officer
4322,Misty Blankenship,female,52,lawyer
4323,David Perez,male,26,electrician
4324,Yolanda Mendoza,female,25,financial analyst
4325,Scott Newman,male,57,administrative officer
4326,Rhonda Singleton,female,55,government employee
4327,Holly MD,female,40,construction worker
4328,Anna Dominguez,female,21,military personnel
4329,Angela Frederick,female,43,pharmacist
4330,Elaine Garrison,female,38,social worker
4331,Sydney Perez,female,24,journalist
4332,Kelly Hall,female,39,business owner
4333,Amy Pena,female,46,retail worker
4334,Troy David,male,33,marketing specialist
4335,Kimberly Mcmahon,female,25,student
4336,Cynthia Morton,female,37,civil servant
4337,Michelle Jones,female,37,architect
4338,Ruth White,female,26,pharmacist
4339,Julia Hodges,female,35,electrician
4340,Christian Frederick,male,57,engineer
4341,Alexa Foley,female,61,project manager
4342,Jose Smith,male,42,doctor
4343,Amy Taylor,female,40,entrepreneur
4344,Brittney Anderson,female,29,software developer
4345,Sandra Berry,female,31,business owner
4346,Danielle Thompson,female,32,content creator
4347,Danielle Bowman,female,42,customer service representative
4348,Andrea Bennett,female,54,accountant
4349,Joe Lindsey,male,41,social worker
4350,Joseph Hayden,male,42,banker
4351,Hector Jacobs,male,46,customer service representative
4352,Nicole Walton,female,46,nurse
4353,Jennifer Gordon,female,55,marketing specialist
4354,Renee Clark,female,47,project manager
4355,Jacob Evans,male,50,warehouse worker
4356,Jennifer Bennett,female,60,human resources officer
4357,Ernest Gonzalez,male,64,lecturer
4358,Jessica Little,female,31,banker
4359,Sean Gibbs,male,20,content creator
4360,Mariah Turner,female,33,retail worker
4361,Alexis Perez,female,49,police officer
4362,John Owens,male,28,lecturer
4363,Sonya Ford,female,39,marketing specialist
4364,Amber Gould,female,41,consultant
4365,Tammy Phillips,female,51,police officer
4366,Julie Hughes,female,62,doctor
4367,Jeffrey George,male,61,accountant
4368,Kayla Woods,female,32,chef
4369,Sean Mendoza,male,30,homemaker
4370,Cheryl Weeks,female,42,unemployed
4371,Wendy Thomas,female,42,manager
4372,Derrick Johnson,male,44,nurse
4373,Kelly Johnson,female,32,consultant
4374,Robert Stevens,male,23,police officer
4375,Dustin Williams,male,59,lecturer
4376,Barbara Gonzales,female,49,unemployed
4377,Pamela Johnson,female,46,farmer
4378,Nicholas Knight,male,46,accountant
4379,Walter Fitzpatrick,male,65,business owner
4380,Derek Thomas,male,24,civil servant
4381,Anna Reyes,female,30,delivery driver
4382,Amanda Turner,female,49,shop assistant
4383,Cheyenne Hudson,female,22,marketing specialist
4384,Samantha Hernandez,female,43,musician
4385,David Moon,male,56,insurance agent
4386,Austin Trevino,male,62,researcher
4387,William Buckley,male,53,technician
4388,Angela Stevens,female,28,administrative officer
4389,Lisa Krause,female,53,electrician
4390,Tina Scott,female,38,artist
4391,Stacy Olsen,female,46,sales executive
4392,Mary Rose,female,47,mechanic
4393,Sara Lawrence,female,26,data scientist
4394,Robert Osborne,male,61,nurse
4395,Robert Hamilton,male,61,freelancer
4396,Teresa Turner,female,40,business owner
4397,Anthony Vargas,male,26,farmer
4398,Deanna Holloway,female,57,sales executive
4399,Ryan Robinson,male,37,technician
4400,Joshua Cox,male,54,nurse
4401,Jennifer Rivera,female,58,retail worker
4402,Carla Olson,female,39,human resources officer
4403,Austin Edwards,male,24,mechanic
4404,Jeffrey Briggs,male,32,content creator
4405,Bryan Young,male,42,artist
4406,John Mullen,male,29,artist
4407,Jared Atkinson,male,33,banker
4408,Leroy Martin,male,25,social worker
4409,Gabriel Bennett,male,24,sales executive
4410,Bradley Hogan,male,69,doctor
4411,Joshua Vasquez,male,50,graphic designer
4412,Tracy Morton,female,25,accountant
4413,Brandi Terrell,female,35,government employee
4414,Michael Serrano,male,47,photographer
4415,Laura Williams,female,57,electrician
4416,Erin Williams,female,51,software developer
4417,Virginia Mendez,female,53,government employee
4418,Cheryl Jackson,female,27,student
4419,Wyatt Rodriguez,male,42,insurance agent
4420,Lisa Fox,female,53,software developer
4421,Duane Brown,male,48,construction worker
4422,David Schneider,male,40,accountant
4423,Anne Obrien,female,47,electrician
4424,Melissa Patrick,female,33,construction worker
4425,Katrina Carter,female,47,social worker
4426,James Roman,male,23,freelancer
4427,William Parker,male,22,administrative officer
4428,Cynthia Hernandez,female,30,doctor
4429,Angela Matthews,female,60,engineer
4430,Ashley Cole,female,49,graphic designer
4431,Angel Townsend,female,45,shop assistant
4432,Lauren Higgins,female,40,human resources officer
4433,Bryan Newman,male,43,mechanic
4434,Juan Matthews,male,36,doctor
4435,Christine Kennedy,female,31,government employee
4436,Brooke Lee,female,47,architect
4437,Amanda Farrell,female,41,business owner
4438,Chelsea Jimenez,female,62,insurance agent
4439,James Fletcher,male,49,graphic designer
4440,Casey Murphy,male,48,professor
4441,Emily Sexton,female,56,real estate agent
4442,Troy Perry,male,42,farmer
4443,Virginia Hernandez,female,37,unemployed
4444,David Munoz,male,23,mechanic
4445,Susan Le,female,36,police officer
4446,Randy Welch,male,33,teacher
4447,Rebecca Watson,female,33,retail worker
4448,Karen Holloway,female,56,mechanic
4449,Christine Cook,female,43,financial analyst
4450,Noah Wagner,male,42,content creator
4451,Stacy Chaney,female,53,manager
4452,Lisa Graham,female,53,freelancer
4453,Rebecca Gibson,female,52,writer
4454,Joshua Ryan,male,33,customer service representative
4455,Amanda Cook,female,57,insurance agent
4456,Lori Conner,female,22,warehouse worker
4457,Sherry Hickman,female,42,marketing specialist
4458,Lee Hall,male,46,photographer
4459,Leslie Cole,female,62,lawyer
4460,Marissa Williams,female,68,musician
4461,Tanner King,male,36,teacher
4462,Kiara Williams,female,25,graphic designer
4463,Jerry Sanders,male,23,engineer
4464,Tyler Lang,male,51,customer service representative
4465,Robert Payne,male,36,project manager
4466,Kathryn Cisneros,female,25,photographer
4467,Margaret Torres,female,56,sales executive
4468,Anthony Zhang,male,20,student
4469,Mary Roberts,female,45,electrician
4470,Cynthia Hays,female,49,human resources officer
4471,Erin Gardner,female,31,musician
4472,Melinda Miller,female,52,chef
4473,Theresa Smith,female,28,delivery driver
4474,Paul Scott,male,42,researcher
4475,Megan Perry,female,32,graphic designer
4476,Damon Martin,male,23,technician
4477,Timothy Collins,male,46,teacher
4478,Joshua Jones,male,40,chef
4479,Shelley MD,female,43,architect
4480,Peggy Bauer,female,46,entrepreneur
4481,Vincent Wilson,male,51,mechanic
4482,Bryan Miranda,male,61,unemployed
4483,Harry Hughes,male,23,photographer
4484,Tony Swanson,male,19,delivery driver
4485,Manuel Montes,male,33,police officer
4486,Willie Martin,male,56,nurse
4487,Joseph Norris,male,31,data scientist
4488,Wendy Todd,female,35,sales executive
4489,Gerald Price,male,50,lecturer
4490,Brian Hunt,male,45,construction worker
4491,Christy Lee,female,34,technician
4492,Raymond Adkins,male,76,retired
4493,Wendy Perez,female,64,lawyer
4494,Susan Snyder,female,63,researcher
4495,Jasmine Day,female,47,retail worker
4496,Andrew Chavez,male,34,customer service representative
4497,Heather Huerta,female,48,social worker
4498,Matthew Perry,male,41,engineer
4499,Tracy Atkins,female,54,graphic designer
4500,Sarah Wheeler,female,44,freelancer
4501,Bruce Taylor,male,36,data scientist
4502,Whitney Swanson,female,51,government employee
4503,Mario Johnson,male,40,police officer
4504,Emily Collins,female,30,freelancer
4505,Edward Trevino,male,48,architect
4506,Eric Maynard,male,44,farmer
4507,Deanna Gray,female,33,nurse
4508,Gina Jenkins,female,24,marketing specialist
4509,Joseph Jones,male,41,sales executive
4510,Elijah Johnson,male,29,real estate agent
4511,Erin DVM,female,58,entrepreneur
4512,Lindsey York,female,26,military personnel
4513,Brandon Baker,male,38,project manager
4514,Stacy White,female,68,architect
4515,Robert Hall,male,44,technician
4516,Sarah Pierce,female,46,sales executive
4517,Shannon Cain,female,60,administrative officer
4518,Kenneth Vaughn,male,55,unemployed
4519,Kristen Evans,female,84,retired
4520,Jason Barrett,male,37,entrepreneur
4521,Kevin Rodriguez,male,45,warehouse worker
4522,John Ward,male,30,content creator
4523,Deborah Garza,female,41,entrepreneur
4524,Rebecca Miller,female,24,farmer
4525,Michael Jackson,male,20,content creator
4526,Sharon Hicks,female,33,graphic designer
4527,Abigail MD,female,51,chef
4528,Paula Lopez,female,44,pharmacist
4529,Anthony Clark,male,37,police officer
4530,Corey Rose,male,58,writer
4531,Jared Garza,male,56,accountant
4532,Donna Wright,female,42,technician
4533,Caleb Fisher,male,22,data analyst
4534,Jonathan Levine,male,47,business owner
4535,Corey King,male,26,construction worker
4536,Cody Davidson,male,27,accountant
4537,Megan Anderson,female,25,financial analyst
4538,Yvette Mcgee,female,60,chef
4539,Melinda Anderson,female,40,chef
4540,Tyler Andrews,male,48,administrative officer
4541,Michelle Greer,female,53,civil servant
4542,Brian Clark,male,41,financial analyst
4543,Nathaniel Floyd,male,45,warehouse worker
4544,Erika Jenkins,female,22,shop assistant
4545,Michael Ramos,male,52,financial analyst
4546,Madison Clark,female,50,software developer
4547,Sergio Hodge,male,38,researcher
4548,John Avery,male,66,farmer
4549,David Hamilton,male,23,marketing specialist
4550,Rachael Bass,female,41,police officer
4551,Joseph Harris,male,40,unemployed
4552,Dustin Campbell,male,28,customer service representative
4553,Patricia Kennedy,female,54,civil servant
4554,Austin Gibson,male,27,banker
4555,Danny Harris,male,21,content creator
4556,Sara Stuart,female,41,business owner
4557,Karen Kim,female,27,software developer
4558,Richard Brewer,male,40,entrepreneur
4559,Victoria Arnold,female,44,human resources officer
4560,Charles Adams,male,44,technician
4561,David Garcia,male,52,photographer
4562,Kelli Collins,female,78,retired
4563,Amy Krueger,female,34,musician
4564,Stephanie King,female,45,social worker
4565,Tina Velazquez,female,23,government employee
4566,Laura Middleton,female,26,entrepreneur
4567,Lori Madden,female,60,entrepreneur
4568,Tina Murphy,female,47,content creator
4569,Kristen Bradley,female,59,musician
4570,Corey Rodriguez,male,31,entrepreneur
4571,Pamela King,female,27,sales executive
4572,Kevin Fuller,male,31,military personnel
4573,Tyler Cunningham,male,45,engineer
4574,Jamie Weber,female,48,administrative officer
4575,Frederick Hodge,male,24,electrician
4576,Peter Patel,male,60,police officer
4577,Jeffrey Hart,male,22,graphic designer
4578,Ashley Huang,female,23,writer
4579,Sean Harris,male,34,entrepreneur
4580,William Alexander,male,60,electrician
4581,Oscar Robinson,male,60,mechanic
4582,Dawn Hull,female,33,doctor
4583,William Day,male,33,project manager
4584,Lisa Davis,female,24,military personnel
4585,Linda Francis,female,26,marketing specialist
4586,Christopher Todd,male,64,writer
4587,Timothy Burns,male,62,government employee
4588,Dave Johnston,male,48,civil servant
4589,Melissa Michael,female,52,administrative officer
4590,Kristie Martin,female,70,retired
4591,Veronica Armstrong,female,63,professor
4592,Cheryl Short,female,34,nurse
4593,Craig Phillips,male,29,delivery driver
4594,Jerry Montgomery,male,60,mechanic
4595,Molly Ramsey,female,71,retired
4596,Nicole Juarez,female,40,doctor
4597,Jessica Watts,female,51,lecturer
4598,Christopher Gray,male,35,freelancer
4599,Andrew Thompson,male,53,business owner
4600,Michelle Stephenson,female,57,business owner
4601,Gary Chavez,male,28,journalist
4602,Kristopher Guerrero,male,60,journalist
4603,Jerry Jackson,male,61,government employee
4604,Jeremy Stewart,male,47,warehouse worker
4605,Timothy Yates,male,40,farmer
4606,John Davis,male,30,researcher
4607,Robert Martinez,male,64,researcher
4608,Omar Ferguson,male,37,social worker
4609,Justin Foster,male,41,farmer
4610,Micheal Velasquez,male,29,technician
4611,Catherine Liu,female,51,administrative officer
4612,David Williams,male,50,pharmacist
4613,Bradley Warren,male,67,business owner
4614,Debbie Dunn,female,24,farmer
4615,Brenda Tyler,female,39,administrative officer
4616,Brandon Hernandez,male,35,software developer
4617,Javier Schultz,male,50,professor
4618,Paige Murray,female,44,engineer
4619,Wendy Morgan,female,23,software developer
4620,Alexandra Johnson,female,30,lecturer
4621,Allison Pacheco,female,54,electrician
4622,Erica Todd,female,31,mechanic
4623,Laurie Miller,female,57,project manager
4624,Troy Garcia,male,48,retail worker
4625,Kimberly Watson,female,37,warehouse worker
4626,Nicole Jacobs,female,45,warehouse worker
4627,Virginia Edwards,female,33,technician
4628,Edgar Moore,male,49,delivery driver
4629,Brittany Barnett,female,19,construction worker
4630,Dustin Boyd,male,42,chef
4631,Chris Holloway,male,54,government employee
4632,Lisa Williams,female,24,civil servant
4633,Amanda Hamilton,female,23,police officer
4634,Kyle Smith,male,35,business owner
4635,Isaiah Black,male,56,mechanic
4636,Jennifer Hart,female,33,engineer
4637,Chase Adams,male,38,social worker
4638,Erica Stanley,female,39,customer service representative
4639,Roberto Glover,male,59,pharmacist
4640,Amanda Klein,female,50,researcher
4641,Amy Clark,female,41,accountant
4642,Scott Grant,male,44,travel agent
4643,Rachel Smith,female,55,technician
4644,Makayla Mays,female,26,electrician
4645,Cody Brown,male,61,professor
4646,Ruben Martinez,male,31,human resources officer
4647,David Vincent,male,54,freelancer
4648,Tiffany Jimenez,female,48,police officer
4649,Jose Gray,male,34,warehouse worker
4650,Joseph Brown,male,42,entrepreneur
4651,Brittney Jones,female,44,engineer
4652,Manuel Phillips,male,24,sales executive
4653,Laura Caldwell,female,45,software developer
4654,Jason Moore,male,48,nurse
4655,Jason Love,male,45,professor
4656,Nicholas Rice,male,57,sales executive
4657,Emily Osborne,female,32,entrepreneur
4658,Shelley Short,female,50,photographer
4659,Vickie Price,female,34,customer service representative
4660,Nicole Todd,female,57,freelancer
4661,Amanda Powell,female,23,unemployed
4662,Megan Morgan,female,26,financial analyst
4663,Elizabeth Chung,female,55,accountant
4664,Alexander Miller,male,21,content creator
4665,Jennifer Ramirez,female,29,customer service representative
4666,Kenneth Briggs,male,19,unemployed
4667,Thomas Ingram,male,64,lecturer
4668,Isabella Hawkins,female,65,farmer
4669,Christopher Haas,male,46,human resources officer
4670,William Owens,male,31,consultant
4671,Amy Watts,female,55,social worker
4672,Cynthia Hendricks,female,54,unemployed
4673,Phillip Kelly,male,66,consultant
4674,David Edwards,male,53,writer
4675,Ashley Davis,female,49,lawyer
4676,Kelsey Griffith,female,24,technician
4677,Joshua Obrien,male,58,musician
4678,Leslie Mccoy,female,27,chef
4679,Daniel Sullivan,male,44,data analyst
4680,Courtney Khan,female,53,engineer
4681,Nathaniel Huber,male,64,unemployed
4682,Lisa Wagner,female,48,project manager
4683,Erin Price,female,34,sales executive
4684,Kathryn Russell,female,24,travel agent
4685,Sean Snow,male,28,doctor
4686,Cody Hoover,male,39,financial analyst
4687,Linda Glass,female,35,project manager
4688,Dennis Campbell,male,36,warehouse worker
4689,Bryan MD,male,60,professor
4690,Marc Lewis,male,33,customer service representative
4691,Rebecca Anderson,female,33,human resources officer
4692,Eric Jones,male,33,financial analyst
4693,Joseph Ingram,male,29,civil servant
4694,Karen Massey,female,40,administrative officer
4695,Peter Russell,male,53,government employee
4696,Nathan David,male,55,banker
4697,Jonathan Jones,male,51,financial analyst
4698,George Barnes,male,56,civil servant
4699,Timothy Dominguez,male,32,musician
4700,Elizabeth Stone,female,27,civil servant
4701,Paul Gallegos,male,45,business owner
4702,Richard Rogers,male,30,student
4703,Jennifer Graham,female,39,graphic designer
4704,Amber Steele,female,63,photographer
4705,Carl Deleon,male,44,sales executive
4706,Joseph MD,male,23,sales executive
4707,Anita Pitts,female,55,government employee
4708,Brittany Bryant,female,32,chef
4709,Natasha Garcia,female,49,sales executive
4710,Daniel Merritt,male,53,construction worker
4711,Ruth Hicks,female,31,social worker
4712,Laura Washington,female,20,warehouse worker
4713,Jeff Hoffman,male,43,pharmacist
4714,Lisa Riggs,female,22,unemployed
4715,Donna Mccarty,female,33,writer
4716,Eric Spencer,male,43,retail worker
4717,Victoria Deleon,female,66,homemaker
4718,David Roy,male,58,electrician
4719,Norman Rice,male,57,musician
4720,Christy Brewer,female,24,data analyst
4721,Becky Garcia,female,32,business owner
4722,Jordan Kaiser,male,50,entrepreneur
4723,Austin Roberts,male,18,student
4724,Timothy Espinoza,male,61,civil servant
4725,Dawn Aguirre,female,41,lawyer
4726,Kyle Armstrong,male,35,data scientist
4727,Jason Weber,male,50,teacher
4728,Sergio Douglas,male,58,professor
4729,Maria Malone,female,53,musician
4730,Michael Juarez,male,35,content creator
4731,Brandon Boyd,male,37,military personnel
4732,Richard Riley,male,32,pharmacist
4733,Keith Thomas,male,41,accountant
4734,Edward Barton,male,22,police officer
4735,Laura Sparks,female,30,artist
4736,Tiffany Zamora,female,35,photographer
4737,Sara Roman,female,23,data analyst
4738,Richard Parsons,male,30,banker
4739,Kristy Yu,female,66,consultant
4740,Christopher Bowman,male,63,manager
4741,Jennifer Snow,female,24,financial analyst
4742,Carrie Lewis,female,41,real estate agent
4743,Zachary Perez,male,29,sales executive
4744,Erika Bates,female,43,data analyst
4745,Marie Roach,female,55,real estate agent
4746,Mary Hoffman,female,35,accountant
4747,Robert Mitchell,male,26,writer
4748,Haley Russell,female,42,warehouse worker
4749,William Barrera,male,53,lawyer
4750,Jeffrey Johnson,male,45,civil servant
4751,Richard Sullivan,male,31,content creator
4752,Joshua Thomas,male,34,consultant
4753,Brandon Pierce,male,29,civil servant
4754,Haley Mccoy,female,33,pharmacist
4755,Claire Hoffman,female,26,lawyer
4756,Brett Rivas,male,41,manager
4757,Pamela Aguirre,female,37,graphic designer
4758,Gabrielle Bradshaw,female,64,writer
4759,Sarah Waters,female,39,travel agent
4760,Sarah Nelson,female,49,lecturer
4761,Sarah Wall,female,32,consultant
4762,Paul Smith,male,21,musician
4763,Kayla Burke,female,24,shop assistant
4764,James Murillo,male,48,financial analyst
4765,Veronica Hughes,female,31,architect
4766,Brad Lee,male,55,researcher
4767,Rodney Morrow,male,52,professor
4768,Theresa Brooks,female,52,pharmacist
4769,Mariah Miller,female,56,entrepreneur
4770,Benjamin Rojas,male,52,unemployed
4771,Jason Thompson,male,29,consultant
4772,Craig Aguilar,male,60,artist
4773,Jason Thomas,male,62,nurse
4774,Daniel Ramirez,male,36,nurse
4775,Kathleen Ramos,female,37,military personnel
4776,Carla Klein,female,56,homemaker
4777,Charles Powell,male,32,military personnel
4778,Michael Carlson,male,20,photographer
4779,Justin Davis,male,55,musician
4780,Neil Mckenzie,male,51,administrative officer
4781,Thomas Hendrix,male,48,researcher
4782,Tara Jones,female,42,writer
4783,Alison Zuniga,female,58,delivery driver
4784,Dennis Waller,male,41,delivery driver
4785,Jesse Davis,male,36,insurance agent
4786,Timothy Howard,male,43,social worker
4787,Dale Moon,male,27,delivery driver
4788,Julie Ho,female,26,musician
4789,Daniel Ferrell,male,39,civil servant
4790,James Robinson,male,60,business owner
4791,Samantha Petty,female,27,human resources officer
4792,Julie Payne,female,52,researcher
4793,Jamie MD,female,32,writer
4794,Joshua Parker,male,56,technician
4795,Molly Jackson,female,48,human resources officer
4796,Anthony Lin,male,52,writer
4797,Amanda Roth,female,49,photographer
4798,Dominique Brown,female,47,journalist
4799,Michael Collier,male,44,warehouse worker
4800,Joseph Pennington,male,24,unemployed
4801,Patrick Porter,male,36,shop assistant
4802,Thomas Jones,male,42,customer service representative
4803,Margaret Humphrey,female,29,student
4804,Leah Wilcox,female,53,administrative officer
4805,Corey Stone,male,59,civil servant
4806,Kimberly Navarro,female,26,writer
4807,Monique Obrien,female,24,retail worker
4808,Jessica Mckenzie,female,27,journalist
4809,Kimberly Mcdowell,female,44,project manager
4810,Cassandra Maldonado,female,57,police officer
4811,Allen Perez,male,55,retail worker
4812,Tina Johnson,female,36,police officer
4813,Leah Ball,female,30,lecturer
4814,Melanie Vang,female,31,financial analyst
4815,Charles Sparks,male,50,consultant
4816,Aaron Fernandez,male,32,administrative officer
4817,Ryan White,male,60,journalist
4818,Garrett Moore,male,79,retired
4819,Michael Jr.,male,63,journalist
4820,Virginia Giles,female,30,financial analyst
4821,Marisa Giles,female,42,teacher
4822,Kenneth Murphy,male,21,homemaker
4823,Joyce Wheeler,female,50,customer service representative
4824,Leslie Barton,female,56,technician
4825,Jessica Lynch,female,64,accountant
4826,Kimberly Smith,female,42,nurse
4827,Stephanie Johnson,female,35,data analyst
4828,Andrew Jacobs,male,48,nurse
4829,Mary Daniels,female,44,nurse
4830,Michael Romero,male,60,unemployed
4831,Carlos Khan,male,41,delivery driver
4832,Nancy Hunt,female,22,administrative officer
4833,Maria Campbell,female,42,unemployed
4834,Kimberly Ellis,female,27,teacher
4835,Thomas Dominguez,male,18,student
4836,Heather White,female,59,sales executive
4837,James Myers,male,22,shop assistant
4838,Randy Douglas,male,52,architect
4839,Luis Hill,male,42,social worker
4840,Tracey Brown,female,39,professor
4841,Valerie Simpson,female,61,manager
4842,Thomas Wagner,male,44,technician
4843,Brittany Flowers,female,62,architect
4844,Laura Snyder,female,41,construction worker
4845,Richard Patel,male,23,military personnel
4846,Aaron Schneider,male,46,human resources officer
4847,Ricky Wood,male,45,farmer
4848,Stephen Alvarado,male,60,manager
4849,Nicole Price,female,38,delivery driver
4850,Gary Bryant,male,30,software developer
4851,Christopher Francis,male,34,engineer
4852,Derrick White,male,29,police officer
4853,Joe Long,male,20,homemaker
4854,Samantha Carr,female,41,nurse
4855,David Lynn,male,32,lecturer
4856,Patrick Bradford,male,30,photographer
4857,Sandra Walker,female,25,content creator
4858,Joshua Valenzuela,male,21,photographer
4859,Brian Sullivan,male,44,graphic designer
4860,Michael Moon,male,59,business owner
4861,Philip Bowen,male,62,travel agent
4862,Christopher Landry,male,40,researcher
4863,Tracy Jackson,female,57,artist
4864,Daniel Neal,male,42,engineer
4865,Lawrence Parks,male,26,homemaker
4866,Scott Ayers,male,18,delivery driver
4867,Michelle Wood,female,36,administrative officer
4868,Maria Stone,female,57,construction worker
4869,Tiffany Hansen,female,34,construction worker
4870,Erica Freeman,female,26,police officer
4871,Roger Walker,male,57,human resources officer
4872,Lori Wilson,female,57,consultant
4873,Jose Ray,male,67,architect
4874,Brian Olson,male,48,lawyer
4875,Anthony Boyd,male,49,administrative officer
4876,Lauren Adams,female,36,freelancer
4877,Ryan Clark,male,41,researcher
4878,Erika Chavez,female,34,warehouse worker
4879,Garrett Rodriguez,male,50,sales executive
4880,Holly Mercado,female,33,writer
4881,John Singleton,male,68,retired
4882,Cynthia Simmons,female,47,banker
4883,Angel Moyer,male,39,insurance agent
4884,Ryan Terry,male,23,customer service representative
4885,Ashley Clements,female,52,project manager
4886,Andrew Gomez,male,47,lawyer
4887,Lisa Gould,female,34,banker
4888,Leslie Kennedy,female,53,journalist
4889,Nicholas Anderson,male,44,retail worker
4890,Denise Anderson,female,40,chef
4891,Kelsey Gates,female,28,photographer
4892,Carla Taylor,female,56,writer
4893,Robert Pacheco,male,36,pharmacist
4894,Amy Nguyen,female,41,mechanic
4895,Jonathan Sparks,male,54,pharmacist
4896,Jeremy Evans,male,21,freelancer
4897,Katherine Morgan,female,46,banker
4898,Natalie Caldwell,female,50,data scientist
4899,Gerald Chapman,male,59,homemaker
4900,Emily Marquez,female,42,banker
4901,Thomas Ponce,male,49,technician
4902,Jeffrey Cook,male,32,mechanic
4903,Samuel Khan,male,35,social worker
4904,Maria Hall,female,33,data analyst
4905,Carlos Wiley,male,32,banker
4906,Ronald Lloyd,male,36,retail worker
4907,Amanda Harris,female,41,entrepreneur
4908,Kristi White,female,28,customer service representative
4909,Eric Rosales,male,24,data analyst
4910,Janet Willis,female,52,police officer
4911,Jonathan DVM,male,48,writer
4912,Joann Walsh,female,21,construction worker
4913,Tiffany Day,female,39,lawyer
4914,Aaron Diaz,male,36,professor
4915,Nancy Jackson,female,31,musician
4916,Daniel Benjamin,male,41,civil servant
4917,Renee Thompson,female,30,lawyer
4918,Robert Mclaughlin,male,20,graphic designer
4919,Amy Gonzalez,female,68,professor
4920,Brandon Bennett,male,47,software developer
4921,Ann Sanchez,female,55,financial analyst
4922,Caitlin Robbins,female,34,musician
4923,Alexander Martin,male,58,professor
4924,Rachel Yoder,female,24,teacher
4925,Erica Francis,female,49,human resources officer
4926,Lori Webb,female,48,human resources officer
4927,Scott Mcmahon,male,33,business owner
4928,Mckenzie Chavez,female,31,human resources officer
4929,Kristen Blair,female,34,social worker
4930,Bryan Harrison,male,60,government employee
4931,Michael Gonzalez,male,32,homemaker
4932,Nicholas Frost,male,44,unemployed
4933,Vincent Frye,male,57,unemployed
4934,Erika Thompson,female,59,teacher
4935,Keith Mendez,male,45,warehouse worker
4936,Sierra Moses,female,47,marketing specialist
4937,Rebecca Sandoval,female,59,teacher
4938,Margaret Young,female,39,customer service representative
4939,Cynthia Jackson,female,59,teacher
4940,Michaela Sanchez,female,55,mechanic
4941,Stephanie Harris,female,41,travel agent
4942,Elizabeth Butler,female,43,artist
4943,Matthew Mclaughlin,male,58,consultant
4944,Colleen Morton,female,54,photographer
4945,Dawn Cochran,female,39,shop assistant
4946,Logan Hardy,male,31,human resources officer
4947,Jeremy Summers,male,22,shop assistant
4948,Jessica Lopez,female,56,doctor
4949,Andrea Brown,female,30,banker
4950,Steven Mcdonald,male,19,musician
4951,Kathleen Rodriguez,female,60,warehouse worker
4952,Stephanie Murphy,female,42,technician
4953,Kristin Herman,female,58,artist
4954,Chase Burnett,male,28,content creator
4955,Brett Mcguire,male,58,travel agent
4956,Richard Roy,male,65,chef
4957,Christopher Ware,male,55,photographer
4958,Julian Obrien,male,39,delivery driver
4959,Stacey Stone,female,32,business owner
4960,Keith Bailey,male,31,human resources officer
4961,Natalie Bush,female,24,content creator
4962,Jose Lopez,male,47,consultant
4963,Nicole Bright,female,59,pharmacist
4964,Christina Ramirez,female,60,data scientist
4965,Thomas Brewer,male,58,consultant
4966,Andrea Conley,female,44,administrative officer
4967,Sean Johnson,male,50,manager
4968,Laura Maxwell,female,29,content creator
4969,Eric Woods,male,49,content creator
4970,Nancy Lee,female,52,construction worker
4971,Christina Smith,female,55,lecturer
4972,Julie Clark,female,83,retired
4973,Anna Ponce,female,51,warehouse worker
4974,Daniel Wilson,male,52,accountant
4975,Melody Stevens,female,26,student
4976,Mary Brown,female,34,marketing specialist
4977,Nichole Davis,female,29,electrician
4978,Jennifer Anderson,female,29,government employee
4979,Barbara Griffith,female,50,data scientist
4980,Miranda Stanley,female,47,insurance agent
4981,Peter Randolph,male,28,human resources officer
4982,Lisa Blair,female,26,warehouse worker
4983,Laura Reynolds,female,53,data scientist
4984,Kimberly Guerrero,female,52,banker
4985,Sherri Shepherd,female,27,human resources officer
4986,Ashley Duran,female,49,project manager
4987,Michael Garrett,male,40,construction worker
4988,William Hernandez,male,28,sales executive
4989,Betty Larsen,female,29,architect
4990,Michael Richardson,male,51,engineer
4991,Sara Jones,female,53,lecturer
4992,Matthew Trujillo,male,33,mechanic
4993,Michael Crawford,male,84,retired
4994,Brent Novak,male,22,student
4995,Desiree Coleman,female,27,police officer
4996,Erin Richardson,female,37,consultant
4997,Thomas Lewis,male,22,technician
4998,Teresa Beasley,female,45,pharmacist
4999,Allison Branch,female,49,customer service representative
5000,Jenny Cox,female,59,musician
5001,David Simpson,male,43,construction worker
5002,Linda Brown,female,65,doctor
5003,Victor Reynolds,male,60,lecturer
5004,Alison Perez,female,37,chef
5005,Diana Santos,female,36,consultant
5006,Gordon Green,male,61,travel agent
5007,Courtney Page,female,22,administrative officer
5008,David Martinez,male,35,warehouse worker
5009,Susan Sullivan,female,20,artist
5010,Thomas Bowman,male,48,lawyer
5011,Stephanie Parker,female,47,journalist
5012,Jeremy Rhodes,male,24,delivery driver
5013,Ashley Copeland,female,41,homemaker
5014,Jeffrey Rodriguez,male,40,entrepreneur
5015,Patricia Robles,female,62,chef
5016,Andrew Johnson,male,51,business owner
5017,Ricky Spencer,male,24,mechanic
5018,Jennifer Hines,female,27,military personnel
5019,Candice Black,female,78,retired
5020,Kelly Burnett,female,41,freelancer
5021,Jerome Hernandez,male,59,police officer
5022,Nathan Mccann,male,45,shop assistant
5023,Julie Gonzalez,female,43,customer service representative
5024,Jodi Wright,female,47,mechanic
5025,Crystal Miller,female,35,human resources officer
5026,Seth Ward,male,49,graphic designer
5027,Desiree Evans,female,36,insurance agent
5028,Christopher Padilla,male,61,civil servant
5029,Krystal White,female,25,freelancer
5030,Joseph Kelly,male,38,professor
5031,Jeffrey King,male,20,photographer
5032,Bryan Smith,male,54,engineer
5033,Michael Brennan,male,72,artist
5034,Jennifer Carson,female,58,civil servant
5035,Jessica King,female,56,photographer
5036,James Morrow,male,30,musician
5037,Lauren Warren,female,27,real estate agent
5038,Melissa Alvarez,female,36,warehouse worker
5039,Veronica Powell,female,40,consultant
5040,Emily Rivera,female,35,data scientist
5041,Paul Pope,male,42,doctor
5042,Kevin Estrada,male,53,entrepreneur
5043,Darlene Smith,female,26,sales executive
5044,Lauren Stephens,female,39,doctor
5045,Andrea Espinoza,female,70,farmer
5046,Scott Welch,male,49,doctor
5047,Aaron Wright,male,61,doctor
5048,Richard DDS,male,30,graphic designer
5049,Rhonda Evans,female,49,travel agent
5050,Samantha Noble,female,33,engineer
5051,Lisa Fritz,female,52,writer
5052,Maria Gonzalez,female,30,architect
5053,Michael Cervantes,male,55,artist
5054,Kristie Carter,female,48,graphic designer
5055,Derek Hall,male,27,police officer
5056,Frank White,male,61,homemaker
5057,Walter Santiago,male,52,architect
5058,Lauren Barr,female,58,construction worker
5059,Alexis DVM,female,57,musician
5060,Jeffrey Travis,male,36,artist
5061,Allison Mcdonald,female,29,military personnel
5062,Sally Fernandez,female,43,military personnel
5063,Ann Brown,female,28,data analyst
5064,Mary Johnson,female,44,software developer
5065,Mark Davis,male,52,architect
5066,Timothy Acevedo,male,51,banker
5067,David Cohen,male,45,architect
5068,Kenneth Larson,male,25,shop assistant
5069,Penny West,female,34,teacher
5070,Brian Daugherty,male,56,lecturer
5071,Joshua Garrett,male,29,banker
5072,Jordan Ochoa,male,35,social worker
5073,Wesley Reilly,male,28,pharmacist
5074,Elizabeth Taylor,female,33,accountant
5075,Jocelyn Beard,female,58,electrician
5076,Jose Ho,male,36,military personnel
5077,Jeremiah Hunter,male,60,lecturer
5078,Adam Thompson,male,42,delivery driver
5079,Debbie Williams,female,44,sales executive
5080,Kara Davis,female,29,journalist
5081,Ryan James,male,63,insurance agent
5082,Linda Davis,female,39,journalist
5083,Angela Moore,female,64,manager
5084,Michael Garza,male,56,business owner
5085,Lindsay Henderson,female,68,business owner
5086,Chris Barber,male,21,entrepreneur
5087,Tony Santiago,male,57,professor
5088,Matthew Williams,male,56,pharmacist
5089,Heather Reeves,female,63,travel agent
5090,Richard Tyler,male,40,accountant
5091,Heather Williams,female,60,insurance agent
5092,Martin Thompson,male,30,retail worker
5093,Stephanie Vazquez,female,41,delivery driver
5094,Gary Bennett,male,40,project manager
5095,Tara Carpenter,female,48,travel agent
5096,Mary Davidson,female,50,lecturer
5097,Margaret Dyer,female,23,journalist
5098,Michaela Campbell,female,21,musician
5099,Janet Wright,female,57,homemaker
5100,Logan Johnson,male,33,journalist
5101,Emily Brown,female,29,graphic designer
5102,Kristina Garcia,female,42,military personnel
5103,Vicki Kelly,female,57,entrepreneur
5104,Roger Russell,male,65,accountant
5105,Beth Shaw,female,44,chef
5106,Rachel Walker,female,45,business owner
5107,Kim Shaw,female,46,police officer
5108,Shirley Taylor,female,29,accountant
5109,Karen Ewing,female,27,entrepreneur
5110,Jeremy Johnston,male,59,sales executive
5111,Marcus Brown,male,29,sales executive
5112,Cindy Gallegos,female,30,human resources officer
5113,Nicole Hardy,female,52,data analyst
5114,Pedro Greene,male,27,financial analyst
5115,Zachary Marks,male,25,insurance agent
5116,Ashley Lewis,female,27,photographer
5117,Steven Peterson,male,53,nurse
5118,Evelyn Greer,female,37,musician
5119,Carol Knox,female,61,pharmacist
5120,Elizabeth Thomas,female,66,real estate agent
5121,Brent Stewart,male,57,engineer
5122,Corey Roberts,male,41,researcher
5123,Perry Washington,male,46,human resources officer
5124,Paul Barton,male,20,farmer
5125,Deanna Medina,female,42,nurse
5126,Lydia Payne,female,45,insurance agent
5127,Monica Cline,female,62,retired
5128,Juan Davis,male,48,engineer
5129,Denise Black,female,37,teacher
5130,Ryan DVM,male,53,lecturer
5131,Travis Gardner,male,35,project manager
5132,Vanessa Foster,female,33,pharmacist
5133,Jessica Conrad,female,30,journalist
5134,Emily Stafford,female,61,travel agent
5135,Gina Green,female,22,retail worker
5136,Mary Rodriguez,female,64,lecturer
5137,Nathan Frazier,male,58,travel agent
5138,Melissa Woods,female,40,administrative officer
5139,Melissa James,female,44,insurance agent
5140,Heather Jones,female,70,professor
5141,Melanie Brown,female,21,photographer
5142,Joshua Wise,male,51,manager
5143,Christine Edwards,female,24,warehouse worker
5144,Michelle Martinez,female,44,mechanic
5145,Debbie Watson,female,42,manager
5146,Karla Williams,female,33,construction worker
5147,Matthew Turner,male,45,freelancer
5148,Kerri Carpenter,female,32,shop assistant
5149,Edward Bennett,male,22,student
5150,Sharon Floyd,female,70,homemaker
5151,Justin Graham,male,58,lecturer
5152,Amber Mccormick,female,41,construction worker
5153,Alexis Gibbs,female,60,researcher
5154,Jeff Diaz,male,39,delivery driver
5155,Gina Stafford,female,38,retail worker
5156,Rachel Parker,female,32,shop assistant
5157,Daniel Harrington,male,47,construction worker
5158,Allen Anderson,male,58,project manager
5159,Jacob Lindsey,male,55,researcher
5160,Richard Dickerson,male,55,freelancer
5161,Jason Haynes,male,39,real estate agent
5162,James Cook,male,34,banker
5163,Crystal Brown,female,24,social worker
5164,Michael Martin,male,22,entrepreneur
5165,Christopher Phillips,male,29,administrative officer
5166,Jeffrey Keith,male,44,artist
5167,Kara Morales,female,27,engineer
5168,Louis Price,male,37,human resources officer
5169,Christopher Fletcher,male,26,content creator
5170,Jacqueline Compton,female,46,data scientist
5171,Tina Ferguson,female,69,artist
5172,Jasmine Brown,female,62,project manager
5173,William Smith,male,29,administrative officer
5174,Kelli Foster,female,45,data scientist
5175,Wendy Anderson,female,65,retired
5176,Christopher Larson,male,59,professor
5177,Jill Floyd,female,68,business owner
5178,Rebecca Griffin,female,31,shop assistant
5179,Jennifer MD,female,54,human resources officer
5180,Angela Cross,female,34,administrative officer
5181,Amy Rice,female,65,civil servant
5182,Peter Mendoza,male,29,nurse
5183,Haley Chapman,female,39,researcher
5184,William Reid,male,41,police officer
5185,Deborah Palmer,female,56,researcher
5186,Caleb Grant,male,29,pharmacist
5187,Kathy Johns,female,44,electrician
5188,Paul Dodson,male,64,artist
5189,Megan Patterson,female,55,pharmacist
5190,Holly Pearson,female,41,lecturer
5191,Brianna Gonzalez,female,50,teacher
5192,Ashley Blackburn,female,28,mechanic
5193,Michelle West,female,52,freelancer
5194,Lucas Doyle,male,28,manager
5195,Michael PhD,male,31,data analyst
5196,Jessica Ayala,female,50,banker
5197,Dana Carter,female,40,sales executive
5198,Patrick Burns,male,28,civil servant
5199,Sean Peters,male,57,sales executive
5200,Christopher Jones,male,30,content creator
5201,Miguel Pena,male,37,data analyst
5202,Sarah Lawson,female,47,delivery driver
5203,Danielle Williams,female,40,customer service representative
5204,Ricky Perez,male,49,construction worker
5205,Jonathan Thomas,male,28,accountant
5206,Crystal Abbott,female,42,unemployed
5207,Adam Hodge,male,54,journalist
5208,Richard Yang,male,52,entrepreneur
5209,Michelle Sanders,female,50,artist
5210,Donna Stein,female,69,writer
5211,Haley Jackson,female,34,chef
5212,Sydney Moses,female,32,government employee
5213,Jessica Petersen,female,60,insurance agent
5214,Joseph Ward,male,50,technician
5215,Nicole Mcbride,female,24,graphic designer
5216,David Larson,male,54,farmer
5217,Joyce Shaw,female,39,technician
5218,Shelly Moss,female,49,social worker
5219,Laura Coleman,female,32,delivery driver
5220,Jose Moore,male,37,engineer
5221,Ernest Jr.,male,40,software developer
5222,Denise Cole,female,43,lecturer
5223,Monica George,female,68,professor
5224,James King,male,25,human resources officer
5225,Summer Decker,female,21,student
5226,Kevin Martin,male,57,architect
5227,Victoria DDS,female,45,homemaker
5228,Robert Acevedo,male,34,sales executive
5229,Victoria Holmes,female,41,lawyer
5230,Anthony Lane,male,64,retired
5231,Carol Martinez,female,27,shop assistant
5232,Alexis Hall,female,43,software developer
5233,Alexis Holt,female,29,content creator
5234,Katie Welch,female,45,banker
5235,Justin Pham,male,30,manager
5236,James Smith,male,46,government employee
5237,Edward Watson,male,54,sales executive
5238,Dylan Lowery,male,48,technician
5239,Juan Mcfarland,male,53,warehouse worker
5240,Martin Miller,male,38,accountant
5241,Anthony Olson,male,29,construction worker
5242,Nicole Chase,female,31,business owner
5243,Cory Parker,male,37,data scientist
5244,Kevin Collier,male,59,freelancer
5245,Amanda Gonzalez,female,25,electrician
5246,Alice Conley,female,64,writer
5247,Clarence Wood,male,22,police officer
5248,Terri Cisneros,female,39,teacher
5249,Jessica Jones,female,37,teacher
5250,Javier Davis,male,35,business owner
5251,Maria Hendricks,female,50,shop assistant
5252,Brandon Davis,male,38,consultant
5253,Wendy Walker,female,50,farmer
5254,Robert Weaver,male,39,journalist
5255,Lisa Nielsen,female,66,professor
5256,Raymond Harrison,male,55,insurance agent
5257,Adrian Mejia,male,49,real estate agent
5258,Jeffrey Kelley,male,59,project manager
5259,Charles Ferguson,male,57,researcher
5260,Rachel Rice,female,53,military personnel
5261,Justin Meyer,male,51,mechanic
5262,Bailey Rice,female,38,data scientist
5263,Martin Harrington,male,47,musician
5264,Amanda Pratt,female,45,business owner
5265,Jack Anthony,male,29,real estate agent
5266,Steven Johnson,male,42,manager
5267,Cameron Harding,male,51,pharmacist
5268,Sierra Gallagher,female,22,nurse
5269,Samuel Welch,male,52,professor
5270,Sandra Lopez,female,57,homemaker
5271,Vanessa Tran,female,34,delivery driver
5272,Terri Merritt,female,36,entrepreneur
5273,Charles Jones,male,40,warehouse worker
5274,Gabriela Edwards,female,53,lawyer
5275,Julia Bryant,female,27,insurance agent
5276,Lance Bowers,male,39,real estate agent
5277,Megan Davenport,female,21,software developer
5278,Teresa Graham,female,58,pharmacist
5279,Charles Hahn,male,34,shop assistant
5280,Kevin Cole,male,40,professor
5281,Stephen Gentry,male,50,financial analyst
5282,Monique Adams,female,34,warehouse worker
5283,Rodney Reed,male,45,police officer
5284,Katelyn Conley,female,33,customer service representative
5285,Penny Martinez,female,68,architect
5286,Brenda Richard,female,60,insurance agent
5287,Sandra Page,female,54,graphic designer
5288,Nicholas Brown,male,68,artist
5289,Timothy Roach,male,37,banker
5290,Trevor Stevens,male,52,marketing specialist
5291,Brandy Abbott,female,55,graphic designer
5292,Christopher Martin,male,24,data analyst
5293,Erin Griffith,female,40,data scientist
5294,Abigail Davis,female,53,data analyst
5295,Theresa Montoya,female,23,construction worker
5296,Michael Love,male,40,insurance agent
5297,Chad Barnes,male,60,architect
5298,Taylor Glass,female,36,police officer
5299,Jake Olson,male,30,shop assistant
5300,Gregory Hart,male,23,accountant
5301,Travis Davis,male,34,administrative officer
5302,Vanessa Bishop,female,43,chef
5303,Brandon Lopez,male,44,artist
5304,Spencer Manning,male,60,insurance agent
5305,Robert Bauer,male,61,insurance agent
5306,Keith Gonzalez,male,47,government employee
5307,Andrea Jordan,female,68,professor
5308,Adrian Krueger,male,40,manager
5309,Jonathan Glover,male,43,technician
5310,Erin Carter,female,49,lawyer
5311,Charles Bradley,male,49,software developer
5312,Kevin Berry,male,50,graphic designer
5313,Tina Miranda,female,20,student
5314,Nicholas Chung,male,47,data analyst
5315,Kayla Thomas,female,48,teacher
5316,Regina Shepherd,female,49,delivery driver
5317,Stephanie Swanson,female,41,software developer
5318,Deanna Williams,female,38,consultant
5319,Kristina Bishop,female,49,consultant
5320,Clifford Mcdonald,male,38,journalist
5321,Wesley Bowers,male,25,customer service representative
5322,Jeffrey Warren,male,23,marketing specialist
5323,Dana Savage,female,27,financial analyst
5324,Joseph Sullivan,male,50,lawyer
5325,Cory Kelley,male,49,lawyer
5326,Zachary DVM,male,36,retail worker
5327,Kimberly Ponce,female,22,marketing specialist
5328,Crystal Morse,female,57,construction worker
5329,Lydia Horn,female,24,graphic designer
5330,Brenda Williams,female,36,freelancer
5331,Jeremy Wallace,male,36,photographer
5332,Amber Ward,female,60,accountant
5333,Heather Diaz,female,43,mechanic
5334,Christine White,female,59,technician
5335,Linda Fernandez,female,18,freelancer
5336,Pamela Rodriguez,female,47,engineer
5337,Melissa Cross,female,65,lecturer
5338,Lindsay Preston,female,57,delivery driver
5339,Bradley Garcia,male,41,artist
5340,Todd Davis,male,36,warehouse worker
5341,Alicia MD,female,50,data scientist
5342,Jacob Hall,male,26,graphic designer
5343,Tara Hale,female,57,engineer
5344,Brandy Kim,female,49,lawyer
5345,Rebecca Knight,female,59,nurse
5346,Amy Moore,female,64,consultant
5347,Robert Ellison,male,24,entrepreneur
5348,Brian Lewis,male,28,data analyst
5349,Clayton Johns,male,23,chef
5350,Michael Green,male,47,business owner
5351,Tina Vasquez,female,45,military personnel
5352,Michele Richard,female,37,civil servant
5353,Juan Galvan,male,48,doctor
5354,Leslie Diaz,female,62,manager
5355,Crystal Potter,female,58,journalist
5356,Alexandra Long,female,28,sales executive
5357,Lisa Booker,female,65,social worker
5358,Alexandria Vaughn,female,30,customer service representative
5359,April Bailey,female,25,shop assistant
5360,Sherry Patterson,female,54,chef
5361,Michael Wolf,male,34,software developer
5362,Kimberly Sims,female,34,researcher
5363,Tina Mooney,female,34,content creator
5364,Luis Mcclain,male,26,content creator
5365,Ian Wolf,male,65,business owner
5366,Jacqueline Bradley,female,40,project manager
5367,Isaiah Jones,male,31,musician
5368,Tracey Hudson,female,56,sales executive
5369,Maria Sanders,female,27,delivery driver
5370,Suzanne Holloway,female,68,consultant
5371,Joshua Love,male,33,military personnel
5372,Karen Adams,female,29,financial analyst
5373,Michelle Huber,female,36,professor
5374,Tracey Brooks,female,30,journalist
5375,Aaron Henry,male,67,doctor
5376,Sarah Moore,female,32,military personnel
5377,Claudia Chen,female,31,insurance agent
5378,Angel Lewis,female,38,insurance agent
5379,Dawn Nolan,female,41,administrative officer
5380,Ashley Medina,female,63,musician
5381,Antonio Lopez,male,19,farmer
5382,Michaela Hernandez,female,39,marketing specialist
5383,Elizabeth Chase,female,28,civil servant
5384,Omar Johnson,male,41,doctor
5385,Stephanie Fisher,female,34,military personnel
5386,Henry Smith,male,28,student
5387,Joshua Mcintyre,male,26,technician
5388,Dana Hernandez,female,28,business owner
5389,Anita Long,female,41,homemaker
5390,Chad Pennington,male,45,freelancer
5391,Michael Rosario,male,54,construction worker
5392,Joyce Webster,female,60,pharmacist
5393,William PhD,male,58,mechanic
5394,Anita Watkins,female,52,homemaker
5395,Jay Jackson,male,53,doctor
5396,Troy Allen,male,43,financial analyst
5397,Sonya Salinas,female,59,civil servant
5398,Brenda Wood,female,29,social worker
5399,Billy Murray,male,59,writer
5400,Allison Larson,female,45,technician
5401,Jill Davis,female,24,sales executive
5402,Carla Reeves,female,44,journalist
5403,Christopher Reynolds,male,61,lecturer
5404,Annette Pope,female,31,content creator
5405,Carolyn Gomez,female,18,freelancer
5406,Richard Boyd,male,43,project manager
5407,Miranda Parks,female,37,manager
5408,Jeffrey Mejia,male,50,human resources officer
5409,Christine Watson,female,32,engineer
5410,Brad Chapman,male,41,military personnel
5411,Nicole Vaughn,female,54,customer service representative
5412,Michele Davis,female,35,warehouse worker
5413,Andrew Williams,male,36,artist
5414,Gina DDS,female,49,content creator
5415,Jaime Bender,female,32,chef
5416,Lauren Nolan,female,34,electrician
5417,Donald Ali,male,45,customer service representative
5418,Anthony Davis,male,29,lecturer
5419,Carol Webster,female,40,civil servant
5420,Anthony Arnold,male,46,civil servant
5421,Darryl Bates,male,58,banker
5422,Darlene Ramirez,female,26,sales executive
5423,Diana Lewis,female,33,engineer
5424,Paul Warren,male,28,chef
5425,Jennifer Ashley,female,54,mechanic
5426,Lance Gonzalez,male,50,technician
5427,Cameron Burton,male,60,musician
5428,Teresa Dominguez,female,53,construction worker
5429,Bonnie Love,female,24,civil servant
5430,Sarah Martinez,female,41,homemaker
5431,Dana Robbins,female,41,business owner
5432,Paula Anderson,female,63,farmer
5433,Gabriela Williams,female,56,construction worker
5434,Christina Fleming,female,34,freelancer
5435,Haley Mcguire,female,35,architect
5436,Samantha Bryant,female,25,military personnel
5437,Steven Davis,male,37,teacher
5438,Christopher George,male,24,sales executive
5439,Stephen Jennings,male,37,marketing specialist
5440,John Gray,male,45,accountant
5441,Shannon Moore,female,37,business owner
5442,Joseph Wilson,male,63,photographer
5443,Dennis Wilkinson,male,55,customer service representative
5444,Roberto Jones,male,46,writer
5445,Carla Bradley,female,37,data scientist
5446,Dale Wilson,male,48,accountant
5447,Kathryn Richardson,female,58,musician
5448,Isabella Randall,female,42,government employee
5449,Susan Stevens,female,48,marketing specialist
5450,Steven Reyes,male,46,lawyer
5451,Tara Miller,female,32,teacher
5452,Jennifer Ward,female,73,farmer
5453,Dustin Hines,male,21,content creator
5454,Matthew Alexander,male,28,graphic designer
5455,William Cohen,male,44,software developer
5456,Chelsea Walker,female,27,administrative officer
5457,Alexa Holland,female,52,marketing specialist
5458,Jody Anderson,female,36,banker
5459,Chad Macias,male,64,civil servant
5460,Gwendolyn Pena,female,37,accountant
5461,Derek Hernandez,male,53,business owner
5462,Samuel Fields,male,39,electrician
5463,Kimberly Vasquez,female,37,nurse
5464,Trevor DDS,male,58,civil servant
5465,Charles Allen,male,57,farmer
5466,Michael Baker,male,43,doctor
5467,Gina Allen,female,37,unemployed
5468,Tracie Hays,female,58,researcher
5469,Valerie Lopez,female,50,project manager
5470,Anthony Schmidt,male,39,researcher
5471,Debbie Harris,female,48,nurse
5472,Rhonda Allen,female,60,sales executive
5473,Sandra Charles,female,45,consultant
5474,Jared Brooks,male,29,real estate agent
5475,Jacob Owens,male,48,insurance agent
5476,Sydney Elliott,female,62,artist
5477,Erin Chavez,female,26,graphic designer
5478,Steven Salinas,male,28,artist
5479,Patricia Valenzuela,female,35,financial analyst
5480,Travis Ward,male,53,travel agent
5481,Jacqueline Kennedy,female,60,homemaker
5482,Jenna Velazquez,female,39,professor
5483,Jonathan Rivers,male,43,construction worker
5484,Greg Wood,male,30,student
5485,Susan Armstrong,female,70,retired
5486,Timothy Stark,male,30,musician
5487,Anita Peterson,female,53,marketing specialist
5488,Kyle Morris,male,79,retired
5489,Laura Sanders,female,32,nurse
5490,Christopher Castaneda,male,34,civil servant
5491,Jesse Pollard,male,42,retail worker
5492,Jacob Love,male,68,doctor
5493,Deborah DVM,female,53,marketing specialist
5494,Zachary Mckay,male,67,farmer
5495,Lauren Wright,female,42,journalist
5496,Teresa Velasquez,female,28,social worker
5497,Eugene Parker,male,53,technician
5498,Amy Knight,female,41,data analyst
5499,Randy Perez,male,56,professor
5500,Alicia Ferguson,female,48,business owner
5501,Barbara Bentley,female,35,unemployed
5502,Tamara Thomas,female,64,architect
5503,Isabella Dunn,female,54,sales executive
5504,Tara Campbell,female,27,teacher
5505,Heidi Montes,female,25,military personnel
5506,Stephanie Hamilton,female,51,doctor
5507,Matthew Shelton,male,45,chef
5508,Jonathan Day,male,55,administrative officer
5509,Maria Cabrera,female,35,teacher
5510,Kendra Hogan,female,27,consultant
5511,Samantha Walker,female,55,software developer
5512,Jesse Ray,male,22,software developer
5513,Fred Lopez,male,42,human resources officer
5514,Ashley Bartlett,female,58,real estate agent
5515,Amber Hines,female,40,graphic designer
5516,Robert Cervantes,male,37,nurse
5517,Arthur Pennington,male,52,government employee
5518,Matthew Barrett,male,40,police officer
5519,Alexander Hernandez,male,50,data analyst
5520,Cassandra Anderson,female,54,banker
5521,Francisco Bates,male,39,warehouse worker
5522,Barbara Johnson,female,58,pharmacist
5523,Walter Schwartz,male,50,human resources officer
5524,Tamara Hines,female,47,freelancer
5525,Terry Jr.,male,60,sales executive
5526,Gregory Moore,male,39,graphic designer
5527,Casey Le,female,29,lecturer
5528,Cody Barber,male,18,shop assistant
5529,Richard Cooper,male,64,pharmacist
5530,Tracy Bell,female,47,civil servant
5531,Mary Lewis,female,50,social worker
5532,Caroline Bowman,female,34,government employee
5533,Jeremy Lyons,male,63,chef
5534,Joseph Franklin,male,63,farmer
5535,Heidi Wells,female,23,graphic designer
5536,Stephanie Decker,female,37,human resources officer
5537,Darin Perez,male,35,police officer
5538,Katie Stanton,female,24,student
5539,Anna Williams,female,33,musician
5540,Angel DDS,male,25,journalist
5541,Barbara Wagner,female,66,real estate agent
5542,Sarah James,female,32,administrative officer
5543,Matthew Farley,male,36,electrician
5544,Daniel DDS,male,31,freelancer
5545,Mary Wilkinson,female,45,human resources officer
5546,Wayne Robinson,male,35,travel agent
5547,Christian Farley,male,36,warehouse worker
5548,Katie Walters,female,43,administrative officer
5549,Edgar Osborn,male,44,project manager
5550,William Hodge,male,35,photographer
5551,Michelle Ortega,female,38,nurse
5552,Shannon White,female,36,doctor
5553,Lisa Kaiser,female,27,mechanic
5554,Mary Mccullough,female,50,construction worker
5555,Steven Tyler,male,55,data analyst
5556,Robert Jones,male,60,retired
5557,Joseph Nelson,male,27,content creator
5558,Katherine Garcia,female,40,chef
5559,John Stewart,male,47,manager
5560,Tiffany Barton,female,33,social worker
5561,Fred Smith,male,27,delivery driver
5562,Daniel Cruz,male,44,content creator
5563,Anthony Mueller,male,32,graphic designer
5564,Daryl Clayton,male,32,musician
5565,Jacob Brown,male,60,data scientist
5566,Laura Lloyd,female,45,shop assistant
5567,Mary Richardson,female,60,unemployed
5568,Nathan Jones,male,39,doctor
5569,Alan Mahoney,male,44,financial analyst
5570,Nathan Vargas,male,57,sales executive
5571,Frank Payne,male,23,engineer
5572,Cody Woods,male,24,nurse
5573,Breanna King,female,41,police officer
5574,Brandon Parker,male,32,financial analyst
5575,Kenneth Walton,male,46,government employee
5576,Travis Powell,male,28,data scientist
5577,Matthew Sullivan,male,47,nurse
5578,Joseph Lewis,male,27,human resources officer
5579,John Webb,male,54,chef
5580,Lindsay Townsend,female,39,engineer
5581,Matthew Leonard,male,61,homemaker
5582,Tina Dominguez,female,30,project manager
5583,John Stephens,male,32,customer service representative
5584,Sara Boyle,female,27,real estate agent
5585,Melinda Mccullough,female,53,government employee
5586,Eric Wilson,male,54,social worker
5587,Patricia Murphy,female,52,military personnel
5588,Tiffany Powers,female,24,sales executive
5589,Mark White,male,56,musician
5590,Amber Martinez,female,64,real estate agent
5591,Ryan Hampton,male,55,police officer
5592,Jamie Kaiser,female,35,professor
5593,Jesus Dorsey,male,46,accountant
5594,Maurice Graham,male,42,engineer
5595,Laura Watkins,female,64,professor
5596,Stephen Davis,male,39,retail worker
5597,Janice Bailey,female,60,warehouse worker
5598,Andrew Hodge,male,49,software developer
5599,Jason Gomez,male,61,musician
5600,William Cunningham,male,53,government employee
5601,Tonya Alexander,female,33,construction worker
5602,Madison Santos,female,58,real estate agent
5603,Michael Walker,male,29,military personnel
5604,Michael Watkins,male,23,customer service representative
5605,Cassidy Bailey,female,35,pharmacist
5606,Candace Gutierrez,female,62,musician
5607,Elizabeth Archer,female,70,real estate agent
5608,Lucas Hendricks,male,51,manager
5609,Justin Hudson,male,33,accountant
5610,James Livingston,male,29,shop assistant
5611,Jeffrey Evans,male,35,writer
5612,Deborah Santana,female,57,business owner
5613,Patrick Parker,male,45,musician
5614,Angel Mosley,female,24,government employee
5615,Jennifer Reilly,female,54,lawyer
5616,Nicole Sanchez,female,29,construction worker
5617,Scott Hill,male,27,social worker
5618,Courtney Ibarra,female,53,project manager
5619,Deborah Fox,female,51,project manager
5620,Matthew Hoffman,male,44,human resources officer
5621,Amber Murphy,female,51,consultant
5622,Lisa Woods,female,41,administrative officer
5623,Virginia Caldwell,female,63,accountant
5624,Patricia Boyd,female,57,artist
5625,Derrick Wright,male,50,warehouse worker
5626,Aimee Shannon,female,25,software developer
5627,Betty Vazquez,female,45,artist
5628,Karen Williams,female,60,civil servant
5629,Steven Stone,male,36,mechanic
5630,Mark Mueller,male,48,writer
5631,Kaitlyn Richards,female,31,data analyst
5632,Beth Sanchez,female,46,military personnel
5633,Diana Reynolds,female,46,delivery driver
5634,Tanya Hernandez,female,62,retired
5635,Keith Morrow,male,60,retail worker
5636,Omar Kelly,male,60,data scientist
5637,Ashley Gross,female,45,researcher
5638,Shannon Lin,female,48,engineer
5639,Kurt Lee,male,36,social worker
5640,Lori Franco,female,34,police officer
5641,Jessica Drake,female,32,journalist
5642,Lisa Blackburn,female,41,sales executive
5643,Heather Evans,female,39,delivery driver
5644,Garrett Hughes,male,52,entrepreneur
5645,Courtney Weaver,female,39,nurse
5646,Stephen Phillips,male,46,graphic designer
5647,Sandra Moore,female,50,real estate agent
5648,Chad Hodge,male,29,government employee
5649,Jim White,male,28,lecturer
5650,Mary Smith,female,35,business owner
5651,Jerry Riley,male,70,retired
5652,Michael Owen,male,40,graphic designer
5653,Samantha Guerra,female,22,writer
5654,Rebecca Hinton,female,52,human resources officer
5655,Michelle Prince,female,35,manager
5656,Douglas Mullins,male,46,banker
5657,Brittany Ballard,female,46,professor
5658,Matthew Freeman,male,29,warehouse worker
5659,Amy Baker,female,46,teacher
5660,Elizabeth MD,female,29,real estate agent
5661,Riley Davenport,male,30,marketing specialist
5662,Christopher Briggs,male,24,banker
5663,Diana Myers,female,33,musician
5664,Paul Blair,male,46,military personnel
5665,Olivia Gonzalez,female,40,financial analyst
5666,Xavier Hanson,male,21,graphic designer
5667,Chad Taylor,male,42,electrician
5668,William Lewis,male,47,content creator
5669,David Robinson,male,39,delivery driver
5670,Michael Patterson,male,66,retired
5671,Tasha Smith,female,23,marketing specialist
5672,Brenda Mendoza,female,35,lawyer
5673,Paul Edwards,male,47,graphic designer
5674,Anthony Ramirez,male,59,researcher
5675,Amy David,female,29,shop assistant
5676,David Perkins,male,46,financial analyst
5677,Rose Jackson,female,53,doctor
5678,Devin Hardin,male,41,administrative officer
5679,Amber Fernandez,female,35,manager
5680,Theresa Marsh,female,19,military personnel
5681,Rebecca Lowery,female,33,writer
5682,Jordan Martin,female,59,electrician
5683,Robert Carter,male,46,lecturer
5684,Anthony Olsen,male,28,government employee
5685,Sydney Green,female,35,researcher
5686,Julia Parsons,female,69,architect
5687,Thomas May,male,53,technician
5688,Frank Green,male,51,police officer
5689,Rachel Burke,female,51,business owner
5690,Tammy Williams,female,42,software developer
5691,Joshua Herrera,male,29,warehouse worker
5692,Christian Byrd,male,43,marketing specialist
5693,Gina Brennan,female,45,banker
5694,Kevin Watts,male,55,accountant
5695,Peter Campbell,male,48,lawyer
5696,Jonathon Stevenson,male,43,photographer
5697,Karla Burton,female,44,lecturer
5698,Randy Jones,male,49,warehouse worker
5699,Beverly Miller,female,45,mechanic
5700,Kiara Church,female,53,construction worker
5701,Melissa Haas,female,45,data analyst
5702,Robert Newton,male,57,consultant
5703,Thomas Daugherty,male,46,customer service representative
5704,Sarah Roy,female,63,entrepreneur
5705,Michael Yates,male,40,technician
5706,Linda Gomez,female,75,retired
5707,Linda Moss,female,26,student
5708,Ashley Garcia,female,31,data scientist
5709,Taylor Dougherty,male,52,police officer
5710,Alex Vincent,male,56,banker
5711,Ashley Thompson,female,50,mechanic
5712,Melinda Green,female,59,engineer
5713,James Rubio,male,49,photographer
5714,Craig Cherry,male,25,data analyst
5715,Jessica Stein,female,50,administrative officer
5716,Kathryn Stone,female,58,administrative officer
5717,Kevin Rivera,male,58,police officer
5718,Alisha Martin,female,67,retired
5719,Louis Gray,male,58,manager
5720,Hannah Salazar,female,54,data scientist
5721,Collin Maldonado,male,26,data scientist
5722,Lori Mckee,female,50,technician
5723,Mark Clark,male,62,architect
5724,Linda Stewart,female,52,consultant
5725,Cody Morse,male,24,artist
5726,Robert Moore,male,36,consultant
5727,Christian Barnes,male,32,architect
5728,Hannah Miller,female,21,police officer
5729,Brandi Valdez,female,19,artist
5730,Tammy Hernandez,female,32,content creator
5731,Andrea Glass,female,57,lecturer
5732,Randy Robinson,male,26,musician
5733,Emily Todd,female,27,student
5734,James Graham,male,45,data analyst
5735,Samantha Sharp,female,58,journalist
5736,Troy Williams,male,41,human resources officer
5737,Frances Green,female,38,professor
5738,Maria Arnold,female,33,lecturer
5739,Philip Williams,male,65,writer
5740,Kimberly Rosales,female,45,data scientist
5741,Brooke Fuentes,female,37,military personnel
5742,Samuel Davis,male,48,banker
5743,Richard Watson,male,18,retail worker
5744,Matthew Stephenson,male,48,graphic designer
5745,Kimberly Kane,female,27,administrative officer
5746,Joseph Esparza,male,52,engineer
5747,Alejandra Gallagher,female,62,pharmacist
5748,Gabriel Hawkins,male,62,lawyer
5749,Eric Torres,male,69,business owner
5750,Russell Smith,male,49,consultant
5751,Christopher Reilly,male,52,construction worker
5752,Jonathan Little,male,73,retired
5753,Sandra Meyer,female,39,content creator
5754,Tina Little,female,40,pharmacist
5755,Seth Curry,male,57,farmer
5756,Barbara Graham,female,58,technician
5757,Elizabeth White,female,40,musician
5758,Angela White,female,46,architect
5759,Amy Mitchell,female,36,retail worker
5760,Joseph Flynn,male,25,pharmacist
5761,Morgan Pace,female,45,financial analyst
5762,Keith Atkins,male,56,banker
5763,Brandon Huffman,male,32,accountant
5764,Roger Sullivan,male,50,data scientist
5765,William Ramirez,male,34,manager
5766,Anne Martin,female,40,pharmacist
5767,Ashley Dunn,female,43,pharmacist
5768,Sheri Henderson,female,69,retired
5769,Melissa Jackson,female,47,customer service representative
5770,Abigail Mayer,female,30,manager
5771,Kimberly Lee,female,22,student
5772,Shane Smith,male,48,business owner
5773,Erin White,female,56,warehouse worker
5774,Joseph Young,male,34,real estate agent
5775,Timothy Tran,male,51,unemployed
5776,Jason Patrick,male,37,marketing specialist
5777,Paula Saunders,female,44,farmer
5778,Jerry Ferguson,male,52,engineer
5779,Samantha Avila,female,50,manager
5780,Shannon Thompson,female,45,technician
5781,Stacy Macias,female,33,warehouse worker
5782,Stephanie Nunez,female,42,engineer
5783,Damon Olsen,male,35,artist
5784,Paul Wagner,male,46,consultant
5785,Stephen Richmond,male,25,pharmacist
5786,Nicole Tate,female,60,electrician
5787,Vincent Rodriguez,male,51,warehouse worker
5788,Mary Moody,female,47,business owner
5789,Darius Lynch,male,28,delivery driver
5790,Kimberly Romero,female,51,data analyst
5791,Cody Mclaughlin,male,41,content creator
5792,Amy Woods,female,69,homemaker
5793,Pamela Everett,female,62,writer
5794,Tiffany Olson,female,66,writer
5795,Jacob Perkins,male,27,electrician
5796,Stephanie Medina,female,46,technician
5797,Martha Adams,female,23,farmer
5798,Marc Mcdonald,male,60,retired
5799,Jennifer Murray,female,49,shop assistant
5800,Brian Booker,male,40,researcher
5801,Samuel Day,male,30,doctor
5802,Elizabeth Guerrero,female,43,banker
5803,Megan Ewing,female,42,social worker
5804,Chris Myers,male,24,data scientist
5805,Troy Ross,male,22,writer
5806,Christopher Kane,male,33,construction worker
5807,Anna Morris,female,55,banker
5808,Lisa Watkins,female,62,journalist
5809,Christopher Nguyen,male,43,technician
5810,Michael Fuller,male,65,chef
5811,Jill Evans,female,67,consultant
5812,Scott Johnson,male,47,construction worker
5813,Karen Hubbard,female,46,engineer
5814,Leslie Shea,female,29,doctor
5815,Jessica Montgomery,female,49,pharmacist
5816,Kristina Tran,female,27,researcher
5817,Eric Frazier,male,22,retail worker
5818,Harold Williamson,male,24,student
5819,Jared Jones,male,45,architect
5820,Rebekah Pham,female,32,police officer
5821,Ashley Murray,female,61,social worker
5822,Judy Acevedo,female,44,insurance agent
5823,James Perkins,male,47,nurse
5824,Ashley James,female,54,banker
5825,Joseph Baker,male,19,student
5826,Ricky Jackson,male,46,engineer
5827,Robert Liu,male,22,customer service representative
5828,Carolyn Houston,female,43,entrepreneur
5829,Carly DDS,female,49,retail worker
5830,Dylan Guzman,male,59,banker
5831,Sara White,female,63,project manager
5832,David Meyer,male,75,farmer
5833,April Wiley,female,58,warehouse worker
5834,Cheryl Wade,female,43,journalist
5835,John Estrada,male,21,artist
5836,Cynthia Larson,female,54,accountant
5837,Roy Paul,male,27,technician
5838,Gregory Joyce,male,47,accountant
5839,Brittany Choi,female,66,architect
5840,Thomas Williams,male,27,sales executive
5841,Meghan Cortez,female,36,graphic designer
5842,Jamie Vargas,male,21,student
5843,Kyle Newman,male,39,photographer
5844,Walter Howard,male,55,financial analyst
5845,Kristin Saunders,female,33,civil servant
5846,Jessica Weaver,female,49,electrician
5847,Wanda Reynolds,female,36,lecturer
5848,Jonathan Castillo,male,28,freelancer
5849,Alicia Wilson,female,41,journalist
5850,Jennifer Day,female,46,construction worker
5851,Ashley Christensen,female,50,retail worker
5852,Stacy Martinez,female,42,real estate agent
5853,Thomas Turner,male,59,researcher
5854,Linda Williams,female,74,retired
5855,Mary Blevins,female,68,architect
5856,Timothy Cardenas,male,60,data scientist
5857,Eric Johnson,male,28,project manager
5858,Paula Wilson,female,22,mechanic
5859,Logan Graham,male,66,architect
5860,Emily Coleman,female,47,manager
5861,Teresa White,female,56,administrative officer
5862,Gary Lewis,male,30,mechanic
5863,Joshua Cohen,male,23,shop assistant
5864,Kyle Burke,male,37,engineer
5865,Anne Holloway,female,53,architect
5866,Courtney Smith,female,36,travel agent
5867,Wayne Roberts,male,32,customer service representative
5868,Daniel Martin,male,31,software developer
5869,Steven Brown,male,21,warehouse worker
5870,James Barrett,male,36,project manager
5871,Kaitlyn Leblanc,female,41,accountant
5872,Mark Ford,male,22,writer
5873,Patricia Herrera,female,39,travel agent
5874,Danielle Reed,female,34,technician
5875,Megan Spencer,female,54,military personnel
5876,Lauren Torres,female,36,electrician
5877,Hannah Marquez,female,52,graphic designer
5878,Jared Madden,male,42,engineer
5879,Isabella Miller,female,59,electrician
5880,Gabriella Williams,female,65,manager
5881,Amber Parker,female,28,teacher
5882,Jerome Parker,male,57,journalist
5883,Pamela Fowler,female,43,banker
5884,Brenda Gonzales,female,38,photographer
5885,Patrick Oconnor,male,41,photographer
5886,Richard Murray,male,56,project manager
5887,Eric Shaffer,male,39,graphic designer
5888,Christina Roberts,female,59,artist
5889,Dalton Cook,male,34,researcher
5890,Joseph Walker,male,65,insurance agent
5891,Daniel Miller,male,56,police officer
5892,Michael Allen,male,55,software developer
5893,Thomas Baird,male,62,doctor
5894,Andrew Wells,male,22,chef
5895,Christopher Mcintyre,male,24,administrative officer
5896,Rebecca Castillo,female,19,delivery driver
5897,Adam Wilcox,male,58,photographer
5898,Eugene Brown,male,61,real estate agent
5899,Jill Torres,female,46,data analyst
5900,Matthew House,male,24,pharmacist
5901,Karen Shaffer,female,53,financial analyst
5902,Brian Cunningham,male,33,graphic designer
5903,Jeffery Mendoza,male,46,lecturer
5904,Sean Crawford,male,62,entrepreneur
5905,Jessica Gray,female,27,government employee
5906,Rhonda Chapman,female,59,accountant
5907,Eric Clark,male,41,professor
5908,Kevin Johnston,male,63,freelancer
5909,Lori Jordan,female,59,lawyer
5910,Leonard Andrews,male,33,financial analyst
5911,Julian Castillo,male,42,social worker
5912,Kim Young,female,32,unemployed
5913,Kimberly Ortiz,female,59,mechanic
5914,Tanner Jackson,male,61,nurse
5915,Destiny Pace,female,37,government employee
5916,Edward Potter,male,23,nurse
5917,Michael Ramsey,male,62,architect
5918,Jessica Hoffman,female,55,nurse
5919,Samantha Wu,female,63,chef
5920,Michael Bailey,male,41,software developer
5921,Tony Harmon,male,41,electrician
5922,Anthony Thomas,male,33,lecturer
5923,Kevin Simon,male,45,accountant
5924,Steven Singleton,male,62,manager
5925,Robert Evans,male,20,writer
5926,Margaret Solomon,female,26,student
5927,Angela Smith,female,32,musician
5928,Kevin Evans,male,31,accountant
5929,Robert Tyler,male,30,pharmacist
5930,Daniel Crawford,male,34,consultant
5931,Kelly Myers,female,55,travel agent
5932,Bradley Barber,male,26,travel agent
5933,Christine Shaw,female,18,student
5934,Sarah Wilson,female,22,customer service representative
5935,Danielle Andersen,female,48,human resources officer
5936,Kimberly Hill,female,27,marketing specialist
5937,Kenneth Clay,male,54,architect
5938,Robert Douglas,male,34,engineer
5939,Sandra Griffin,female,33,journalist
5940,Jacob Hernandez,male,36,military personnel
5941,Tim Richards,male,48,freelancer
5942,Rachel Davis,female,52,customer service representative
5943,Erik Wagner,male,36,administrative officer
5944,Nicole Marshall,female,34,graphic designer
5945,Randy Caldwell,male,19,unemployed
5946,Bryan Allen,male,54,unemployed
5947,Adam Mullen,male,56,nurse
5948,Sarah Rollins,female,52,social worker
5949,Matthew Edwards,male,47,sales executive
5950,Nathaniel Williams,male,24,administrative officer
5951,Joseph Mckenzie,male,34,travel agent
5952,Scott Love,male,39,civil servant
5953,Garrett Suarez,male,24,data analyst
5954,Miguel Clark,male,34,travel agent
5955,Greg Terry,male,54,government employee
5956,Kathleen Gray,female,60,social worker
5957,Suzanne Miller,female,33,human resources officer
5958,Katrina Greene,female,63,doctor
5959,Christine Allen,female,64,doctor
5960,Michele Sims,female,66,lawyer
5961,Vanessa Bray,female,60,travel agent
5962,Jessica Richardson,female,27,banker
5963,Jerry Sanchez,male,61,business owner
5964,Scott Hoover,male,54,electrician
5965,John Lopez,male,62,lawyer
5966,Shawn Garcia,male,51,teacher
5967,Jenna Shelton,female,36,artist
5968,Cesar Romero,male,36,banker
5969,John Bryant,male,30,human resources officer
5970,Joshua Fisher,male,32,human resources officer
5971,Edward Boyd,male,49,customer service representative
5972,Zachary Murray,male,35,police officer
5973,Sabrina Ellison,female,48,graphic designer
5974,Derek Hester,male,41,construction worker
5975,Maureen Payne,female,36,pharmacist
5976,Jason Henderson,male,23,journalist
5977,Katrina Garcia,female,36,real estate agent
5978,Megan Chavez,female,55,professor
5979,Lauren Vargas,female,47,architect
5980,Tammy Johnston,female,57,project manager
5981,Andrew Simpson,male,37,human resources officer
5982,Nicole Lowery,female,56,manager
5983,Mark Holt,male,34,architect
5984,Christopher Wagner,male,32,researcher
5985,Donald Austin,male,61,pharmacist
5986,Debra Flores,female,62,consultant
5987,Michael Guerra,male,38,human resources officer
5988,Kimberly Orozco,female,46,homemaker
5989,John Chavez,male,38,pharmacist
5990,Alison Faulkner,female,38,banker
5991,Tyler Galloway,male,61,homemaker
5992,Nina Combs,female,31,graphic designer
5993,Reginald Cannon,male,26,architect
5994,Joshua Ramos,male,69,professor
5995,Vernon Walker,male,56,journalist
5996,Jennifer Juarez,female,52,pharmacist
5997,Lisa Dean,female,42,customer service representative
5998,Trevor Lee,male,52,administrative officer
5999,Shelley Costa,female,45,homemaker
6000,Carl Anderson,male,24,marketing specialist
6001,Carol Williams,female,23,artist
6002,Stephanie Carr,female,43,lecturer
6003,Heather Murray,female,34,technician
6004,Peter Jones,male,40,chef
6005,Melissa Norris,female,25,architect
6006,Dillon Cunningham,male,26,financial analyst
6007,Jacqueline Norman,female,37,researcher
6008,Maria Brown,female,39,marketing specialist
6009,Lisa Garcia,female,45,data scientist
6010,Charles Christensen,male,58,travel agent
6011,Julie Matthews,female,25,warehouse worker
6012,Karen Garner,female,20,student
6013,Sharon MD,female,22,student
6014,Blake Crawford,male,22,software developer
6015,Charles Roberts,male,58,project manager
6016,Stefanie Brewer,female,38,lecturer
6017,Jennifer Rodriguez,female,73,artist
6018,Anthony Lee,male,27,electrician
6019,Jeffrey Watts,male,45,manager
6020,Karen Hernandez,female,49,data analyst
6021,Brittany Johnson,female,41,construction worker
6022,Peggy Young,female,54,retail worker
6023,Christina Mullen,female,26,administrative officer
6024,Alexandra Marshall,female,32,photographer
6025,Amanda Davis,female,36,accountant
6026,Gavin Yates,male,32,real estate agent
6027,Joel Gilbert,male,39,customer service representative
6028,Caitlin Rodriguez,female,33,journalist
6029,James Williams,male,35,civil servant
6030,Stephen Rios,male,62,writer
6031,Charlene Johnson,female,38,civil servant
6032,Eugene Weeks,male,46,teacher
6033,Patrick Sparks,male,52,artist
6034,Christopher DVM,male,50,administrative officer
6035,Abigail Scott,female,58,insurance agent
6036,Amy Good,female,25,researcher
6037,Olivia Carter,female,36,administrative officer
6038,Stephanie White,female,52,lecturer
6039,Matthew Smith,male,27,content creator
6040,Cindy Matthews,female,33,artist
6041,Brenda Oconnor,female,20,student
6042,Monica Aguilar,female,25,artist
6043,Rodney Salinas,male,49,government employee
6044,Catherine Jensen,female,37,photographer
6045,Catherine May,female,32,graphic designer
6046,Anna Leblanc,female,55,journalist
6047,Blake Owens,male,35,lawyer
6048,Michelle Johnson,female,26,content creator
6049,Travis Wilcox,male,55,nurse
6050,Kimberly Rodriguez,female,40,photographer
6051,Ashley Andrews,female,30,military personnel
6052,Troy Herrera,male,24,human resources officer
6053,Brandon Trujillo,male,41,writer
6054,Jared Todd,male,40,manager
6055,Lisa Herrera,female,22,graphic designer
6056,Karen Patterson,female,49,insurance agent
6057,Veronica Craig,female,46,software developer
6058,Julie Kidd,female,55,delivery driver
6059,Kathryn Adams,female,21,content creator
6060,Allison Curry,female,28,administrative officer
6061,Matthew Bray,male,47,data scientist
6062,Brian IV,male,26,mechanic
6063,Carlos Kim,male,37,homemaker
6064,Jamie Mclaughlin,male,46,social worker
6065,Timothy Mack,male,48,real estate agent
6066,Christina Franklin,female,26,construction worker
6067,Bethany Gonzalez,female,46,business owner
6068,Crystal Fernandez,female,39,farmer
6069,Devin Blackburn,male,38,electrician
6070,Brooke Walker,female,45,writer
6071,Denise Lopez,female,22,electrician
6072,Alexandra Jones,female,45,delivery driver
6073,Patrick Vasquez,male,34,civil servant
6074,Brittany Smith,female,53,administrative officer
6075,April Clark,female,21,customer service representative
6076,Antonio Smith,male,39,data scientist
6077,Danielle Carter,female,20,chef
6078,Jennifer Allen,female,25,construction worker
6079,Aaron Black,male,36,customer service representative
6080,Paula Kidd,female,29,marketing specialist
6081,Bryan Yates,male,65,homemaker
6082,Troy Jefferson,male,24,nurse
6083,Paul Burton,male,58,data scientist
6084,Charles Simpson,male,34,content creator
6085,Natalie Perkins,female,52,customer service representative
6086,Raymond Acosta,male,56,chef
6087,Luke Price,male,54,human resources officer
6088,Morgan Evans,female,42,business owner
6089,Trevor PhD,male,60,journalist
6090,John Scott,male,49,data scientist
6091,Amber Morse,female,20,homemaker
6092,William Robertson,male,23,writer
6093,Ruben Benton,male,37,lecturer
6094,Anne Khan,female,41,financial analyst
6095,Matthew Peters,male,32,entrepreneur
6096,David Mason,male,39,human resources officer
6097,Victor Parker,male,67,writer
6098,David Abbott,male,38,journalist
6099,Heidi Nguyen,female,29,nurse
6100,Tony Lawson,male,21,student
6101,Kevin Padilla,male,32,financial analyst
6102,Jessica Hernandez,female,47,data analyst
6103,Michelle Patrick,female,61,social worker
6104,Kimberly Davis,female,49,entrepreneur
6105,Thomas Delgado,male,40,entrepreneur
6106,Linda Wang,female,21,photographer
6107,Stephanie Taylor,female,65,project manager
6108,Kathryn Jones,female,41,lecturer
6109,Erika Taylor,female,22,musician
6110,Susan Walsh,female,33,warehouse worker
6111,Emily Tapia,female,44,musician
6112,Whitney Smith,female,81,retired
6113,Caitlin Davis,female,36,unemployed
6114,Trevor Arnold,male,38,farmer
6115,Kimberly Parks,female,65,business owner
6116,Mark Hartman,male,27,teacher
6117,Albert Wade,male,81,retired
6118,Ashley Johnson,female,24,graphic designer
6119,Carrie Brown,female,38,human resources officer
6120,Joseph Ellis,male,54,researcher
6121,Miranda Reese,female,31,researcher
6122,Tammy Simmons,female,64,pharmacist
6123,Beth Pena,female,27,administrative officer
6124,Kim Brooks,female,19,customer service representative
6125,Jessica Walton,female,44,researcher
6126,Robin Vance,female,64,musician
6127,Nicole Collins,female,62,civil servant
6128,Tracy Torres,female,60,delivery driver
6129,Charles Gonzales,male,47,photographer
6130,Sarah DVM,female,39,retail worker
6131,Marco Cook,male,22,police officer
6132,Jonathan Paul,male,46,government employee
6133,Daniel Dennis,male,38,nurse
6134,Chase Young,male,64,lecturer
6135,Jennifer Henry,female,50,sales executive
6136,Caroline Bentley,female,22,data analyst
6137,Paul Martinez,male,31,researcher
6138,Troy Long,male,26,researcher
6139,Jordan DDS,male,47,retail worker
6140,Heather Hale,female,64,musician
6141,Christian Anderson,male,39,police officer
6142,Tyler MD,male,30,content creator
6143,Jeremy III,male,46,engineer
6144,John Gallegos,male,57,social worker
6145,Laura Fowler,female,62,musician
6146,Andrew Proctor,male,40,retail worker
6147,Katrina Mason,female,61,homemaker
6148,Eric Thomas,male,18,shop assistant
6149,Sean Cain,male,34,nurse
6150,Eric Barnes,male,39,graphic designer
6151,Brandon Gibbs,male,39,marketing specialist
6152,Dawn Rodgers,female,50,content creator
6153,Heather Andrews,female,21,delivery driver
6154,Wayne Keller,male,57,real estate agent
6155,Douglas Cardenas,male,38,consultant
6156,Ashley Page,female,50,marketing specialist
6157,Craig Pierce,male,36,lawyer
6158,Richard Mason,male,60,freelancer
6159,Renee Ramsey,female,65,researcher
6160,Donald Solis,male,49,lecturer
6161,Wendy Sullivan,female,63,pharmacist
6162,Albert Bradford,male,21,retail worker
6163,Willie White,male,46,farmer
6164,Sherry Collins,female,54,teacher
6165,Diana Pham,female,50,photographer
6166,Scott Wilson,male,28,writer
6167,Eric Manning,male,19,student
6168,April Bautista,female,55,data scientist
6169,Ashlee Blair,female,44,administrative officer
6170,Janice Archer,female,26,real estate agent
6171,Antonio Hale,male,31,musician
6172,Jillian Clayton,female,55,military personnel
6173,Susan Williams,female,57,consultant
6174,Desiree Mays,female,23,shop assistant
6175,Tamara Wells,female,47,customer service representative
6176,Ashley Vaughn,female,57,freelancer
6177,Kevin Owens,male,50,lecturer
6178,Jason Norman,male,54,banker
6179,Mark Hughes,male,47,civil servant
6180,Philip Case,male,21,freelancer
6181,Luis Potter,male,68,consultant
6182,Katie Garcia,female,46,customer service representative
6183,Sarah Fields,female,51,social worker
6184,Gary Diaz,male,61,government employee
6185,Barbara Harris,female,64,lawyer
6186,Courtney Moreno,female,37,professor
6187,Alison Livingston,female,32,nurse
6188,Michael Hood,male,39,police officer
6189,Aaron Taylor,male,63,retired
6190,Philip Espinoza,male,18,construction worker
6191,Tony Rodriguez,male,40,artist
6192,William Moore,male,38,civil servant
6193,Megan Koch,female,39,mechanic
6194,William King,male,38,sales executive
6195,Barbara Gonzalez,female,60,sales executive
6196,Cristina West,female,33,travel agent
6197,Sharon Yoder,female,35,content creator
6198,Mitchell Diaz,male,51,pharmacist
6199,Sharon Mason,female,35,homemaker
6200,Matthew Caldwell,male,43,administrative officer
6201,Robert Taylor,male,53,warehouse worker
6202,Victor Martin,male,37,graphic designer
6203,Lance MD,male,36,human resources officer
6204,Debbie Estrada,female,35,data scientist
6205,Robert Fleming,male,57,musician
6206,Jeffrey Vaughn,male,32,doctor
6207,Samuel Rocha,male,58,chef
6208,Paul Rich,male,23,insurance agent
6209,Erica Fitzgerald,female,18,student
6210,Stephanie Colon,female,51,data analyst
6211,Aaron Pennington,male,54,journalist
6212,Helen Krause,female,23,journalist
6213,Mariah Wang,female,24,farmer
6214,Brooke Allison,female,24,customer service representative
6215,Melissa Harvey,female,29,warehouse worker
6216,Kenneth Roberts,male,83,retired
6217,Kathy Robinson,female,48,content creator
6218,Susan Rodgers,female,45,lawyer
6219,Darryl Hernandez,male,55,software developer
6220,Benjamin Alvarez,male,19,student
6221,Rhonda Pierce,female,73,retired
6222,Earl Marquez,male,41,lecturer
6223,Mary Walls,female,27,business owner
6224,David Pierce,male,47,entrepreneur
6225,Erika Wilkins,female,55,professor
6226,Desiree Jimenez,female,26,software developer
6227,Lauren Coleman,female,30,farmer
6228,Erica Wright,female,31,civil servant
6229,Patrick Rocha,male,66,retired
6230,Johnathan Aguirre,male,31,accountant
6231,Kevin Hubbard,male,47,police officer
6232,Annette Cox,female,36,electrician
6233,Sarah Fowler,female,23,administrative officer
6234,Robert Murray,male,53,lecturer
6235,Jeffrey Rojas,male,51,manager
6236,Raymond MD,male,68,farmer
6237,Heather Alexander,female,26,police officer
6238,Dalton Serrano,male,63,project manager
6239,Heidi Trujillo,female,35,writer
6240,John Cooley,male,47,software developer
6241,John Sharp,male,21,construction worker
6242,John Parker,male,48,sales executive
6243,Alexis Lopez,female,27,student
6244,Roberto Pittman,male,53,military personnel
6245,Erika Stevens,female,26,student
6246,Amber Hart,female,41,graphic designer
6247,Randy Foster,male,50,chef
6248,William Barry,male,26,data analyst
6249,Jose Evans,male,30,journalist
6250,Jennifer King,female,31,content creator
6251,Daniel Morgan,male,31,doctor
6252,Tracy Morales,female,31,government employee
6253,Charles Munoz,male,41,civil servant
6254,Kendra Bowen,female,46,real estate agent
6255,Lawrence Russell,male,37,construction worker
6256,Amanda Baker,female,22,delivery driver
6257,Kelly Long,female,37,electrician
6258,Christopher Benson,male,53,mechanic
6259,Richard Green,male,39,freelancer
6260,Allison Warren,female,25,entrepreneur
6261,Raymond Wells,male,47,nurse
6262,Patrick Krueger,male,25,real estate agent
6263,Scott Patterson,male,39,freelancer
6264,Adam Lee,male,35,retail worker
6265,Frank Cole,male,78,retired
6266,Kathryn Macias,female,49,professor
6267,Gina Scott,female,26,accountant
6268,Billy Bush,male,66,retired
6269,Ronald Rose,male,46,social worker
6270,Catherine Clark,female,69,consultant
6271,Sara Gibson,female,59,data scientist
6272,Amy Thompson,female,70,professor
6273,Charles Garcia,male,26,travel agent
6274,Sara Greer,female,55,warehouse worker
6275,Katherine Lawson,female,52,data scientist
6276,Carly Chan,female,37,graphic designer
6277,Sonya Watson,female,43,data analyst
6278,Ryan Powell,male,80,retired
6279,Amanda Thompson,female,21,software developer
6280,Jeffery Lane,male,31,manager
6281,Scott White,male,55,journalist
6282,Catherine Gutierrez,female,33,artist
6283,Krista Davis,female,64,government employee
6284,Deborah MD,female,48,graphic designer
6285,Amy Payne,female,54,sales executive
6286,Joanne Stephenson,female,34,lawyer
6287,Tammy Drake,female,37,entrepreneur
6288,Tammy Griffin,female,55,electrician
6289,Stacy Jennings,female,45,manager
6290,Eddie Gonzalez,male,60,construction worker
6291,Russell White,male,31,construction worker
6292,Jamie Walker,female,30,entrepreneur
6293,Rhonda Moore,female,53,artist
6294,Jeremy Werner,male,37,travel agent
6295,Patrick Avila,male,51,teacher
6296,Antonio Ibarra,male,26,student
6297,Lonnie Hatfield,male,45,accountant
6298,Melissa Robinson,female,53,artist
6299,Cameron Haynes,male,58,project manager
6300,Johnny Jr.,male,59,architect
6301,Bailey Hughes,female,39,data scientist
6302,Amber Proctor,female,56,warehouse worker
6303,Jessica Martinez,female,60,retired
6304,Jennifer Foster,female,54,social worker
6305,Christopher Roy,male,52,delivery driver
6306,Eric Rowland,male,26,software developer
6307,Deborah Curry,female,34,social worker
6308,Allison Sharp,female,57,warehouse worker
6309,Kimberly Turner,female,20,warehouse worker
6310,Paul Chaney,male,41,construction worker
6311,Sarah Smith,female,25,graphic designer
6312,Adam Espinoza,male,52,homemaker
6313,Toni Richard,female,47,civil servant
6314,Carol Ingram,female,48,freelancer
6315,Paula Blackburn,female,54,real estate agent
6316,David Johnson,male,66,farmer
6317,Kenneth Johnson,male,27,student
6318,Stephanie Bailey,female,30,customer service representative
6319,Christine Smith,female,33,human resources officer
6320,Hunter Williams,male,27,content creator
6321,Susan Trujillo,female,45,real estate agent
6322,William Wilson,male,44,freelancer
6323,Courtney Morgan,female,35,real estate agent
6324,Michelle Merritt,female,50,content creator
6325,Jared Gordon,male,31,construction worker
6326,Kristina Neal,female,50,writer
6327,Cory Parsons,male,28,customer service representative
6328,Christopher Horn,male,53,insurance agent
6329,Carla Simmons,female,32,human resources officer
6330,Kimberly Reed,female,49,pharmacist
6331,Joshua Brewer,male,58,travel agent
6332,Ronald Kramer,male,64,architect
6333,Brandon Hobbs,male,42,financial analyst
6334,Penny Potter,female,28,teacher
6335,Terry Carr,male,58,delivery driver
6336,Tiffany Wilson,female,35,writer
6337,Jon Gonzalez,male,48,lecturer
6338,Ellen Watson,female,34,consultant
6339,Susan Cruz,female,34,lawyer
6340,Sharon Davidson,female,45,content creator
6341,Brent MD,male,31,lawyer
6342,Crystal Olson,female,21,software developer
6343,Jennifer Raymond,female,57,business owner
6344,Donald Flores,male,22,entrepreneur
6345,Katie Hardin,female,61,doctor
6346,Brian Bullock,male,37,doctor
6347,Steve Simmons,male,56,doctor
6348,Debra Baxter,female,36,unemployed
6349,Cheryl Thornton,female,25,social worker
6350,Michael Dalton,male,41,chef
6351,Emily Nelson,female,54,consultant
6352,Brenda Perkins,female,56,electrician
6353,David Skinner,male,48,farmer
6354,Jeremy Lowery,male,54,graphic designer
6355,Brenda Owens,female,30,project manager
6356,Natalie Heath,female,42,real estate agent
6357,Brandon Gardner,male,30,business owner
6358,Dawn Yates,female,52,shop assistant
6359,Tara Moody,female,29,chef
6360,Noah Costa,male,41,social worker
6361,Madison Gallegos,female,49,musician
6362,Daniel Young,male,51,pharmacist
6363,Kevin Grant,male,42,researcher
6364,Hunter Williamson,male,63,retired
6365,Gina Moran,female,50,teacher
6366,Tyler Hill,male,27,electrician
6367,Gavin Gordon,male,37,entrepreneur
6368,Nicolas Moreno,male,54,retail worker
6369,Jessica Leon,female,48,retail worker
6370,Richard Smith,male,20,warehouse worker
6371,James Martinez,male,50,pharmacist
6372,Christopher Torres,male,55,unemployed
6373,Penny Golden,female,22,chef
6374,Bobby Richards,male,59,lecturer
6375,Christopher White,male,36,entrepreneur
6376,Nicole Ferguson,female,32,electrician
6377,Robert Peck,male,56,civil servant
6378,Nicole Zhang,female,50,financial analyst
6379,Juan Lopez,male,36,travel agent
6380,Stanley Lucas,male,48,chef
6381,Theresa Mcguire,female,41,technician
6382,Donald Roberts,male,60,teacher
6383,Kirk French,male,18,student
6384,Jill Taylor,female,48,software developer
6385,Dennis Guerra,male,25,journalist
6386,Ryan Mccarty,male,45,artist
6387,Cheyenne Jones,female,57,pharmacist
6388,Maria Smith,female,43,doctor
6389,Benjamin Mclaughlin,male,21,software developer
6390,Colleen Wood,female,42,lawyer
6391,Janet Smith,female,63,civil servant
6392,Vincent Huynh,male,64,photographer
6393,Katelyn Johnson,female,26,business owner
6394,James Mclean,male,47,government employee
6395,Sandra Brown,female,55,unemployed
6396,Sheila MD,female,28,researcher
6397,Todd Smith,male,28,software developer
6398,Crystal Thompson,female,42,content creator
6399,Brandon Mckenzie,male,56,homemaker
6400,Shannon Nunez,female,50,business owner
6401,Sharon Gonzalez,female,32,project manager
6402,Adam Giles,male,60,engineer
6403,Douglas Davis,male,28,data analyst
6404,Gregory Yoder,male,30,warehouse worker
6405,Thomas Gonzalez,male,33,photographer
6406,John Jacobson,male,43,travel agent
6407,Karen Fisher,female,54,retail worker
6408,Andres Trevino,male,65,insurance agent
6409,Amanda Ramirez,female,51,construction worker
6410,Andrea Murphy,female,28,data scientist
6411,Kayla Alexander,female,60,data scientist
6412,Clayton Khan,male,33,pharmacist
6413,Daniel Parker,male,44,customer service representative
6414,Gregory Norman,male,47,mechanic
6415,Jonathan Price,male,35,manager
6416,Laura Bright,female,23,mechanic
6417,Shane Mejia,male,28,retail worker
6418,Courtney Wilkinson,female,63,lecturer
6419,Kristin Williams,female,58,entrepreneur
6420,Christopher Black,male,46,retail worker
6421,Deborah Delgado,female,50,insurance agent
6422,Aaron MD,male,64,lawyer
6423,Stephen Olson,male,41,manager
6424,Christopher Myers,male,36,administrative officer
6425,Erica Lawrence,female,70,doctor
6426,Robert Perkins,male,33,banker
6427,Kimberly Green,female,35,financial analyst
6428,Elizabeth Mathis,female,53,writer
6429,Nancy Carter,female,64,social worker
6430,Tyler Mills,male,18,student
6431,Jim Foster,male,34,software developer
6432,Joshua Hayes,male,36,lawyer
6433,Scott Johns,male,18,construction worker
6434,Jason Mcdonald,male,20,freelancer
6435,Jasmine Hall,female,33,photographer
6436,Rhonda Oconnell,female,54,technician
6437,Mary Khan,female,26,entrepreneur
6438,Jake Holmes,male,39,lecturer
6439,Amanda Brown,female,23,police officer
6440,Tim Jackson,male,38,project manager
6441,Alexandra Holmes,female,32,shop assistant
6442,Michael Santos,male,44,professor
6443,Janice Roberts,female,39,business owner
6444,Jennifer Khan,female,50,marketing specialist
6445,Stephanie Perez,female,52,musician
6446,Derek Coleman,male,55,photographer
6447,Christine Sanders,female,44,pharmacist
6448,Mercedes Clay,female,20,freelancer
6449,Tasha White,female,26,nurse
6450,Jason Mathews,male,30,delivery driver
6451,Maria Parsons,female,62,travel agent
6452,Patricia Hayes,female,51,entrepreneur
6453,Jeffrey Robinson,male,47,entrepreneur
6454,Megan Stokes,female,60,consultant
6455,Julie Harris,female,38,warehouse worker
6456,Eric Li,male,64,professor
6457,Melissa Oneill,female,43,architect
6458,John Ross,male,21,artist
6459,Ethan Gamble,male,49,electrician
6460,Alex Lambert,male,52,researcher
6461,Charles Poole,male,20,retail worker
6462,Anthony Wong,male,61,freelancer
6463,Pamela Hubbard,female,32,chef
6464,James Cummings,male,49,engineer
6465,James Lopez,male,45,warehouse worker
6466,Benjamin Hines,male,47,insurance agent
6467,Tonya Kemp,female,41,content creator
6468,Corey Pacheco,male,60,real estate agent
6469,Randall Hicks,male,37,financial analyst
6470,Megan Knight,female,22,writer
6471,Christopher Wilson,male,32,writer
6472,Michael Church,male,39,architect
6473,Patricia Hall,female,40,social worker
6474,Omar Weeks,male,50,freelancer
6475,Rodney Parker,male,28,retail worker
6476,Jennifer Carter,female,43,marketing specialist
6477,Michelle Garza,female,62,manager
6478,Mary Compton,female,38,retail worker
6479,Patricia Rosario,female,41,technician
6480,Wanda Guzman,female,49,sales executive
6481,Diane Hampton,female,42,software developer
6482,Christopher Jensen,male,24,accountant
6483,Jeffrey Smith,male,32,warehouse worker
6484,Lawrence Martin,male,62,retired
6485,Robert Terry,male,45,manager
6486,Michael Short,male,21,photographer
6487,Nathaniel Rodriguez,male,28,police officer
6488,Shannon Smith,female,23,unemployed
6489,Tiffany Nelson,female,35,customer service representative
6490,Brian Ware,male,36,unemployed
6491,Sharon Blake,female,46,financial analyst
6492,Ashley Santos,female,37,project manager
6493,Raymond Mccall,male,31,shop assistant
6494,Stephanie Valdez,female,41,entrepreneur
6495,April Ayers,female,61,writer
6496,Christopher Mccoy,male,32,architect
6497,Shawn Harris,male,57,technician
6498,Joshua Holmes,male,28,retail worker
6499,Tyler Jones,male,61,photographer
6500,Chris Martin,male,44,accountant
6501,Krista Curtis,female,24,pharmacist
6502,Ross Kirby,male,20,student
6503,Travis Guerrero,male,36,data analyst
6504,Brittany Romero,female,54,farmer
6505,Gina Cunningham,female,26,electrician
6506,Julie Hill,female,35,insurance agent
6507,Brian Greene,male,47,administrative officer
6508,Shannon Jackson,female,22,mechanic
6509,Casey Smith,male,41,military personnel
6510,Joy Reid,female,68,lawyer
6511,Wendy Fisher,female,56,mechanic
6512,Sonya Ramirez,female,37,travel agent
6513,Robert James,male,24,shop assistant
6514,Maria Cook,female,35,journalist
6515,Roberto Washington,male,46,content creator
6516,Cassandra Fitzgerald,female,42,manager
6517,Mary Barrett,female,36,customer service representative
6518,Matthew Brooks,male,67,musician
6519,Alicia Davis,female,52,business owner
6520,Tyler Ellis,male,39,project manager
6521,Clayton Blankenship,male,50,civil servant
6522,Jennifer Velasquez,female,64,doctor
6523,Danielle Bennett,female,28,homemaker
6524,Aaron Hull,male,24,journalist
6525,Jaime Anderson,female,57,entrepreneur
6526,Michael Coleman,male,36,artist
6527,Angela Patel,female,47,human resources officer
6528,Holly David,female,59,technician
6529,Tricia Russo,female,49,chef
6530,Denise Wiley,female,53,consultant
6531,Charles Bell,male,58,accountant
6532,Jodi Jimenez,female,34,nurse
6533,Destiny Joseph,female,40,nurse
6534,Yvonne Yu,female,48,consultant
6535,Patricia Cordova,female,37,lecturer
6536,Lauren Anderson,female,46,warehouse worker
6537,Latasha Washington,female,51,mechanic
6538,Stacy Stein,female,52,doctor
6539,James Martin,male,57,farmer
6540,Manuel Smith,male,23,entrepreneur
6541,Benjamin Chavez,male,48,teacher
6542,Kevin Thompson,male,29,artist
6543,James Galloway,male,29,student
6544,Theresa Sandoval,female,30,lecturer
6545,Thomas Morrison,male,46,administrative officer
6546,Joshua Lewis,male,40,insurance agent
6547,Morgan Grimes,female,30,unemployed
6548,Kayla Mckinney,female,55,doctor
6549,Chelsea Hendricks,female,51,homemaker
6550,Eric Wright,male,57,photographer
6551,Amber Meza,female,49,government employee
6552,Stephanie Li,female,59,business owner
6553,Christina Rice,female,33,journalist
6554,Phillip Miller,male,22,retail worker
6555,James PhD,male,29,customer service representative
6556,Amber Werner,female,22,chef
6557,Tara Thomas,female,27,farmer
6558,Paul Jones,male,45,manager
6559,Patrick Stanley,male,39,military personnel
6560,Seth Simon,male,37,professor
6561,Claudia Wilson,female,34,architect
6562,Robert Simpson,male,21,photographer
6563,Madison Stephens,female,60,freelancer
6564,Leslie Fernandez,female,28,military personnel
6565,Ross Reyes,male,19,construction worker
6566,Richard Case,male,40,administrative officer
6567,Terry Rivera,male,64,lawyer
6568,David Hudson,male,29,photographer
6569,Jeffery Franklin,male,50,travel agent
6570,Lisa Green,female,67,professor
6571,James Sexton,male,51,photographer
6572,William Frank,male,20,graphic designer
6573,Veronica Johnson,female,54,electrician
6574,Jacqueline DVM,female,51,architect
6575,Matthew Sanchez,male,41,lawyer
6576,Jerry Ortiz,male,54,technician
6577,Joseph Armstrong,male,61,lecturer
6578,Brittany DVM,female,46,warehouse worker
6579,Ray Atkinson,male,40,accountant
6580,David Ayers,male,45,software developer
6581,Bryan Martin,male,22,graphic designer
6582,Benjamin Lee,male,43,writer
6583,Ethan Sullivan,male,39,journalist
6584,Kathleen Simpson,female,32,electrician
6585,Angel Ewing,female,30,student
6586,Darius Miller,male,39,data analyst
6587,Matthew Church,male,49,musician
6588,Gavin Howell,male,64,freelancer
6589,Kari Clark,female,75,homemaker
6590,Krista Smith,female,28,nurse
6591,Jeffrey Wallace,male,24,student
6592,Jason Anderson,male,51,data scientist
6593,Victoria Leblanc,female,63,social worker
6594,Melissa Ruiz,female,25,travel agent
6595,Paula Franklin,female,35,consultant
6596,Mark Madden,male,56,civil servant
6597,Sarah Proctor,female,57,consultant
6598,Melissa Woodward,female,24,pharmacist
6599,James Bonilla,male,39,professor
6600,Robert Grant,male,70,professor
6601,April Reed,female,52,travel agent
6602,Russell Green,male,24,warehouse worker
6603,Manuel Caldwell,male,27,journalist
6604,Melvin Weeks,male,45,data analyst
6605,Katherine Kennedy,female,34,content creator
6606,Adam Collins,male,52,teacher
6607,Autumn Hill,female,29,technician
6608,Paige Munoz,female,49,retail worker
6609,Kimberly Thompson,female,58,pharmacist
6610,Alexander Clark,male,34,engineer
6611,Amanda Palmer,female,41,teacher
6612,Joshua Ross,male,57,mechanic
6613,Lori Steele,female,21,construction worker
6614,Jill Fernandez,female,41,delivery driver
6615,Frank Franklin,male,25,construction worker
6616,Wesley Reyes,male,50,shop assistant
6617,Michelle Clark,female,50,professor
6618,Cynthia Le,female,25,military personnel
6619,Elijah MD,male,44,social worker
6620,Anthony Mack,male,48,nurse
6621,Amanda Cortez,female,83,retired
6622,John Novak,male,37,travel agent
6623,Andrew Shelton,male,25,delivery driver
6624,Michael Davis,male,49,artist
6625,Samantha Soto,female,26,engineer
6626,Brianna Price,female,30,doctor
6627,Gabriela Hill,female,31,engineer
6628,Amber Martin,female,44,civil servant
6629,Charlotte Wilson,female,45,sales executive
6630,Jennifer Phillips,female,48,military personnel
6631,Melinda Huerta,female,36,nurse
6632,Erik Burke,male,40,consultant
6633,Adriana Woods,female,54,data scientist
6634,Michelle Phillips,female,36,artist
6635,Tina Brown,female,29,police officer
6636,Steven Barton,male,54,farmer
6637,Steven Miller,male,48,manager
6638,Dylan Reese,male,40,entrepreneur
6639,Laura Daniel,female,52,nurse
6640,Jason Sparks,male,56,engineer
6641,Yolanda Anderson,female,37,content creator
6642,David Warner,male,29,student
6643,Thomas Cox,male,40,teacher
6644,Chad DDS,male,68,real estate agent
6645,Carlos Tucker,male,59,data scientist
6646,Jerry Robinson,male,38,homemaker
6647,James Rivera,male,65,journalist
6648,Nicholas Eaton,male,48,lawyer
6649,Madeline Adams,female,42,content creator
6650,Joshua Martinez,male,39,customer service representative
6651,Laurie Vargas,female,55,manager
6652,Anthony DDS,male,24,content creator
6653,Brandy Franklin,female,43,architect
6654,Michael Saunders,male,47,journalist
6655,Jacob Mcdonald,male,52,project manager
6656,David Rodriguez,male,39,photographer
6657,Cody Long,male,56,unemployed
6658,Mitchell Jordan,male,29,manager
6659,Tracy Bailey,female,44,human resources officer
6660,Johnny Phillips,male,59,civil servant
6661,Robert Jarvis,male,24,mechanic
6662,Breanna Flores,female,49,police officer
6663,Victor Campbell,male,59,sales executive
6664,Gary Palmer,male,27,writer
6665,Alan Hoffman,male,54,engineer
6666,Linda Bailey,female,52,data scientist
6667,Daniel Mercado,male,57,electrician
6668,Pamela Sanders,female,56,lecturer
6669,Sean Harper,male,22,homemaker
6670,Chase Snyder,male,22,electrician
6671,Ethan Russell,male,18,military personnel
6672,Tracy Ortiz,female,50,accountant
6673,Ryan Collins,male,26,photographer
6674,Jermaine Phillips,male,36,banker
6675,Christian Fisher,male,43,data analyst
6676,Alexis Gonzalez,female,59,lecturer
6677,Amy Gordon,female,39,sales executive
6678,Jacqueline Gonzalez,female,52,sales executive
6679,Jeremy Shelton,male,50,military personnel
6680,Ann Crawford,female,50,military personnel
6681,Jenny Reed,female,41,chef
6682,Amy Anderson,female,45,photographer
6683,Jeremy Baker,male,47,teacher
6684,Tracy Dennis,female,21,construction worker
6685,Brent Cain,male,46,financial analyst
6686,Victoria Mcdonald,female,63,consultant
6687,Nathan Martinez,male,31,social worker
6688,Angela Day,female,31,project manager
6689,Sarah Sullivan,female,31,teacher
6690,Erin Mcclure,female,41,lecturer
6691,Cory Morris,male,43,sales executive
6692,Dennis Lambert,male,34,real estate agent
6693,Joshua Smith,male,61,travel agent
6694,Amber Lopez,female,41,shop assistant
6695,Paul Mendoza,male,38,administrative officer
6696,Nicholas Weaver,male,44,delivery driver
6697,Aaron Day,male,51,construction worker
6698,Christopher Morrison,male,54,customer service representative
6699,Dana Lopez,female,33,delivery driver
6700,Michael Munoz,male,36,social worker
6701,Rachel Anderson,female,31,sales executive
6702,Shannon Roberts,female,29,social worker
6703,Sean Dorsey,male,28,shop assistant
6704,Pamela Ochoa,female,27,police officer
6705,Steven Stevens,male,34,entrepreneur
6706,Linda Lopez,female,44,business owner
6707,Christopher Le,male,54,artist
6708,Catherine Johnston,female,43,civil servant
6709,Wendy Brown,female,46,artist
6710,Crystal Yates,female,43,engineer
6711,Edward Lewis,male,20,content creator
6712,Mary Jacobs,female,43,lawyer
6713,Steve Smith,male,56,business owner
6714,Gary Morris,male,35,manager
6715,Ryan Vaughn,male,47,financial analyst
6716,James Melendez,male,42,financial analyst
6717,Jessica Norris,female,27,homemaker
6718,Dakota Chung,male,29,construction worker
6719,April Collier,female,35,retail worker
6720,Raymond Reynolds,male,36,warehouse worker
6721,Richard Mcintyre,male,42,civil servant
6722,Julie Robinson,female,29,data scientist
6723,Amanda Ross,female,27,travel agent
6724,Nicholas Johnson,male,24,administrative officer
6725,April Hansen,female,22,photographer
6726,Caroline Gordon,female,26,unemployed
6727,Martin Moody,male,44,teacher
6728,Anthony Hurst,male,30,marketing specialist
6729,Megan Oneill,female,45,warehouse worker
6730,Olivia Hunter,female,53,accountant
6731,Jason Watson,male,52,electrician
6732,Sarah Jordan,female,44,delivery driver
6733,Sarah Sanchez,female,33,unemployed
6734,Robert Bates,male,54,sales executive
6735,Ryan Pacheco,male,50,content creator
6736,Tyler Baker,male,32,military personnel
6737,Andrea Berry,female,40,customer service representative
6738,Linda Brewer,female,60,photographer
6739,Joseph Robinson,male,44,researcher
6740,Patricia Shelton,female,28,delivery driver
6741,Ryan Erickson,male,57,writer
6742,Kyle Jones,male,32,researcher
6743,Michael Simmons,male,21,military personnel
6744,Manuel Edwards,male,56,lawyer
6745,Sharon Harper,female,70,retired
6746,Daniel Colon,male,67,artist
6747,Daniel Garza,male,35,administrative officer
6748,Laurie Michael,female,59,researcher
6749,Marilyn Guerrero,female,32,doctor
6750,Gary Roberts,male,32,graphic designer
6751,Darren Smith,male,28,chef
6752,Catherine Cole,female,55,civil servant
6753,Victoria Liu,female,46,administrative officer
6754,Corey Vargas,male,35,human resources officer
6755,Suzanne Crosby,female,31,freelancer
6756,Samantha Hickman,female,36,professor
6757,James Murray,male,40,customer service representative
6758,Katherine Boone,female,59,business owner
6759,Kelsey Stout,female,48,teacher
6760,Jerry Day,male,38,administrative officer
6761,Anthony Sandoval,male,24,accountant
6762,Jasmine Williams,female,42,consultant
6763,Victoria Gonzalez,female,40,professor
6764,Kenneth Wood,male,50,retail worker
6765,Paul Andrews,male,35,insurance agent
6766,Sheila Nelson,female,64,journalist
6767,Michael Robertson,male,28,technician
6768,Marcus Bradley,male,45,police officer
6769,Cheryl Gregory,female,31,content creator
6770,Aaron Oliver,male,34,travel agent
6771,Christian Foster,male,47,entrepreneur
6772,Jason Cruz,male,18,content creator
6773,Brett Morris,male,50,marketing specialist
6774,Nicholas Cohen,male,49,sales executive
6775,Diana Porter,female,23,construction worker
6776,Theresa Morris,female,30,customer service representative
6777,Heather Snyder,female,59,real estate agent
6778,Tracy Scott,female,31,real estate agent
6779,Abigail Williams,female,25,accountant
6780,Gail Buchanan,female,46,freelancer
6781,Kiara Anderson,female,64,chef
6782,Hunter Perry,male,61,lawyer
6783,Frederick Moore,male,32,civil servant
6784,Scott Green,male,59,project manager
6785,Leah Kennedy,female,30,unemployed
6786,Charles Charles,male,51,freelancer
6787,Kendra Barr,female,43,military personnel
6788,Reginald PhD,male,53,teacher
6789,Monica Chavez,female,53,real estate agent
6790,Robert Adams,male,57,electrician
6791,Kayla Jenkins,female,26,writer
6792,Robert Cook,male,44,construction worker
6793,Logan Nichols,male,41,marketing specialist
6794,Lee Salas,male,37,chef
6795,Christy Contreras,female,42,researcher
6796,Patricia Little,female,40,manager
6797,Karen Washington,female,54,entrepreneur
6798,Samantha Johnston,female,59,accountant
6799,Sara Rogers,female,58,freelancer
6800,Derrick Clark,male,49,delivery driver
6801,Debra Smith,female,52,artist
6802,Andrew Harris,male,51,government employee
6803,Jamie Vazquez,female,58,insurance agent
6804,Jordan Terrell,male,24,unemployed
6805,Kathleen Fowler,female,38,content creator
6806,Ronald Juarez,male,52,construction worker
6807,Mary Reynolds,female,61,musician
6808,Lisa Nelson,female,67,architect
6809,Robert Williams,male,40,teacher
6810,Ann Pruitt,female,48,marketing specialist
6811,Pamela Cook,female,55,banker
6812,Emily Williams,female,34,nurse
6813,Patrick Ortega,male,55,architect
6814,Kim Stevens,female,47,shop assistant
6815,Tyler Wilson,male,38,travel agent
6816,Kayla Coleman,female,53,engineer
6817,Terry Mills,male,60,human resources officer
6818,Aaron Boyd,male,42,civil servant
6819,Shane Horton,male,57,musician
6820,Donald Duncan,male,59,farmer
6821,Maria Robinson,female,64,project manager
6822,Norman Ward,male,43,consultant
6823,Michelle Sherman,female,43,marketing specialist
6824,Jason Castillo,male,31,banker
6825,Daniel Sweeney,male,57,insurance agent
6826,Michael Cruz,male,28,retail worker
6827,Kevin Sandoval,male,54,professor
6828,Melanie Watson,female,36,insurance agent
6829,Jonathan Phillips,male,44,teacher
6830,James Cox,male,33,project manager
6831,Erik Dean,male,65,manager
6832,Allison Fisher,female,22,electrician
6833,Casey Hardy,male,25,civil servant
6834,Kara Cole,female,28,manager
6835,Kerry Hooper,male,32,photographer
6836,Crystal Shelton,female,38,data analyst
6837,Amanda Hess,female,22,retail worker
6838,Jeffrey Holloway,male,35,real estate agent
6839,Miguel Burton,male,30,electrician
6840,Michael Arnold,male,63,manager
6841,Victoria Carpenter,female,44,engineer
6842,Andrea Moody,female,28,musician
6843,Emily Harris,female,33,business owner
6844,Virginia Johns,female,65,travel agent
6845,Marcus Williams,male,54,warehouse worker
6846,Daniel Palmer,male,19,construction worker
6847,Amy Snyder,female,29,architect
6848,Lauren Wood,female,53,researcher
6849,Philip Jr.,male,39,police officer
6850,Daniel Baker,male,33,electrician
6851,Jason Warren,male,61,musician
6852,Tyler Jennings,male,44,business owner
6853,Brittany Wheeler,female,54,financial analyst
6854,Christopher Walls,male,32,artist
6855,Lindsey Chen,female,29,shop assistant
6856,Anita Johns,female,47,delivery driver
6857,Christopher Bradley,male,52,doctor
6858,Joseph Hughes,male,65,retired
6859,Pamela Dixon,female,35,content creator
6860,Rhonda Banks,female,43,sales executive
6861,Suzanne Hughes,female,60,photographer
6862,Vincent Johnson,male,57,banker
6863,Jesse Anderson,male,43,homemaker
6864,Bridget Peters,female,48,professor
6865,Lawrence Hall,male,38,teacher
6866,Michelle Bates,female,50,business owner
6867,Matthew Lawson,male,65,travel agent
6868,Angel Reeves,male,57,freelancer
6869,Katherine Stevens,female,31,data scientist
6870,Scott Logan,male,19,delivery driver
6871,Whitney Lee,female,25,banker
6872,Jeremy Mcbride,male,25,human resources officer
6873,Patrick Cannon,male,33,sales executive
6874,Matthew Hobbs,male,31,military personnel
6875,Gary Chen,male,34,data scientist
6876,Patricia Gonzales,female,46,police officer
6877,Hunter Schneider,male,35,engineer
6878,Lisa Lowe,female,31,social worker
6879,Kellie Page,female,22,student
6880,Amanda Richardson,female,62,pharmacist
6881,Daniel Bonilla,male,69,retired
6882,Elizabeth Webb,female,61,government employee
6883,Tamara Garcia,female,21,military personnel
6884,Cristina Wong,female,28,accountant
6885,Amber Morales,female,20,student
6886,Margaret Johns,female,20,shop assistant
6887,Jill Brown,female,34,mechanic
6888,Crystal Beltran,female,37,shop assistant
6889,Lori Howard,female,53,architect
6890,Dennis Cherry,male,59,mechanic
6891,Elaine Herman,female,34,accountant
6892,Sabrina DVM,female,21,writer
6893,Robin Jones,female,24,sales executive
6894,Brandy Flores,female,23,marketing specialist
6895,Kathleen Stanley,female,46,journalist
6896,Heather Duffy,female,39,business owner
6897,Michael Moore,male,64,architect
6898,Jordan Nixon,male,44,nurse
6899,Daniel Johnson,male,57,business owner
6900,Brandon Hansen,male,34,accountant
6901,Matthew Day,male,29,freelancer
6902,Christopher PhD,male,40,content creator
6903,Benjamin Reed,male,48,freelancer
6904,Kimberly Aguilar,female,43,real estate agent
6905,Allison Owens,female,20,musician
6906,Eddie Cruz,male,47,software developer
6907,Dawn Thompson,female,40,military personnel
6908,Natalie Armstrong,female,31,content creator
6909,Matthew Dorsey,male,43,technician
6910,Patrick Mclean,male,21,musician
6911,Jeff Ramos,male,25,government employee
6912,Travis Merritt,male,49,photographer
6913,Matthew Bender,male,33,civil servant
6914,Brett French,male,22,farmer
6915,Donald Mendoza,male,37,graphic designer
6916,Anthony Garza,male,31,financial analyst
6917,Dalton Tucker,male,54,manager
6918,Allison Davies,female,37,sales executive
6919,Matthew Shea,male,56,civil servant
6920,Allen Hernandez,male,54,human resources officer
6921,Wayne Curry,male,50,civil servant
6922,Matthew Cruz,male,34,engineer
6923,Bruce Macdonald,male,33,writer
6924,Jodi Martinez,female,61,artist
6925,William Gutierrez,male,38,delivery driver
6926,April Bright,female,20,student
6927,Suzanne Ramirez,female,57,warehouse worker
6928,Thomas Taylor,male,37,warehouse worker
6929,Carl Frazier,male,57,human resources officer
6930,Derrick Jr.,male,21,student
6931,Christine Kim,female,48,sales executive
6932,Patrick Davis,male,35,business owner
6933,Lisa Murphy,female,20,customer service representative
6934,Desiree Powell,female,38,travel agent
6935,Alyssa Martin,female,30,graphic designer
6936,Scott Brown,male,35,data scientist
6937,James Ward,male,45,unemployed
6938,Brenda Lamb,female,58,journalist
6939,Ashley Reyes,female,47,retail worker
6940,Carl Robinson,male,36,accountant
6941,Richard Kelly,male,46,graphic designer
6942,Jane Salazar,female,48,warehouse worker
6943,Michael Bennett,male,35,military personnel
6944,Daniel Garrison,male,41,musician
6945,Robin Morris,female,34,teacher
6946,George Brown,male,58,real estate agent
6947,Christine Zuniga,female,24,data analyst
6948,Tammy Scott,female,73,artist
6949,Karen White,female,20,warehouse worker
6950,Darryl Smith,male,47,data scientist
6951,David Hall,male,50,homemaker
6952,Isaiah Gray,male,75,retired
6953,Bradley Parks,male,47,data analyst
6954,Ronald Hernandez,male,18,retail worker
6955,Dean Harrington,male,48,social worker
6956,Jose Lawrence,male,22,chef
6957,Arthur Golden,male,57,manager
6958,Alexis Morris,female,43,software developer
6959,Kathleen Graham,female,56,data scientist
6960,Cheyenne Hale,female,34,lawyer
6961,Kathryn Brown,female,45,insurance agent
6962,Joshua Hanna,male,44,researcher
6963,Ana Perez,female,34,freelancer
6964,Jennifer Welch,female,44,nurse
6965,Adrian Lindsey,male,37,sales executive
6966,Jesus Williams,male,42,banker
6967,Lynn Flores,female,70,real estate agent
6968,Gary Gibson,male,33,doctor
6969,Maria Pearson,female,62,professor
6970,Scott Short,male,55,human resources officer
6971,David Stokes,male,68,artist
6972,Alexandria Johnson,female,45,military personnel
6973,Amy Haley,female,44,data scientist
6974,George Holland,male,34,police officer
6975,Theodore Smith,male,25,customer service representative
6976,Ronald Jackson,male,22,homemaker
6977,Anne Kramer,female,51,insurance agent
6978,Alicia Bird,female,28,financial analyst
6979,Steven Harris,male,55,lecturer
6980,Charles Taylor,male,58,warehouse worker
6981,Amanda Esparza,female,24,human resources officer
6982,William Anderson,male,55,human resources officer
6983,Anthony Gray,male,50,military personnel
6984,Anna Alvarado,female,24,retail worker
6985,Amber Jones,female,85,retired
6986,Dawn Parker,female,22,technician
6987,Ashlee Perez,female,46,data analyst
6988,Catherine Gray,female,40,human resources officer
6989,Christopher Quinn,male,46,data analyst
6990,Ronnie Jenkins,male,37,lawyer
6991,Beth Torres,female,28,freelancer
6992,Elizabeth Brock,female,26,data scientist
6993,Jose Jordan,male,34,shop assistant
6994,Patrick Blair,male,18,musician
6995,Howard Kim,male,29,pharmacist
6996,Michael Weber,male,51,customer service representative
6997,Dana Stanley,female,23,unemployed
6998,Lori Thompson,female,47,consultant
6999,George Thompson,male,35,writer
7000,Toni Watson,female,30,musician
7001,Sarah Adams,female,56,real estate agent
7002,Shane Dixon,male,21,retail worker
7003,Jennifer Evans,female,45,shop assistant
7004,Sarah Wolfe,female,34,content creator
7005,Shawn Waters,male,30,administrative officer
7006,Thomas Long,male,46,professor
7007,Mary Morgan,female,44,marketing specialist
7008,Pamela Gilmore,female,33,photographer
7009,Stacy Adkins,female,39,data scientist
7010,Christina Bartlett,female,25,travel agent
7011,James Bradshaw,male,27,accountant
7012,Judith Newman,female,33,banker
7013,Trevor Mcgee,male,46,lecturer
7014,Courtney Nelson,female,37,data scientist
7015,Dustin Dunn,male,63,insurance agent
7016,Jeffrey Barnett,male,49,researcher
7017,Rachel Long,female,30,mechanic
7018,Elizabeth Ruiz,female,27,construction worker
7019,Luis Goodwin,male,35,financial analyst
7020,Scott Nunez,male,20,construction worker
7021,Ashley Prince,female,29,engineer
7022,Craig Murray,male,31,financial analyst
7023,Allison Drake,female,48,pharmacist
7024,Sandra Smith,female,51,entrepreneur
7025,Kimberly Henderson,female,25,engineer
7026,Julian Dawson,male,27,farmer
7027,Brenda Dennis,female,57,journalist
7028,Bruce Krause,male,44,pharmacist
7029,Jennifer PhD,female,66,musician
7030,Jessica White,female,43,professor
7031,Sara Goodman,female,41,accountant
7032,Mark DDS,male,64,lawyer
7033,Jared Stark,male,57,electrician
7034,Shannon Chapman,female,51,pharmacist
7035,Adam Foster,male,29,technician
7036,Kathy Ortega,female,35,unemployed
7037,Brian DDS,male,52,manager
7038,Dorothy Stevens,female,45,researcher
7039,Jesse Chambers,male,53,human resources officer
7040,Stacy Walker,female,27,data analyst
7041,Lindsay Johnson,female,83,retired
7042,Alyssa Morales,female,42,customer service representative
7043,Keith Nelson,male,35,freelancer
7044,Philip Miller,male,28,banker
7045,Denise Nelson,female,37,government employee
7046,Maxwell Whitaker,male,64,freelancer
7047,Daniel Jennings,male,49,customer service representative
7048,Ashlee Williams,female,31,musician
7049,Rebecca Baker,female,49,pharmacist
7050,Troy Hancock,male,28,warehouse worker
7051,Daniel Jones,male,42,teacher
7052,Joshua Garcia,male,43,civil servant
7053,Douglas Pena,male,51,insurance agent
7054,Mary Ingram,female,46,project manager
7055,Emily Nolan,female,40,social worker
7056,Thomas Hernandez,male,33,military personnel
7057,Sierra Castaneda,female,31,homemaker
7058,Jared Stephens,male,47,real estate agent
7059,Traci Walter,female,28,photographer
7060,Danielle Thomas,female,31,government employee
7061,Randy Scott,male,44,unemployed
7062,Taylor Turner,female,48,project manager
7063,Christopher Brown,male,63,writer
7064,Victoria Davis,female,23,military personnel
7065,Tanya Garcia,female,49,project manager
7066,James Miller,male,68,lawyer
7067,Brett Miles,male,49,retail worker
7068,Kathleen Harris,female,43,chef
7069,Michele Aguilar,female,63,travel agent
7070,Susan Caldwell,female,33,homemaker
7071,Tracy Meyer,female,65,real estate agent
7072,Anita Davis,female,43,insurance agent
7073,Breanna Washington,female,68,retired
7074,Raymond Lawson,male,34,lecturer
7075,Jordan Henry,male,34,administrative officer
7076,Jeffrey Jacobs,male,35,chef
7077,Rachel Miller,female,60,lawyer
7078,Kathryn Mendez,female,55,consultant
7079,William Martinez,male,55,data analyst
7080,Hannah Wiley,female,38,consultant
7081,Cynthia Mora,female,24,police officer
7082,Anthony Carlson,male,21,content creator
7083,Mary Price,female,28,engineer
7084,Dawn Cooper,female,19,artist
7085,Emily Jones,female,61,business owner
7086,Jack Tucker,male,61,manager
7087,Timothy Owens,male,22,graphic designer
7088,Michele Hill,female,65,photographer
7089,Theodore Simmons,male,24,real estate agent
7090,Jonathon Hendrix,male,24,data analyst
7091,William Johnson,male,43,sales executive
7092,Wanda Haynes,female,18,student
7093,Jocelyn Crosby,female,40,retail worker
7094,Christine Cox,female,33,writer
7095,Stephen Christian,male,38,military personnel
7096,Margaret Miller,female,49,insurance agent
7097,Jared Hodges,male,55,sales executive
7098,John Alvarado,male,32,content creator
7099,Scott Valdez,male,48,nurse
7100,Katrina Sosa,female,28,police officer
7101,Catherine Williams,female,37,delivery driver
7102,Jeremy Morton,male,56,technician
7103,Jason Greene,male,29,artist
7104,William Brock,male,67,writer
7105,Brandy Taylor,female,32,insurance agent
7106,Christopher Mason,male,23,retail worker
7107,Heather Sparks,female,70,architect
7108,Crystal Arnold,female,28,government employee
7109,Kristi Campbell,female,55,electrician
7110,Kaitlin Cline,female,28,delivery driver
7111,Heather Obrien,female,55,software developer
7112,Andrew Nelson,male,49,financial analyst
7113,Paul Adams,male,31,content creator
7114,Brian Watson,male,47,freelancer
7115,Michele Boyle,female,20,retail worker
7116,Allen Farrell,male,42,real estate agent
7117,Cheyenne Coffey,female,35,software developer
7118,Timothy Martin,male,53,artist
7119,Leslie Mclean,female,44,lawyer
7120,Timothy Roberts,male,55,lecturer
7121,William George,male,53,customer service representative
7122,David Anderson,male,63,pharmacist
7123,Lisa Kent,female,53,social worker
7124,Gary Turner,male,60,project manager
7125,Shelby Martinez,female,41,nurse
7126,Paige Davis,female,46,lecturer
7127,Dwayne Peters,male,46,artist
7128,Donna Stephenson,female,56,business owner
7129,Amanda Miller,female,28,teacher
7130,Justin Bishop,male,36,lecturer
7131,Courtney Cooper,female,53,doctor
7132,Justin Jr.,male,27,sales executive
7133,Lauren MD,female,47,software developer
7134,Mary Swanson,female,53,freelancer
7135,Danielle Hardin,female,28,data scientist
7136,Michelle Carlson,female,51,construction worker
7137,Robert Tran,male,32,banker
7138,Suzanne Mueller,female,38,journalist
7139,Eric Tate,male,57,accountant
7140,Donald Johnston,male,25,administrative officer
7141,Roy Morrison,male,40,banker
7142,Marcia Norris,female,37,engineer
7143,Christian Franklin,male,31,lawyer
7144,Alexis Jones,female,28,mechanic
7145,Gary Stevens,male,33,military personnel
7146,Peter Watson,male,50,administrative officer
7147,Angela Flores,female,60,data scientist
7148,Anna Walker,female,30,student
7149,Andrea Matthews,female,31,retail worker
7150,Brenda Robinson,female,65,professor
7151,Diana Mendoza,female,32,doctor
7152,Lisa Bowman,female,60,artist
7153,Elizabeth Turner,female,56,electrician
7154,Kathleen Blankenship,female,21,delivery driver
7155,Shawn Smith,male,23,marketing specialist
7156,Cathy Manning,female,32,real estate agent
7157,Christopher Turner,male,39,freelancer
7158,Andres Miller,male,56,pharmacist
7159,Eric Cortez,male,25,student
7160,Terri Sanders,female,34,police officer
7161,Joseph Stewart,male,31,nurse
7162,Tyler Hebert,male,25,financial analyst
7163,Sandra Hart,female,64,real estate agent
7164,Carla Martin,female,49,human resources officer
7165,David Hines,male,22,journalist
7166,Brianna Norton,female,25,graphic designer
7167,Eddie White,male,61,lawyer
7168,Bradley Bowman,male,30,unemployed
7169,Brenda Hughes,female,40,data scientist
7170,Alicia Clayton,female,39,accountant
7171,James Conway,male,57,data scientist
7172,Kyle Ramos,male,54,data scientist
7173,Elizabeth Moore,female,41,data analyst
7174,Bonnie Turner,female,58,human resources officer
7175,Joshua Hammond,male,50,project manager
7176,Heather Allen,female,44,project manager
7177,Jennifer Munoz,female,42,teacher
7178,Wanda Smith,female,41,accountant
7179,Beth Kelly,female,37,construction worker
7180,Cindy Combs,female,46,freelancer
7181,Kathryn Turner,female,32,business owner
7182,Jennifer Powers,female,32,content creator
7183,Laura Day,female,34,insurance agent
7184,Malik Burns,male,65,real estate agent
7185,Larry Smith,male,54,technician
7186,Catherine Perkins,female,23,administrative officer
7187,Ariana Thomas,female,20,delivery driver
7188,Jamie Robbins,female,26,chef
7189,Johnathan Palmer,male,42,shop assistant
7190,Tracy Parker,female,46,content creator
7191,Lauren Howell,female,40,warehouse worker
7192,Darrell Mitchell,male,55,construction worker
7193,Nicholas Madden,male,37,lecturer
7194,David Rivers,male,39,marketing specialist
7195,John Moon,male,52,teacher
7196,Angela Rivera,female,36,data scientist
7197,Morgan Massey,female,38,lecturer
7198,Richard Wilson,male,36,delivery driver
7199,Peter Gonzalez,male,36,delivery driver
7200,Susan Mora,female,19,retail worker
7201,Valerie Patterson,female,25,software developer
7202,Jessica Brown,female,52,real estate agent
7203,John Kemp,male,31,government employee
7204,Beth Bowers,female,60,architect
7205,Brandon Graves,male,60,human resources officer
7206,Kimberly Russell,female,22,freelancer
7207,Nathan Brown,male,33,data scientist
7208,Benjamin Wilson,male,45,technician
7209,Joshua Ho,male,26,farmer
7210,Mark Woods,male,60,teacher
7211,Gabriela Taylor,female,35,shop assistant
7212,Katelyn Ryan,female,28,photographer
7213,Benjamin Taylor,male,38,civil servant
7214,Kellie Mitchell,female,55,pharmacist
7215,Jennifer Buck,female,38,financial analyst
7216,Dustin Hernandez,male,33,customer service representative
7217,Alison Johnson,female,49,delivery driver
7218,Jesse Rogers,male,41,shop assistant
7219,Laura Medina,female,41,unemployed
7220,Brittany Sanchez,female,37,data scientist
7221,Christine Green,female,49,travel agent
7222,Matthew Shaw,male,51,data analyst
7223,Lisa Martinez,female,61,researcher
7224,Tracey Reeves,female,67,retired
7225,Mary Harris,female,57,teacher
7226,Jason Hudson,male,27,engineer
7227,Glen Clark,male,30,writer
7228,Amanda Garcia,female,42,farmer
7229,Seth Olsen,male,26,military personnel
7230,Carla Patterson,female,58,construction worker
7231,Jessica Glenn,female,18,delivery driver
7232,Seth Wood,male,41,financial analyst
7233,John Holder,male,40,data analyst
7234,Gregory Rivers,male,60,construction worker
7235,John Davenport,male,53,project manager
7236,Emily Potter,female,50,freelancer
7237,Vanessa Green,female,22,military personnel
7238,Edward Simmons,male,41,customer service representative
7239,Robin Lane,female,22,freelancer
7240,Brenda Smith,female,20,retail worker
7241,Beverly Bradley,female,45,teacher
7242,Joseph Cook,male,55,project manager
7243,Cameron West,male,45,mechanic
7244,Johnathan Harper,male,32,graphic designer
7245,Paula Scott,female,34,government employee
7246,Sharon Jones,female,50,electrician
7247,Elizabeth Melton,female,48,police officer
7248,Stephanie Lopez,female,28,farmer
7249,Edward Snyder,male,38,pharmacist
7250,Shannon Donovan,female,26,civil servant
7251,Monica Smith,female,44,mechanic
7252,William Sharp,male,22,electrician
7253,Sherry Brooks,female,42,government employee
7254,Eddie Rios,male,37,unemployed
7255,Anna Chavez,female,49,accountant
7256,Theresa Mercer,female,24,homemaker
7257,Dana Wallace,female,74,artist
7258,Brittney Brown,female,63,chef
7259,Michele Stewart,female,25,real estate agent
7260,James Ross,male,50,civil servant
7261,Adam Gonzalez,male,32,delivery driver
7262,Michael Allison,male,37,content creator
7263,Rhonda Simmons,female,59,doctor
7264,Austin Taylor,male,20,homemaker
7265,Christian Underwood,male,44,accountant
7266,Stephanie Cortez,female,34,project manager
7267,Kathy Adams,female,37,consultant
7268,David Oconnell,male,58,musician
7269,Christine Mullins,female,29,project manager
7270,Jerry Johnston,male,34,doctor
7271,Rachel Jackson,female,46,social worker
7272,Joshua DDS,male,39,shop assistant
7273,Michael James,male,50,data scientist
7274,Margaret King,female,54,human resources officer
7275,Steven Mcdowell,male,40,entrepreneur
7276,Allison Galloway,female,36,doctor
7277,Diana Espinoza,female,61,freelancer
7278,Sharon Thomas,female,57,lawyer
7279,Phillip Davis,male,23,administrative officer
7280,Cindy Williams,female,49,software developer
7281,Stacy Smith,female,25,homemaker
7282,Evelyn Myers,female,84,retired
7283,Rachel Schmidt,female,31,engineer
7284,Michelle Brown,female,44,data scientist
7285,Daniel Warren,male,53,banker
7286,Margaret Chandler,female,49,entrepreneur
7287,Dawn Jones,female,38,administrative officer
7288,Stephanie Morgan,female,51,military personnel
7289,Sandra Lee,female,47,project manager
7290,Ashley Robertson,female,57,journalist
7291,Eric Flores,male,27,teacher
7292,Christina Weber,female,25,student
7293,Thomas Black,male,35,insurance agent
7294,Douglas Rodriguez,male,34,social worker
7295,Jerry Baker,male,31,electrician
7296,Tammy Johnson,female,68,doctor
7297,Rachel Sandoval,female,43,electrician
7298,Larry Benson,male,70,consultant
7299,Christina Miles,female,29,accountant
7300,Ashley Black,female,48,business owner
7301,William Holmes,male,55,military personnel
7302,Janice Kelly,female,58,human resources officer
7303,Joseph Beck,male,23,banker
7304,Austin Kane,male,50,professor
7305,Daniel MD,male,30,student
7306,Leah Henderson,female,50,military personnel
7307,Chris Wood,male,24,engineer
7308,Cynthia Wright,female,42,writer
7309,Patricia Hicks,female,46,military personnel
7310,James Hopkins,male,54,warehouse worker
7311,Susan Graves,female,31,photographer
7312,Andrew Maldonado,male,25,mechanic
7313,Larry Clark,male,48,construction worker
7314,Ricardo Smith,male,43,electrician
7315,Glenda Moore,female,59,retail worker
7316,Cassandra Molina,female,31,travel agent
7317,Justin Holland,male,18,artist
7318,Benjamin Watson,male,63,architect
7319,Amy Flores,female,35,architect
7320,Jacqueline Evans,female,51,professor
7321,Cynthia Lara,female,27,human resources officer
7322,Connor Herman,male,65,freelancer
7323,Justin Kennedy,male,44,sales executive
7324,Ryan Fowler,male,30,consultant
7325,Danny Grimes,male,62,social worker
7326,Travis Leon,male,30,accountant
7327,Thomas Clements,male,37,human resources officer
7328,Shawn Mason,male,55,professor
7329,Carl Oconnor,male,37,musician
7330,Tammy Gonzalez,female,81,retired
7331,Antonio Ramos,male,51,electrician
7332,Benjamin Wilcox,male,22,chef
7333,Donald Lee,male,62,musician
7334,John Beasley,male,46,software developer
7335,Mary Allison,female,38,marketing specialist
7336,Jillian Harrison,female,44,mechanic
7337,Sandra Bowers,female,47,artist
7338,Taylor Byrd,female,30,graphic designer
7339,John Bennett,male,40,manager
7340,Jessica Ingram,female,41,manager
7341,Jesse Phillips,male,34,warehouse worker
7342,Nathaniel Gray,male,56,project manager
7343,Chloe Maxwell,female,26,government employee
7344,Lisa Richardson,female,35,construction worker
7345,Samantha Campbell,female,53,entrepreneur
7346,Michael Fleming,male,53,construction worker
7347,Richard Weber,male,42,construction worker
7348,Catherine Monroe,female,20,farmer
7349,Paige Sanchez,female,33,government employee
7350,Adam Smith,male,38,unemployed
7351,Karen Sanchez,female,48,consultant
7352,Brian Vasquez,male,35,graphic designer
7353,Ashley Velez,female,60,consultant
7354,Natasha Davis,female,37,military personnel
7355,Michael Blankenship,male,48,nurse
7356,Kristina Robbins,female,67,doctor
7357,Ryan Browning,male,23,construction worker
7358,Sharon Sellers,female,59,doctor
7359,Emma Romero,female,47,project manager
7360,Heather Kline,female,45,doctor
7361,Brian Duncan,male,22,warehouse worker
7362,Anna King,female,22,content creator
7363,Stephanie Wagner,female,43,sales executive
7364,Madeline Farrell,female,56,farmer
7365,Anna Cooley,female,69,doctor
7366,Charles Sandoval,male,58,real estate agent
7367,Charles Stone,male,43,mechanic
7368,Stephanie Hinton,female,65,manager
7369,Carl Smith,male,41,data analyst
7370,Michael Navarro,male,44,sales executive
7371,Alicia Myers,female,69,retired
7372,Elizabeth Francis,female,35,mechanic
7373,Emma Lawrence,female,39,insurance agent
7374,Gail Clark,female,62,entrepreneur
7375,Sherry Morales,female,38,photographer
7376,Nicholas Koch,male,53,real estate agent
7377,Craig Young,male,28,data analyst
7378,Sarah Browning,female,64,retired
7379,Michelle Wall,female,59,real estate agent
7380,Alexandria Meadows,female,24,police officer
7381,Leah Jones,female,44,human resources officer
7382,Sarah Schmidt,female,42,pharmacist
7383,Joseph Haas,male,33,musician
7384,Michael Ramirez,male,32,nurse
7385,Stanley Greene,male,64,homemaker
7386,Melanie Howell,female,23,customer service representative
7387,Tammy Mccarthy,female,61,chef
7388,Jennifer Davis,female,34,engineer
7389,James Ferguson,male,63,government employee
7390,Kayla Cochran,female,59,government employee
7391,Chad Reid,male,40,police officer
7392,Hannah Riggs,female,38,consultant
7393,Elizabeth Ellis,female,60,consultant
7394,David Ellis,male,49,sales executive
7395,Hannah Robbins,female,25,insurance agent
7396,Samantha Cuevas,female,31,electrician
7397,Hannah Kelley,female,43,writer
7398,Penny Sanchez,female,34,delivery driver
7399,Jeffrey Spears,male,29,financial analyst
7400,Luke Roberts,male,43,sales executive
7401,Justin Archer,male,42,data scientist
7402,Brenda Henderson,female,47,teacher
7403,Zachary Quinn,male,45,teacher
7404,Alyssa Chandler,female,70,musician
7405,Katelyn Mendoza,female,27,accountant
7406,Jordan Mendoza,male,43,homemaker
7407,Beth Schmidt,female,75,retired
7408,Daniel Mcintosh,male,20,unemployed
7409,Anita Pena,female,24,nurse
7410,Rachel Martin,female,29,technician
7411,Carolyn Moore,female,66,consultant
7412,Jessica Robertson,female,60,technician
7413,Alexandra Lyons,female,47,banker
7414,Maria Miller,female,34,content creator
7415,Ruth Jackson,female,34,delivery driver
7416,Margaret Lowe,female,45,financial analyst
7417,Walter Smith,male,42,banker
7418,Kevin Stokes,male,27,business owner
7419,Brian Morris,male,38,human resources officer
7420,Larry Crawford,male,44,professor
7421,Kimberly Lopez,female,45,mechanic
7422,Tina Patel,female,40,lawyer
7423,Thomas Sellers,male,30,chef
7424,Donna Mejia,female,33,lecturer
7425,Travis Hughes,male,46,police officer
7426,Kevin Armstrong,male,45,data analyst
7427,Charles Bernard,male,22,electrician
7428,Sean Bell,male,39,software developer
7429,Joseph Miller,male,45,graphic designer
7430,William Fox,male,49,pharmacist
7431,Shelley Ward,female,60,insurance agent
7432,Michelle White,female,26,nurse
7433,Michele White,female,63,accountant
7434,Kristina Small,female,31,freelancer
7435,Julie Williams,female,28,human resources officer
7436,Alice Thomas,female,50,musician
7437,Caleb Simon,male,52,accountant
7438,Madeline Brown,female,69,consultant
7439,Laura Costa,female,28,data scientist
7440,Marvin Cooper,male,42,engineer
7441,Sarah MD,female,59,police officer
7442,Justin Cruz,male,59,writer
7443,Alexis Farley,female,58,journalist
7444,Alicia Taylor,female,45,consultant
7445,Carrie Cruz,female,32,delivery driver
7446,Charles Miles,male,77,retired
7447,Jack Harrison,male,25,social worker
7448,Mark Gamble,male,61,farmer
7449,Erin Henson,female,38,military personnel
7450,Renee Farmer,female,57,travel agent
7451,Theresa Woodward,female,27,government employee
7452,Jason Waters,male,56,researcher
7453,Anthony James,male,52,retail worker
7454,Rachel Cox,female,25,architect
7455,Todd Robinson,male,45,travel agent
7456,Ana James,female,62,retired
7457,Hector Sawyer,male,53,lecturer
7458,Edward Figueroa,male,51,travel agent
7459,Todd Gomez,male,72,retired
7460,Jeffrey Moore,male,24,financial analyst
7461,Johnny Hamilton,male,50,architect
7462,Elizabeth Edwards,female,35,sales executive
7463,Shannon Shepherd,female,37,social worker
7464,Lisa Sanchez,female,59,business owner
7465,Marie Wise,female,26,data scientist
7466,Colleen Calderon,female,50,manager
7467,Dana Cantrell,female,83,retired
7468,Linda Rogers,female,22,electrician
7469,Henry Hines,male,41,travel agent
7470,Francis Brown,male,64,manager
7471,Amanda MD,female,31,human resources officer
7472,Morgan Smith,female,54,consultant
7473,Diana Hardin,female,22,farmer
7474,Olivia Bradley,female,80,retired
7475,Jillian Melendez,female,49,artist
7476,Charles Stanton,male,30,doctor
7477,Madison Weeks,female,53,professor
7478,Tracy Smith,female,80,retired
7479,Alyssa Fisher,female,51,journalist
7480,Wendy Rodriguez,female,40,retail worker
7481,Brandi Terry,female,25,unemployed
7482,Willie Johnson,male,39,retail worker
7483,Justin Collins,male,27,travel agent
7484,Stacey Taylor,female,28,lecturer
7485,Dennis Sutton,male,45,construction worker
7486,David Walker,male,33,musician
7487,Shannon Chang,female,64,project manager
7488,Robert Hardy,male,23,customer service representative
7489,Brenda Douglas,female,53,homemaker
7490,Cathy Murray,female,63,farmer
7491,Kristen Pittman,female,29,freelancer
7492,Clifford Contreras,male,42,content creator
7493,Anthony Cox,male,48,human resources officer
7494,Cheryl Espinoza,female,40,customer service representative
7495,Eduardo Blevins,male,42,warehouse worker
7496,Peter Davila,male,65,business owner
7497,Samantha Garrett,female,37,customer service representative
7498,Fred Miller,male,68,writer
7499,Tammy Cooper,female,40,professor
7500,Nicole Robinson,female,41,customer service representative
7501,Andre Hubbard,male,28,unemployed
7502,Cody Bruce,male,29,content creator
7503,Christina Ramos,female,19,freelancer
7504,Yolanda Taylor,female,64,entrepreneur
7505,Emily Alvarez,female,46,journalist
7506,Phillip Burgess,male,35,delivery driver
7507,Allen Scott,male,51,technician
7508,Vanessa Pena,female,41,shop assistant
7509,Alexis Howell,female,33,graphic designer
7510,Kenneth Miller,male,59,technician
7511,David Tyler,male,63,photographer
7512,Luke Rogers,male,40,architect
7513,Patrick Everett,male,24,student
7514,Amanda Rivera,female,43,photographer
7515,Kevin Thomas,male,51,civil servant
7516,Suzanne Padilla,female,65,pharmacist
7517,Darren Lara,male,59,lawyer
7518,Tiffany Lewis,female,29,government employee
7519,Samantha Schmidt,female,18,musician
7520,Tina Parker,female,35,data scientist
7521,Taylor Sandoval,female,63,doctor
7522,Amy Wood,female,52,warehouse worker
7523,James Diaz,male,77,retired
7524,Brianna Thompson,female,72,retired
7525,Ashley Scott,female,49,real estate agent
7526,Randall Alexander,male,38,data scientist
7527,Larry Brown,male,54,insurance agent
7528,David Woodard,male,26,electrician
7529,Michelle Lucas,female,42,electrician
7530,Stephen Watson,male,46,accountant
7531,Brooke Zavala,female,58,technician
7532,Barbara Day,female,43,business owner
7533,Jennifer Vega,female,38,graphic designer
7534,Michael Mcdonald,male,51,insurance agent
7535,Stephanie Choi,female,26,lawyer
7536,Susan Lewis,female,35,sales executive
7537,Brian Simmons,male,28,data scientist
7538,Crystal Montgomery,female,47,electrician
7539,Bernard Morris,male,60,delivery driver
7540,Julia Strickland,female,37,manager
7541,Alyssa Taylor,female,42,sales executive
7542,Joanne Smith,female,35,journalist
7543,Gregory Larson,male,53,insurance agent
7544,Monica Brooks,female,41,project manager
7545,Dawn Stewart,female,46,warehouse worker
7546,Virginia Smith,female,57,journalist
7547,Johnny Salazar,male,62,researcher
7548,Natasha Collins,female,52,nurse
7549,Anthony Wheeler,male,58,technician
7550,Jodi Sanders,female,61,business owner
7551,Peggy Nelson,female,29,delivery driver
7552,Nathan Harris,male,48,government employee
7553,Melissa Shelton,female,28,farmer
7554,Andrea Dawson,female,40,delivery driver
7555,Richard Weaver,male,28,mechanic
7556,Bernard Sanchez,male,24,mechanic
7557,Carlos Thompson,male,53,human resources officer
7558,Paul Garcia,male,37,lawyer
7559,Chase Garcia,male,20,delivery driver
7560,Kimberly Ward,female,62,government employee
7561,Amanda Pierce,female,18,content creator
7562,Nicholas Keith,male,34,warehouse worker
7563,Kelly Cummings,female,43,banker
7564,Daniel Randall,male,33,teacher
7565,Keith Contreras,male,37,administrative officer
7566,Todd Mendoza,male,43,photographer
7567,Leslie Torres,female,56,doctor
7568,Beverly Scott,female,70,doctor
7569,Richard Levy,male,65,musician
7570,Jesus Hamilton,male,47,banker
7571,Holly Bauer,female,41,financial analyst
7572,Michael Massey,male,54,professor
7573,Catherine Ellis,female,26,nurse
7574,Nicole Dean,female,43,government employee
7575,Eric Green,male,67,artist
7576,Larry Thomas,male,33,electrician
7577,George Carson,male,23,shop assistant
7578,Jesse Jimenez,male,51,nurse
7579,Jeremy Cohen,male,41,government employee
7580,Nicole Mason,female,50,farmer
7581,Brenda Coleman,female,39,customer service representative
7582,James Taylor,male,50,project manager
7583,Ronald Mclean,male,24,mechanic
7584,Colleen Johnson,female,45,journalist
7585,Daniel Garcia,male,43,police officer
7586,Samuel Woods,male,38,journalist
7587,Wendy Martin,female,58,unemployed
7588,Michael Pennington,male,58,pharmacist
7589,Donna James,female,29,administrative officer
7590,Edward Myers,male,44,writer
7591,Elizabeth Frazier,female,22,retail worker
7592,Joyce Maxwell,female,26,graphic designer
7593,Carrie Lambert,female,60,chef
7594,Elizabeth Perez,female,38,professor
7595,William Mclaughlin,male,54,business owner
7596,Thomas Green,male,29,financial analyst
7597,Danielle Edwards,female,42,engineer
7598,Keith Watkins,male,57,warehouse worker
7599,Timothy Robinson,male,28,unemployed
7600,Peggy Hall,female,32,content creator
7601,Joshua Tucker,male,53,administrative officer
7602,Martin Morales,male,25,real estate agent
7603,Sarah Cannon,female,32,journalist
7604,Catherine Crane,female,54,civil servant
7605,Michelle Gould,female,52,electrician
7606,Mathew Olson,male,55,lawyer
7607,Erin Walker,female,57,warehouse worker
7608,Melissa Riley,female,31,engineer
7609,Jocelyn Anderson,female,64,professor
7610,Karen Stone,female,51,electrician
7611,Kimberly Griffin,female,52,chef
7612,Virginia Morales,female,57,data scientist
7613,Ronald Cook,male,57,travel agent
7614,Mary Wall,female,41,entrepreneur
7615,Dustin Mendez,male,53,freelancer
7616,Anthony Martin,male,28,data scientist
7617,Brian Martinez,male,42,delivery driver
7618,Scott Gibbs,male,53,data scientist
7619,Heather DDS,female,25,student
7620,Brian Shepard,male,43,farmer
7621,Tina Mann,female,37,social worker
7622,Dana Kaiser,female,42,lecturer
7623,Anna Carlson,female,35,software developer
7624,Holly PhD,female,51,administrative officer
7625,Nicole Garcia,female,53,mechanic
7626,Katie Davis,female,24,journalist
7627,Christine Farrell,female,50,content creator
7628,Matthew Eaton,male,43,photographer
7629,Joseph Gould,male,41,electrician
7630,Jonathan Simmons,male,57,data scientist
7631,Colin Vega,male,65,accountant
7632,Jasmine Lang,female,45,data scientist
7633,Javier Martinez,male,77,retired
7634,Angela Austin,female,38,researcher
7635,Debra Johnson,female,33,consultant
7636,Eric Guzman,male,37,writer
7637,John Martin,male,50,retail worker
7638,Edward Black,male,54,chef
7639,Courtney Neal,female,22,sales executive
7640,Kevin Blake,male,21,student
7641,Karen Ramirez,female,48,photographer
7642,Lindsey Moore,female,48,retail worker
7643,Paula Mcclain,female,26,technician
7644,Rhonda Jones,female,41,banker
7645,Nancy Morris,female,38,construction worker
7646,Austin Stevenson,male,51,photographer
7647,Tiffany DDS,female,57,engineer
7648,Cassie Mcconnell,female,40,pharmacist
7649,Wendy Mann,female,38,electrician
7650,Amanda Horton,female,40,marketing specialist
7651,Samantha Cummings,female,33,graphic designer
7652,Patty Morrison,female,46,administrative officer
7653,Raymond Ruiz,male,36,architect
7654,Amber Matthews,female,23,construction worker
7655,Elizabeth Macias,female,23,electrician
7656,Julie Soto,female,32,sales executive
7657,Andrew Galloway,male,24,journalist
7658,Sharon Park,female,40,writer
7659,Makayla Mcclain,female,20,shop assistant
7660,Tracy Frost,male,57,construction worker
7661,Katie Jones,female,30,banker
7662,Tonya Ruiz,female,30,real estate agent
7663,Jodi Mendoza,female,47,electrician
7664,John Perez,male,28,data analyst
7665,Alexandra Gillespie,female,54,real estate agent
7666,Marie Lucas,female,32,construction worker
7667,Theresa Davis,female,18,customer service representative
7668,Shawn Franco,male,57,warehouse worker
7669,Robert Jenkins,male,27,journalist
7670,Cody Young,male,38,content creator
7671,Mariah Collins,female,37,journalist
7672,Edward Stanton,male,31,consultant
7673,Devin Caldwell,male,36,police officer
7674,Christopher Ramirez,male,34,architect
7675,Nicole Smith,female,22,farmer
7676,Jessica Bell,female,54,technician
7677,Brandon Barnett,male,50,electrician
7678,Mary Whitney,female,53,customer service representative
7679,Donald Salazar,male,29,artist
7680,Ashley Simpson,female,69,retired
7681,Kimberly Mann,female,23,banker
7682,John Flores,male,43,researcher
7683,Brandi Roberson,female,41,delivery driver
7684,Melinda DDS,female,28,consultant
7685,Janice Jones,female,62,social worker
7686,James Jensen,male,38,insurance agent
7687,Kenneth Branch,male,46,architect
7688,Tyler Allen,male,46,customer service representative
7689,Jane Aguilar,female,29,writer
7690,Jay Thompson,male,55,photographer
7691,Hannah Hall,female,20,retail worker
7692,Keith Davis,male,61,business owner
7693,Samantha Patton,female,33,marketing specialist
7694,Megan Houston,female,38,teacher
7695,Richard Torres,male,43,marketing specialist
7696,Lynn Hernandez,female,27,homemaker
7697,Jeff Thompson,male,24,photographer
7698,Debra Lee,female,30,civil servant
7699,Megan Ryan,female,45,human resources officer
7700,Cynthia Clark,female,62,pharmacist
7701,Todd Rojas,male,36,lecturer
7702,Steven King,male,64,retired
7703,Jeffrey Stokes,male,44,banker
7704,Casey Wright,female,28,content creator
7705,Janet Oliver,female,50,banker
7706,Gerald Wall,male,23,civil servant
7707,Gregory Dickson,male,30,government employee
7708,Mark Boyle,male,51,business owner
7709,William Lynch,male,46,electrician
7710,Tammy Bridges,female,28,data scientist
7711,Danielle Simmons,female,55,artist
7712,Shelly Henderson,female,46,electrician
7713,Frank Davis,male,43,professor
7714,Jared Williams,male,33,chef
7715,Rebekah Mills,female,37,financial analyst
7716,Philip Yates,male,32,writer
7717,Chad Romero,male,22,travel agent
7718,Timothy Odom,male,70,business owner
7719,Lisa Morales,female,43,photographer
7720,Victor Jordan,male,54,lecturer
7721,Lisa Scott,female,51,delivery driver
7722,Marvin Brennan,male,33,travel agent
7723,Jeffrey Williams,male,50,data analyst
7724,Marc Odonnell,male,24,student
7725,Victor Lewis,male,25,architect
7726,Rebecca Tapia,female,62,business owner
7727,Joan Rogers,female,38,marketing specialist
7728,Heather Reynolds,female,64,real estate agent
7729,Jay Smith,male,50,musician
7730,Katherine Carter,female,32,travel agent
7731,Miranda White,female,35,data scientist
7732,Christine Sheppard,female,43,warehouse worker
7733,Margaret Graham,female,26,architect
7734,Albert Bray,male,54,software developer
7735,Erika Blankenship,female,69,homemaker
7736,Rachael Ortiz,female,58,administrative officer
7737,Rachel Perez,female,35,homemaker
7738,Amber Summers,female,59,engineer
7739,Dennis Thompson,male,20,graphic designer
7740,Benjamin Decker,male,51,banker
7741,Carol Rivera,female,40,sales executive
7742,Anthony Atkins,male,31,administrative officer
7743,Kimberly Savage,female,23,retail worker
7744,Carrie DVM,female,52,engineer
7745,Rachel Soto,female,44,construction worker
7746,David Lucas,male,18,freelancer
7747,Olivia Russell,female,45,civil servant
7748,Anthony Cruz,male,41,researcher
7749,Gregory Smith,male,58,insurance agent
7750,Alison Miller,female,51,accountant
7751,Jeffrey Lane,male,42,lawyer
7752,Bradley Drake,male,23,graphic designer
7753,April Carter,female,64,entrepreneur
7754,Scott Hernandez,male,38,warehouse worker
7755,Michelle Stevens,female,40,lecturer
7756,Erin Thomas,female,49,marketing specialist
7757,Nicole Lewis,female,31,writer
7758,Diana Fuller,female,33,sales executive
7759,Jordan Harper,male,50,lecturer
7760,Michelle Hall,female,60,delivery driver
7761,Megan Hernandez,female,29,construction worker
7762,Jeremiah Fisher,male,53,sales executive
7763,Sarah Barrera,female,37,software developer
7764,Daniel Martinez,male,46,chef
7765,Douglas Howard,male,24,marketing specialist
7766,Jeffrey Leonard,male,49,mechanic
7767,Jasmine Hahn,female,37,entrepreneur
7768,Erik Williams,male,51,civil servant
7769,Susan Melendez,female,52,police officer
7770,Robert Baker,male,33,social worker
7771,Patricia Brooks,female,24,administrative officer
7772,Donna Allen,female,82,retired
7773,Jonathan Cook,male,20,military personnel
7774,Sarah Griffin,female,29,pharmacist
7775,Dawn Petersen,female,55,accountant
7776,Paul Allen,male,62,lecturer
7777,Jason Alvarez,male,37,electrician
7778,Shane Johnson,male,82,retired
7779,Jennifer Gomez,female,49,business owner
7780,Jeremy Gonzalez,male,53,construction worker
7781,Evan Ruiz,male,34,project manager
7782,Ricardo Brown,male,56,sales executive
7783,Rachel Schneider,female,64,photographer
7784,Samuel Rodgers,male,64,professor
7785,Jacqueline Kelly,female,62,artist
7786,David Roberts,male,46,engineer
7787,Dana Bird,female,37,software developer
7788,Mary Henderson,female,27,architect
7789,Troy Mcintyre,male,36,writer
7790,Carlos Jenkins,male,51,construction worker
7791,Tyler Green,male,51,construction worker
7792,Yvonne Doyle,female,63,artist
7793,Noah Briggs,male,21,musician
7794,Nicole Ward,female,63,chef
7795,Blake Norris,male,23,content creator
7796,Keith Fitzgerald,male,56,researcher
7797,Wyatt Miller,male,49,real estate agent
7798,Stephen Shaw,male,51,software developer
7799,Jerome Hickman,male,37,manager
7800,Billy Cross,male,68,homemaker
7801,Jeffery Davis,male,50,military personnel
7802,Maria Dixon,female,48,business owner
7803,Diana Murray,female,51,data analyst
7804,Jennifer Curtis,female,26,warehouse worker
7805,Janet Mcclure,female,58,freelancer
7806,Alexis Watson,female,27,data analyst
7807,Jennifer Spence,female,37,data scientist
7808,Alice May,female,26,real estate agent
7809,April White,female,30,delivery driver
7810,Jon Odonnell,male,21,freelancer
7811,Ethan Massey,male,39,administrative officer
7812,Marcus Henderson,male,22,police officer
7813,Sheri Patel,female,27,student
7814,Eric Parker,male,59,photographer
7815,Jesse Yang,male,29,homemaker
7816,Dean Evans,male,21,writer
7817,Bethany Lopez,female,44,customer service representative
7818,Douglas Smith,male,50,lawyer
7819,Shelly Jackson,female,38,farmer
7820,Richard Castillo,male,51,pharmacist
7821,Heather Miller,female,54,human resources officer
7822,Eric Camacho,male,25,social worker
7823,Eric Harris,male,65,lecturer
7824,Angela Craig,female,42,insurance agent
7825,Henry Brooks,male,32,real estate agent
7826,Tony Barnes,male,22,data analyst
7827,Robin Bailey,female,51,sales executive
7828,Timothy Parsons,male,42,unemployed
7829,Carol Wilson,female,63,lecturer
7830,Erin Mcdowell,female,65,real estate agent
7831,Anthony Ray,male,30,student
7832,Stacey Leon,female,42,consultant
7833,Carolyn Bolton,female,63,writer
7834,Gary PhD,male,30,writer
7835,Joe Chang,male,68,professor
7836,Daniel Patel,male,35,government employee
7837,Anna Snow,female,44,marketing specialist
7838,Morgan Haney,female,69,business owner
7839,David Cruz,male,44,software developer
7840,Michele Hendrix,female,29,musician
7841,Suzanne Garcia,female,44,banker
7842,Jacob Ford,male,36,administrative officer
7843,William Boone,male,31,artist
7844,Nancy Garcia,female,21,musician
7845,Emily Kennedy,female,27,freelancer
7846,Ann Miller,female,55,delivery driver
7847,Anita Wright,female,22,photographer
7848,Martin Cox,male,63,farmer
7849,Tiffany Flores,female,30,banker
7850,Amy Parker,female,58,unemployed
7851,Steven Jensen,male,38,professor
7852,Jason Austin,male,44,shop assistant
7853,Patricia Flores,female,41,farmer
7854,Sara Reynolds,female,56,banker
7855,Eric Travis,male,53,marketing specialist
7856,Rachel Harmon,female,29,marketing specialist
7857,Scott Harper,male,46,military personnel
7858,Lisa Gross,female,41,travel agent
7859,Jason Garcia,male,47,retail worker
7860,James Davidson,male,36,real estate agent
7861,Anna Brown,female,57,lawyer
7862,Ryan Park,male,35,manager
7863,Casey Beck,male,44,retail worker
7864,Natalie Sullivan,female,24,travel agent
7865,Roger Buckley,male,30,homemaker
7866,Angela Cochran,female,22,sales executive
7867,Margaret Jackson,female,43,civil servant
7868,Russell Carroll,male,61,government employee
7869,Brianna Rice,female,38,nurse
7870,Jonathan Marsh,male,53,data analyst
7871,Nichole Smith,female,37,pharmacist
7872,Charles Marsh,male,32,data scientist
7873,Timothy Schultz,male,45,professor
7874,Peter Arnold,male,68,homemaker
7875,Tyler Guerrero,male,33,travel agent
7876,Debra Morgan,female,34,business owner
7877,Carl Trujillo,male,43,manager
7878,Teresa Thomas,female,29,financial analyst
7879,Edward Lopez,male,23,nurse
7880,Andrew Rhodes,male,34,farmer
7881,Timothy Day,male,62,retired
7882,Charles Welch,male,37,administrative officer
7883,Alan James,male,66,writer
7884,Alyssa Moody,female,49,lecturer
7885,Dennis Barnes,male,52,artist
7886,Robert Schwartz,male,43,social worker
7887,Glenn Robbins,male,61,government employee
7888,Seth Walters,male,41,social worker
7889,Erin Myers,female,29,homemaker
7890,Lori Gomez,female,30,data analyst
7891,Daniel Hansen,male,60,social worker
7892,Tammy Ramos,female,74,artist
7893,Hannah Terry,female,24,sales executive
7894,Lisa Gallegos,female,48,administrative officer
7895,Jean Haley,female,36,banker
7896,Carl Pennington,male,26,delivery driver
7897,Alexander Davis,male,46,manager
7898,Monica Lee,female,31,teacher
7899,Tammy Olson,female,20,content creator
7900,Maurice West,male,48,photographer
7901,Nicole Gilbert,female,81,retired
7902,Alan Murphy,male,53,lecturer
7903,Nicholas Vincent,male,36,data analyst
7904,Rebecca Hubbard,female,46,journalist
7905,Kristin Sampson,female,45,financial analyst
7906,Eric Lawrence,male,45,software developer
7907,David Lamb,male,35,human resources officer
7908,Tyler Hall,male,54,graphic designer
7909,Justin Chapman,male,58,police officer
7910,Tina Ortiz,female,24,government employee
7911,Anthony Elliott,male,33,accountant
7912,Cameron Cross,male,39,banker
7913,Robert Scott,male,76,retired
7914,Jose Briggs,male,40,homemaker
7915,Randy Davenport,male,55,professor
7916,Melissa Hernandez,female,57,mechanic
7917,Holly Alvarado,female,46,technician
7918,Matthew Salas,male,27,journalist
7919,Susan Love,female,28,artist
7920,Philip Rodriguez,male,24,software developer
7921,Danielle Clark,female,39,artist
7922,Jordan Cooper,male,29,sales executive
7923,Elizabeth Mcmahon,female,31,sales executive
7924,Susan Fowler,female,25,electrician
7925,Lisa Ross,female,57,human resources officer
7926,Juan Castillo,male,32,graphic designer
7927,Douglas Nguyen,male,27,researcher
7928,George Miller,male,69,retired
7929,Christina Pace,female,56,architect
7930,Gregory Cobb,male,64,manager
7931,Mark Bradshaw,male,22,nurse
7932,Katherine Medina,female,28,business owner
7933,Destiny Rasmussen,female,38,project manager
7934,Mark Arellano,male,46,accountant
7935,Stacy Mcfarland,female,36,architect
7936,Frank Martinez,male,44,manager
7937,Bruce Williamson,male,49,data scientist
7938,Henry Flores,male,55,entrepreneur
7939,Richard Graham,male,19,student
7940,Lisa Alexander,female,63,artist
7941,David Sharp,male,54,journalist
7942,Amber Moses,female,49,unemployed
7943,Kathy White,female,38,electrician
7944,James Lee,male,60,doctor
7945,Olivia Murphy,female,50,travel agent
7946,Margaret Thompson,female,25,student
7947,Cameron Campbell,male,42,data scientist
7948,Natasha Torres,female,36,pharmacist
7949,Carol James,female,55,journalist
7950,Keith Meyer,male,24,entrepreneur
7951,Mary Williams,female,42,retail worker
7952,Madeline Hunter,female,58,retail worker
7953,Adam Harris,male,35,business owner
7954,Sheila Gonzales,female,26,engineer
7955,Rebecca Rose,female,54,mechanic
7956,Debbie Butler,female,33,military personnel
7957,David Moore,male,21,writer
7958,Tara Summers,female,52,real estate agent
7959,Melody Simpson,female,24,chef
7960,Gary Harris,male,58,artist
7961,Sarah Evans,female,45,pharmacist
7962,Ashley Vazquez,female,62,civil servant
7963,Roberto Bailey,male,27,teacher
7964,Mark Vega,male,61,consultant
7965,Jacob Williams,male,52,insurance agent
7966,Sherry DVM,female,55,business owner
7967,Sarah Banks,female,51,electrician
7968,Kristin Valencia,female,31,retail worker
7969,Jesse Baxter,male,48,accountant
7970,Ann Moore,female,52,professor
7971,David Dunlap,male,42,photographer
7972,Karen Hunt,female,52,chef
7973,Jennifer Griffin,female,45,software developer
7974,Sandra Guerra,female,42,banker
7975,Angela Harrington,female,55,data scientist
7976,Keith Garcia,male,30,lecturer
7977,Joy Brooks,female,41,homemaker
7978,Laura Watts,female,41,marketing specialist
7979,Rebecca Munoz,female,37,marketing specialist
7980,Manuel Thompson,male,41,unemployed
7981,Olivia Holmes,female,39,writer
7982,Matthew Alvarez,male,20,musician
7983,Jeffrey Gray,male,52,teacher
7984,Stephanie Olson,female,42,data analyst
7985,Elizabeth Salazar,female,54,warehouse worker
7986,Michelle Fowler,female,42,nurse
7987,Victoria Reynolds,female,31,electrician
7988,Katherine Rogers,female,32,administrative officer
7989,Justin Sampson,male,27,photographer
7990,Sandra Baker,female,28,manager
7991,Steven Tucker,male,30,technician
7992,Daniel Wheeler,male,32,construction worker
7993,Zachary Beck,male,53,financial analyst
7994,Tiffany Schneider,female,60,freelancer
7995,Scott Miranda,male,27,government employee
7996,Dennis Alvarado,male,41,data analyst
7997,Mary Benson,female,40,lecturer
7998,Carrie Bender,female,36,civil servant
7999,Kathryn Morales,female,78,retired
8000,Grant Wong,male,27,graphic designer
8001,Katherine Davis,female,55,journalist
8002,Shawn Brooks,male,52,professor
8003,Kimberly Levy,female,40,pharmacist
8004,Alan Rowe,male,49,delivery driver
8005,Richard Copeland,male,24,farmer
8006,Kyle Wall,male,39,manager
8007,Jonathan Valdez,male,57,manager
8008,Brittney Hurst,female,36,delivery driver
8009,Susan Fuller,female,46,travel agent
8010,Corey Jackson,male,22,farmer
8011,Nancy Cobb,female,29,police officer
8012,Jill Turner,female,74,retired
8013,David Roman,male,45,customer service representative
8014,Michelle DVM,female,22,delivery driver
8015,John Pacheco,male,57,unemployed
8016,Michelle Armstrong,female,63,retired
8017,Joseph DVM,male,68,writer
8018,Randall Johnson,male,59,architect
8019,Cheryl Summers,female,26,travel agent
8020,Angela Bailey,female,30,graphic designer
8021,Paul Bentley,male,34,engineer
8022,Richard Nelson,male,62,civil servant
8023,Joshua Haynes,male,28,insurance agent
8024,Kendra Edwards,female,63,doctor
8025,Stephanie Moore,female,52,customer service representative
8026,Holly Cochran,female,35,mechanic
8027,Krista Moody,female,60,consultant
8028,Jill Rhodes,female,27,student
8029,Craig Patterson,male,54,customer service representative
8030,John Gibson,male,62,travel agent
8031,Kimberly Nelson,female,58,social worker
8032,Daniel Owen,male,21,delivery driver
8033,Nicole Salazar,female,44,warehouse worker
8034,Chelsey Munoz,female,26,electrician
8035,Emily Vasquez,female,46,project manager
8036,Lisa Reynolds,female,63,homemaker
8037,Tammy Edwards,female,56,travel agent
8038,Nicholas Gutierrez,male,28,student
8039,Stephen Sampson,male,57,artist
8040,Victor Gonzalez,male,45,administrative officer
8041,William Contreras,male,49,writer
8042,Suzanne Nunez,female,47,researcher
8043,Jackson Fuller,male,44,technician
8044,Justin Hernandez,male,67,homemaker
8045,Kayla Mccann,female,53,sales executive
8046,Tiffany Caldwell,female,35,journalist
8047,Nicholas Pacheco,male,29,business owner
8048,Michael Marsh,male,40,engineer
8049,Jonathon Gallagher,male,31,nurse
8050,Todd Garcia,male,67,consultant
8051,Megan Krueger,female,34,homemaker
8052,Christopher Baker,male,53,shop assistant
8053,Erica Moore,female,42,photographer
8054,Thomas Richards,male,26,unemployed
8055,Kimberly Shaffer,female,33,engineer
8056,Felicia Montgomery,female,50,marketing specialist
8057,Vanessa Blake,female,25,researcher
8058,Deborah Soto,female,27,chef
8059,Jacqueline Lewis,female,58,consultant
8060,Sabrina Ramirez,female,42,engineer
8061,Kim Horn,female,49,writer
8062,Grant Lewis,male,40,data scientist
8063,Chelsea Burch,female,54,writer
8064,Charles Harris,male,33,data analyst
8065,Maria Garcia,female,31,delivery driver
8066,Jill Bean,female,47,graphic designer
8067,Eric Garcia,male,68,farmer
8068,Douglas Crawford,male,62,professor
8069,Benjamin Stanley,male,59,sales executive
8070,Dana Adams,female,50,manager
8071,Anne Lopez,female,36,content creator
8072,Daniel Price,male,53,engineer
8073,Katie Johns,female,33,freelancer
8074,Eddie Velez,male,30,architect
8075,Laura Esparza,female,53,marketing specialist
8076,Karen Rodriguez,female,39,government employee
8077,Patricia Bennett,female,40,content creator
8078,Jake Webb,male,38,professor
8079,Melissa Jones,female,62,social worker
8080,Tina Porter,female,20,content creator
8081,Kimberly Singleton,female,34,lecturer
8082,Anthony Evans,male,33,entrepreneur
8083,Robin Walker,female,25,musician
8084,Ronald Martin,male,28,administrative officer
8085,Martha Flynn,female,59,researcher
8086,Jessica Evans,female,31,human resources officer
8087,Melinda Hall,female,37,human resources officer
8088,Jasmine Buck,female,38,construction worker
8089,Keith Sanford,male,23,data analyst
8090,Paul Brewer,male,57,journalist
8091,Carlos Olsen,male,60,business owner
8092,Kyle Jr.,male,18,freelancer
8093,Sharon Hansen,female,36,lecturer
8094,James Gardner,male,38,real estate agent
8095,Bruce Rivera,male,53,homemaker
8096,Linda Walsh,female,57,pharmacist
8097,Charles Baxter,male,48,project manager
8098,Jay Moss,male,54,shop assistant
8099,Krista Hicks,female,33,pharmacist
8100,Desiree Smith,female,69,farmer
8101,Tanya Hall,female,31,lawyer
8102,Isabel Hall,female,30,homemaker
8103,Elizabeth Fleming,female,55,musician
8104,Angela Russell,female,62,project manager
8105,Stacey Nguyen,female,44,graphic designer
8106,Eric Hull,male,41,project manager
8107,Claudia Vaughn,female,54,lecturer
8108,Anthony Morton,male,72,farmer
8109,Thomas Sanchez,male,61,doctor
8110,Erin Palmer,female,39,administrative officer
8111,Michelle Knight,female,54,pharmacist
8112,Daniel Morton,male,34,data analyst
8113,Jordan Vasquez,female,36,warehouse worker
8114,Scott Lyons,male,50,artist
8115,Haley Mason,female,51,project manager
8116,Steven Turner,male,20,musician
8117,Susan Hale,female,24,retail worker
8118,Anna Myers,female,41,lawyer
8119,Crystal Walters,female,82,retired
8120,Frank Allen,male,38,mechanic
8121,David Avila,male,54,banker
8122,Sandra Ellis,female,40,data scientist
8123,Danny Nguyen,male,31,administrative officer
8124,Sarah Velazquez,female,36,software developer
8125,Jesse Reid,male,56,retail worker
8126,Kevin Fisher,male,27,delivery driver
8127,Molly Cook,female,19,student
8128,Kathryn Whitney,female,29,teacher
8129,Gina MD,female,35,professor
8130,Kim Williams,female,25,data analyst
8131,Shane Gonzales,male,59,technician
8132,Ryan Weaver,male,39,sales executive
8133,Steven Ward,male,46,data scientist
8134,Stacy Lang,female,47,photographer
8135,Autumn Rodriguez,female,45,technician
8136,Wendy Kennedy,female,34,chef
8137,Joanna Roberts,female,41,researcher
8138,Jason Murray,male,39,government employee
8139,Richard Hernandez,male,46,architect
8140,Kenneth Phillips,male,36,civil servant
8141,Tony Frazier,male,36,warehouse worker
8142,Kevin Lynch,male,47,consultant
8143,Melissa Rice,female,45,homemaker
8144,Jennifer Cameron,female,57,farmer
8145,Leslie Harper,female,56,pharmacist
8146,Tiffany Robbins,female,56,freelancer
8147,Joshua Johnson,male,34,mechanic
8148,Jeremy Alexander,male,38,graphic designer
8149,Linda Mcdonald,female,49,technician
8150,Christine Cunningham,female,62,musician
8151,Brianna Walker,female,44,freelancer
8152,Catherine Mcgee,female,52,human resources officer
8153,Jeremy Santiago,male,25,financial analyst
8154,Travis Malone,male,49,customer service representative
8155,Barbara MD,female,44,graphic designer
8156,Ricky Russell,male,47,real estate agent
8157,Michael Parsons,male,37,travel agent
8158,Briana Jensen,female,36,chef
8159,David Gray,male,20,shop assistant
8160,Trevor Gray,male,33,construction worker
8161,David DVM,male,31,data scientist
8162,Gregg Anderson,male,51,accountant
8163,Joshua Myers,male,60,retired
8164,Dana Baldwin,female,25,data scientist
8165,Rachel Hensley,female,25,nurse
8166,Kiara Clayton,female,61,lawyer
8167,Kim Chan,female,22,journalist
8168,Ashley Nixon,female,54,consultant
8169,Pamela Meyer,female,40,consultant
8170,Charles Pham,male,21,construction worker
8171,William Ortiz,male,19,student
8172,Wesley PhD,male,22,administrative officer
8173,Shannon Bean,female,44,software developer
8174,Marcia Griffin,female,36,entrepreneur
8175,Meghan Williams,female,41,sales executive
8176,Tiffany Jackson,female,33,manager
8177,Benjamin Castillo,male,43,graphic designer
8178,Anna Novak,female,30,government employee
8179,Justin Brandt,male,37,financial analyst
8180,Tiffany Rowe,female,49,retail worker
8181,Kimberly Kennedy,female,24,customer service representative
8182,John Gillespie,male,30,warehouse worker
8183,Dale Salinas,male,29,student
8184,Robert Shaffer,male,43,technician
8185,Eric Simmons,male,67,lawyer
8186,Paige Weaver,female,20,construction worker
8187,Kaitlin Smith,female,28,student
8188,Amanda Rose,female,24,mechanic
8189,Michael Cross,male,31,business owner
8190,April Cummings,female,60,farmer
8191,Edward Valentine,male,43,architect
8192,Donald Jimenez,male,46,administrative officer
8193,Emma Singh,female,35,civil servant
8194,Henry Sullivan,male,29,software developer
8195,Jermaine Hill,male,52,human resources officer
8196,Crystal Griffith,female,25,pharmacist
8197,Joseph Wang,male,53,chef
8198,Joshua Mcmillan,male,45,content creator
8199,Adam Ponce,male,54,lecturer
8200,Katherine Barrera,female,37,nurse
8201,Daniel Nichols,male,43,data analyst
8202,Jessica Flynn,female,36,entrepreneur
8203,George Levine,male,60,unemployed
8204,Chad Washington,male,60,banker
8205,Mary Peterson,female,42,government employee
8206,Marc Stevens,male,33,content creator
8207,Amanda Rodriguez,female,60,teacher
8208,Lee Boone,male,39,content creator
8209,Brandi Williamson,female,49,writer
8210,Brittney Cummings,female,24,pharmacist
8211,David Bush,male,34,social worker
8212,Aaron Adams,male,25,human resources officer
8213,Christina Woods,female,34,consultant
8214,Candice Blankenship,female,24,chef
8215,Vincent Welch,male,55,travel agent
8216,Erica Martinez,female,41,data scientist
8217,Christine Munoz,female,28,data scientist
8218,Diane Martin,female,55,engineer
8219,Rachel Cook,female,29,police officer
8220,Elizabeth Villarreal,female,41,freelancer
8221,Victor V,male,60,lawyer
8222,Samantha Aguilar,female,52,professor
8223,Bianca Burke,female,25,military personnel
8224,Kimberly Steele,female,41,journalist
8225,Marissa Farley,female,35,marketing specialist
8226,Monica Young,female,47,military personnel
8227,Jeffrey Clarke,male,52,data analyst
8228,Sierra Scott,female,58,lawyer
8229,Eric Soto,male,57,delivery driver
8230,Elizabeth Mosley,female,36,architect
8231,Carmen Villegas,female,22,retail worker
8232,Karen Morgan,female,74,retired
8233,Michelle Parker,female,23,social worker
8234,Sharon Holland,female,37,homemaker
8235,Louis Duncan,male,39,data analyst
8236,Courtney Reilly,female,32,manager
8237,Margaret Martinez,female,42,engineer
8238,Sean Woodward,male,24,teacher
8239,Michelle Bradley,female,34,business owner
8240,Andrea Hale,female,27,customer service representative
8241,John Anderson,male,45,travel agent
8242,Jennifer Neal,female,41,graphic designer
8243,Calvin Green,male,62,accountant
8244,Amanda Gutierrez,female,29,student
8245,Amy Hodges,female,50,travel agent
8246,Derrick Greer,male,27,content creator
8247,Meghan Hernandez,female,57,engineer
8248,Tony Wilson,male,55,lawyer
8249,Robert Foster,male,56,consultant
8250,Deanna Choi,female,30,shop assistant
8251,Laura French,female,52,engineer
8252,Leroy Walker,male,55,social worker
8253,Leslie III,male,51,chef
8254,Christopher Johnston,male,42,unemployed
8255,Sandra Estes,female,31,project manager
8256,Frank Butler,male,50,teacher
8257,Melissa Cobb,female,58,entrepreneur
8258,Angela Gomez,female,28,writer
8259,Alicia Jackson,female,61,pharmacist
8260,Susan Harmon,female,30,travel agent
8261,Richard Powell,male,22,sales executive
8262,Nathan Thomas,male,30,chef
8263,Laura Warner,female,38,doctor
8264,Jessica Kirby,female,34,warehouse worker
8265,Sean Newman,male,22,retail worker
8266,Jocelyn Burns,female,49,accountant
8267,Michael Stewart,male,35,technician
8268,Anthony Morse,male,46,engineer
8269,David Morales,male,39,doctor
8270,Briana Thornton,female,42,software developer
8271,Jeffrey Clements,male,33,researcher
8272,Derek Duncan,male,53,retail worker
8273,Elizabeth Hall,female,48,doctor
8274,Laurie Ramirez,female,47,manager
8275,Nancy Powers,female,59,doctor
8276,Rick Barker,male,37,software developer
8277,Julie Benson,female,44,project manager
8278,Christina Wilcox,female,45,doctor
8279,Brett Walker,male,51,electrician
8280,John Ramirez,male,27,marketing specialist
8281,Stephanie Shelton,female,36,mechanic
8282,Victoria Henderson,female,47,construction worker
8283,David Schultz,male,34,data scientist
8284,Cheryl Fuentes,female,29,unemployed
8285,Benjamin Williams,male,64,lawyer
8286,Bonnie Davis,female,55,financial analyst
8287,Michelle Diaz,female,54,data scientist
8288,Tyler Adams,male,52,nurse
8289,Christian PhD,male,61,journalist
8290,Tracy Long,male,80,retired
8291,Linda Moore,female,29,business owner
8292,Jose Willis,male,39,warehouse worker
8293,Rodney Oconnor,male,33,writer
8294,Steven Bailey,male,50,pharmacist
8295,Nicholas Collins,male,41,banker
8296,William Jensen,male,34,engineer
8297,Brian Holt,male,38,banker
8298,Timothy Reynolds,male,48,journalist
8299,Tyler Welch,male,49,retail worker
8300,Diamond Sanchez,female,22,retail worker
8301,Jeffrey Mcgee,male,31,unemployed
8302,Samuel Powers,male,50,project manager
8303,Mary Snow,female,27,pharmacist
8304,Aaron Graham,male,56,banker
8305,Michael Fisher,male,26,social worker
8306,Sherry Torres,female,39,banker
8307,Michael Henderson,male,25,unemployed
8308,Kathy Mcgee,female,56,teacher
8309,Paul Oconnor,male,36,delivery driver
8310,Nicholas Greene,male,32,mechanic
8311,Jose Mason,male,38,retail worker
8312,Kirk Johnson,male,52,entrepreneur
8313,David Mills,male,19,delivery driver
8314,Katie Zimmerman,female,67,writer
8315,Brandon Roth,male,36,police officer
8316,Jason Carlson,male,22,sales executive
8317,Mark MD,male,66,real estate agent
8318,Peter Jr.,male,36,construction worker
8319,Margaret Spencer,female,39,mechanic
8320,Terri Roberts,female,23,content creator
8321,Cheryl Clark,female,24,travel agent
8322,Alicia Black,female,29,pharmacist
8323,Anthony Ross,male,41,real estate agent
8324,Stacey Wolf,female,60,researcher
8325,Virginia Watson,female,46,researcher
8326,Hannah Campbell,female,28,musician
8327,Jason Snow,male,49,government employee
8328,John Elliott,male,37,data analyst
8329,James Robertson,male,34,freelancer
8330,Jaime Oneill,male,35,marketing specialist
8331,Hector Williams,male,23,real estate agent
8332,Rebecca Nicholson,female,42,artist
8333,Elizabeth Howe,female,26,financial analyst
8334,Amber Garrett,female,47,lawyer
8335,Leah Thomas,female,36,musician
8336,Chad Moreno,male,62,unemployed
8337,Peter Lewis,male,74,retired
8338,Michele Olson,female,52,manager
8339,Megan Garcia,female,46,lawyer
8340,Kristin Rodriguez,female,31,financial analyst
8341,Ryan Rodriguez,male,24,financial analyst
8342,Charles Ortega,male,29,financial analyst
8343,James Meyers,male,32,military personnel
8344,Nathan MD,male,47,engineer
8345,Christine Bradford,female,40,accountant
8346,Jimmy Meyer,male,60,freelancer
8347,Christina Leon,female,40,sales executive
8348,Joseph Barton,male,25,accountant
8349,Brooke Parker,female,43,nurse
8350,Victoria Vasquez,female,45,government employee
8351,Jessica Carroll,female,40,travel agent
8352,Brett Obrien,male,57,civil servant
8353,Brianna Moore,female,35,delivery driver
8354,Lynn Brown,female,42,police officer
8355,Dustin Watson,male,66,homemaker
8356,Jesse Charles,male,34,business owner
8357,Cathy Miller,female,50,doctor
8358,Kristy Williams,female,61,government employee
8359,Thomas Rosales,male,47,electrician
8360,Scott Khan,male,23,civil servant
8361,Benjamin Powell,male,38,electrician
8362,Joshua Wilson,male,20,graphic designer
8363,Lauren Freeman,female,30,social worker
8364,Patricia Tucker,female,40,lecturer
8365,Kevin James,male,57,researcher
8366,Angela Taylor,female,45,journalist
8367,Erica Arnold,female,46,artist
8368,Scott Turner,male,38,financial analyst
8369,Brianna Lloyd,female,72,retired
8370,Kristi King,female,56,pharmacist
8371,James Ramsey,male,33,human resources officer
8372,Joel Murray,male,50,electrician
8373,Amanda Hahn,female,32,lecturer
8374,Seth Gentry,male,19,student
8375,Brittany Shelton,female,52,human resources officer
8376,Robin Mora,female,49,unemployed
8377,Lindsey Wright,female,26,content creator
8378,Abigail Miller,female,21,homemaker
8379,Tara French,female,25,data analyst
8380,Laura Garner,female,53,manager
8381,Robert Brock,male,33,lecturer
8382,Nicholas Boone,male,48,warehouse worker
8383,Nicholas Ortiz,male,53,marketing specialist
8384,Paula Roberts,female,54,business owner
8385,Kelli Rodriguez,female,56,electrician
8386,Scott Schultz,male,28,data analyst
8387,Travis Peterson,male,38,travel agent
8388,Michele Moore,female,56,chef
8389,Jeremy Matthews,male,35,construction worker
8390,Emily Johnson,female,65,journalist
8391,Aaron Garner,male,61,nurse
8392,Renee Orr,female,48,administrative officer
8393,Edward Roth,male,53,retail worker
8394,Robert Gomez,male,65,architect
8395,Dillon Wells,male,32,chef
8396,Christian Murphy,male,42,teacher
8397,Linda DDS,female,41,doctor
8398,Daniel Hodge,male,48,manager
8399,Deborah Montgomery,female,30,farmer
8400,Thomas Fox,male,63,business owner
8401,Tommy Wright,male,38,nurse
8402,Crystal Adkins,female,60,human resources officer
8403,Cody DVM,male,53,pharmacist
8404,Olivia Hayes,female,61,researcher
8405,Ana Brewer,female,26,real estate agent
8406,John Gould,male,48,administrative officer
8407,Jason Davis,male,31,delivery driver
8408,Jennifer Price,female,44,teacher
8409,Antonio Alexander,male,58,pharmacist
8410,James Greene,male,34,mechanic
8411,Jamie Reid,female,32,travel agent
8412,Kelly Nelson,female,60,artist
8413,Jared Rodriguez,male,28,unemployed
8414,Thomas MD,male,60,mechanic
8415,Jeremy Herring,male,28,banker
8416,Courtney Castillo,female,45,warehouse worker
8417,Eric Gonzalez,male,31,military personnel
8418,Brian Dyer,male,68,real estate agent
8419,Laura Blake,female,31,insurance agent
8420,Willie Ramirez,male,34,doctor
8421,Tammy Adams,female,53,business owner
8422,Theresa Patrick,female,40,consultant
8423,Kevin West,male,53,entrepreneur
8424,Cynthia Stanley,female,26,data scientist
8425,Justin Russell,male,32,delivery driver
8426,Grace Bentley,female,25,warehouse worker
8427,Victoria Castillo,female,56,technician
8428,Terry Walter,male,62,retired
8429,Eric Neal,male,31,financial analyst
8430,Christopher Sims,male,32,social worker
8431,Daniel Jr.,male,36,farmer
8432,John Decker,male,44,human resources officer
8433,Wendy Robinson,female,61,retired
8434,Eric Patterson,male,56,nurse
8435,Denise Simpson,female,44,sales executive
8436,Tanya Gonzalez,female,36,homemaker
8437,Kristin Bailey,female,23,farmer
8438,Scott Booker,male,57,retail worker
8439,Marc Glenn,male,58,police officer
8440,Jasmine Chavez,female,25,civil servant
8441,Meredith Ritter,female,44,doctor
8442,Denise Gonzalez,female,33,civil servant
8443,Pamela Lowery,female,59,data scientist
8444,Teresa Jordan,female,44,homemaker
8445,Kristin Garcia,female,20,warehouse worker
8446,Roger Ford,male,58,pharmacist
8447,Shirley Martinez,female,40,lawyer
8448,Allison Terry,female,56,construction worker
8449,Lisa Michael,female,70,business owner
8450,Deborah Turner,female,63,architect
8451,Leslie Benson,female,48,journalist
8452,Brian Phillips,male,43,banker
8453,Matthew Jr.,male,63,pharmacist
8454,Kyle Young,male,43,data analyst
8455,Karen Larsen,female,30,graphic designer
8456,Joshua Foster,male,43,farmer
8457,Kevin Hernandez,male,22,construction worker
8458,Lindsey Phelps,female,33,marketing specialist
8459,Allison Bradshaw,female,56,travel agent
8460,Amy Williams,female,28,musician
8461,Tyler Fuentes,male,64,project manager
8462,Paul Miller,male,57,freelancer
8463,Cheryl Scott,female,45,delivery driver
8464,Ray Hanson,male,21,graphic designer
8465,Brenda Miller,female,33,construction worker
8466,Amber Singh,female,44,project manager
8467,Matthew Lee,male,25,student
8468,Maxwell Bennett,male,36,mechanic
8469,Anthony Becker,male,59,manager
8470,Susan Wilkins,female,25,researcher
8471,Karen Gonzalez,female,56,manager
8472,Benjamin Baker,male,75,retired
8473,Calvin Rhodes,male,41,engineer
8474,Julie Fuller,female,55,human resources officer
8475,Jason Santana,male,24,data scientist
8476,Evan Barnes,male,36,researcher
8477,Beth Jones,female,42,data scientist
8478,Kimberly MD,female,25,chef
8479,Angela Acosta,female,42,travel agent
8480,Dustin Castillo,male,35,government employee
8481,Mark Proctor,male,24,freelancer
8482,Allen Lopez,male,29,student
8483,Audrey Burton,female,19,unemployed
8484,Lisa Jones,female,37,architect
8485,Courtney Ray,female,58,teacher
8486,Gwendolyn Kramer,female,62,travel agent
8487,Stacey Reid,female,37,shop assistant
8488,Jordan Garcia,female,18,farmer
8489,Lindsey Murray,female,29,nurse
8490,Ryan Bradley,male,32,construction worker
8491,Carol Lopez,female,26,software developer
8492,Lucas Gill,male,32,technician
8493,Paul Patterson,male,49,lawyer
8494,Kimberly Hunter,female,30,student
8495,Stacey Jones,female,40,journalist
8496,Courtney Williams,female,52,marketing specialist
8497,Larry Stone,male,49,chef
8498,Jonathan Miller,male,53,consultant
8499,Michele Wheeler,female,43,administrative officer
8500,Melissa Wise,female,19,student
8501,Karen Lynch,female,61,journalist
8502,Michelle Adams,female,32,marketing specialist
8503,David Jackson,male,34,social worker
8504,Stacey Levy,female,26,chef
8505,Alison Thomas,female,50,farmer
8506,Lisa Cooper,female,63,photographer
8507,Keith Burns,male,46,freelancer
8508,Nathan Cordova,male,26,insurance agent
8509,Craig Rivas,male,58,accountant
8510,Samuel MD,male,22,construction worker
8511,Mason Thomas,male,34,graphic designer
8512,Debra Miller,female,26,military personnel
8513,Megan Huerta,female,57,researcher
8514,Colleen Rose,female,44,software developer
8515,Henry Rosario,male,36,pharmacist
8516,Justin Cross,male,23,military personnel
8517,Christine Hogan,female,47,pharmacist
8518,Heather Huber,female,50,police officer
8519,Travis Lyons,male,35,manager
8520,Carol King,female,67,real estate agent
8521,Carolyn Rodriguez,female,35,marketing specialist
8522,Michael Boyd,male,43,electrician
8523,Carolyn Alexander,female,38,content creator
8524,William Farmer,male,28,lawyer
8525,Adriana Williamson,female,42,graphic designer
8526,Krista Taylor,female,62,chef
8527,Ronald Jones,male,25,human resources officer
8528,Caitlin Austin,female,68,consultant
8529,Stephen Soto,male,53,technician
8530,Christopher Simon,male,25,business owner
8531,Evelyn Cohen,female,39,project manager
8532,Tyler Dyer,male,57,government employee
8533,Dawn Anderson,female,48,content creator
8534,Carrie Vaughn,female,24,accountant
8535,Jennifer Ferrell,female,60,teacher
8536,Michael Vega,male,28,entrepreneur
8537,Margaret Gonzalez,female,60,homemaker
8538,Robert Andrews,male,26,military personnel
8539,Randall DVM,male,43,marketing specialist
8540,Lisa Pitts,female,55,delivery driver
8541,Daniel Henderson,male,29,civil servant
8542,Jessica Cruz,female,69,retired
8543,Monica Torres,female,43,content creator
8544,Scott King,male,51,civil servant
8545,David Hahn,male,63,researcher
8546,Jeffrey Baker,male,40,technician
8547,Andre Payne,male,60,musician
8548,Morgan Tran,female,59,warehouse worker
8549,Nicholas Davis,male,44,data scientist
8550,Brenda Dougherty,female,56,lawyer
8551,Carolyn Smith,female,29,accountant
8552,Anne Howard,female,56,manager
8553,Albert Bishop,male,33,chef
8554,Lisa Good,female,41,social worker
8555,Monica Mejia,female,71,farmer
8556,Russell Erickson,male,27,sales executive
8557,Ricky Tran,male,49,customer service representative
8558,Jonathan Kelley,male,61,consultant
8559,Matthew II,male,22,technician
8560,Patrick Blevins,male,44,sales executive
8561,Gerald Berg,male,31,travel agent
8562,Jackson Ingram,male,31,content creator
8563,Thomas Parsons,male,58,entrepreneur
8564,Francisco Jennings,male,53,business owner
8565,Julie Padilla,female,56,writer
8566,Christopher Williams,male,45,journalist
8567,Jill Schmidt,female,53,insurance agent
8568,Cynthia Scott,female,36,professor
8569,Kimberly Salinas,female,51,software developer
8570,Olivia Ruiz,female,37,content creator
8571,Jeffrey Lloyd,male,29,project manager
8572,Emily Santana,female,62,insurance agent
8573,Erin Holt,female,52,electrician
8574,Gabriel Leon,male,65,musician
8575,Jessica Wallace,female,25,photographer
8576,Vickie Davis,female,44,consultant
8577,Richard Mayo,male,36,consultant
8578,Courtney Erickson,female,41,military personnel
8579,John Mata,male,40,engineer
8580,Danielle Wang,female,66,musician
8581,Brandon Price,male,48,civil servant
8582,Veronica Sweeney,female,50,doctor
8583,Shawn Hopkins,male,39,journalist
8584,Paula Harris,female,58,manager
8585,Kurt Bennett,male,25,police officer
8586,Kayla Nelson,female,20,artist
8587,Kenneth Black,male,41,construction worker
8588,Crystal Mcdaniel,female,24,marketing specialist
8589,Diana Orr,female,50,administrative officer
8590,Nicole Cross,female,24,sales executive
8591,Nicole Mendoza,female,30,military personnel
8592,Susan Murphy,female,27,architect
8593,Amber Logan,female,46,police officer
8594,Daniel Rhodes,male,60,retired
8595,Sierra Rhodes,female,54,lawyer
8596,Charles Diaz,male,33,chef
8597,Tony Valencia,male,50,lawyer
8598,Kayla Garcia,female,48,consultant
8599,Deanna Young,female,31,civil servant
8600,James Sanchez,male,27,travel agent
8601,Steven Smith,male,37,construction worker
8602,Cynthia Matthews,female,52,warehouse worker
8603,William Atkinson,male,55,writer
8604,Matthew Phillips,male,24,software developer
8605,Julia Lester,female,28,lecturer
8606,Sheila Collins,female,53,electrician
8607,Victor Hayes,male,48,business owner
8608,Sandra Manning,female,41,government employee
8609,Margaret Howe,female,63,writer
8610,David Mack,male,21,shop assistant
8611,Taylor Gross,female,57,manager
8612,Kevin Gillespie,male,22,warehouse worker
8613,Lisa Rivera,female,24,photographer
8614,Robin Padilla,female,40,doctor
8615,Jeffrey Hunter,male,23,government employee
8616,Katie Walker,female,18,student
8617,Gary Wade,male,61,writer
8618,Benjamin Woods,male,42,financial analyst
8619,Samantha Ritter,female,56,project manager
8620,John Moses,male,25,student
8621,Whitney Pearson,female,28,data scientist
8622,Michael Owens,male,60,electrician
8623,Anna Morse,female,58,sales executive
8624,Corey Sandoval,male,31,artist
8625,April Romero,female,47,graphic designer
8626,Lauren Hernandez,female,43,teacher
8627,Michael Morris,male,47,entrepreneur
8628,Tanner Ortiz,male,43,writer
8629,Gina Finley,female,46,retail worker
8630,Ralph Luna,male,26,photographer
8631,Phillip Hayden,male,51,entrepreneur
8632,Melinda Long,female,24,teacher
8633,Judy Edwards,female,35,technician
8634,Gary Wilson,male,52,architect
8635,Christopher Wheeler,male,40,lawyer
8636,Brenda Anderson,female,45,police officer
8637,Erin Johnson,female,53,sales executive
8638,Howard Richardson,male,28,sales executive
8639,William Williams,male,20,student
8640,Andrew MD,male,38,unemployed
8641,Jason Parker,male,46,journalist
8642,Rebecca Elliott,female,51,warehouse worker
8643,Rebecca Rodriguez,female,20,musician
8644,Juan Wright,male,60,unemployed
8645,Anna Reid,female,41,delivery driver
8646,Nicholas Floyd,male,34,human resources officer
8647,Erika Kim,female,25,customer service representative
8648,Terrance Jackson,male,57,mechanic
8649,Veronica Banks,female,32,data scientist
8650,Mackenzie Diaz,female,35,customer service representative
8651,April Scott,female,53,software developer
8652,Robert Peterson,male,23,sales executive
8653,Beth Russell,female,41,social worker
8654,Jessica Porter,female,56,lecturer
8655,Kimberly Pham,female,45,customer service representative
8656,Ricky Hall,male,40,teacher
8657,Jennifer Andersen,female,36,marketing specialist
8658,Kyle Baker,male,51,consultant
8659,Amanda Stone,female,19,construction worker
8660,Roger Ross,male,18,delivery driver
8661,Mary Weiss,female,29,researcher
8662,Tyler Wu,male,46,government employee
8663,Catherine Jennings,female,32,musician
8664,Kristy Brooks,female,64,professor
8665,Alexander Garcia,male,59,freelancer
8666,Andrew Schneider,male,52,accountant
8667,Alexander Griffith,male,27,civil servant
8668,Michael Thompson,male,43,project manager
8669,Lauren Clark,female,52,engineer
8670,Andrew Graham,male,65,writer
8671,Benjamin Banks,male,27,military personnel
8672,Nicole Meyers,female,51,software developer
8673,Mark Combs,male,18,student
8674,Leon Rodriguez,male,57,musician
8675,Kristin Wilkerson,female,45,banker
8676,Matthew Wallace,male,35,financial analyst
8677,Jordan Brown,female,58,teacher
8678,Justin Henry,male,21,student
8679,Stephen Mccormick,male,60,journalist
8680,Taylor Brown,female,60,artist
8681,Caitlin Keller,female,44,warehouse worker
8682,Yesenia Fisher,female,30,student
8683,Amy Carter,female,22,freelancer
8684,Natalie Nelson,female,27,marketing specialist
8685,Sarah Butler,female,31,lawyer
8686,Alicia Simmons,female,70,musician
8687,Sydney Kidd,female,62,civil servant
8688,Joel Chavez,male,49,human resources officer
8689,Danielle Simpson,female,50,chef
8690,Debbie Alexander,female,22,mechanic
8691,John Rowe,male,57,civil servant
8692,Jeffrey Thomas,male,29,sales executive
8693,Kathryn Chavez,female,38,chef
8694,Kimberly Moore,female,67,architect
8695,Charles Morales,male,38,musician
8696,Michael Campos,male,51,financial analyst
8697,Johnathan Brewer,male,58,teacher
8698,Andrew Hughes,male,22,graphic designer
8699,Melissa Stuart,female,54,mechanic
8700,Eric Kennedy,male,50,technician
8701,Sara Fields,female,36,business owner
8702,Lauren Lee,female,29,military personnel
8703,Christopher Gill,male,58,accountant
8704,Kristin Ward,female,44,technician
8705,Megan DVM,female,24,unemployed
8706,Angela Munoz,female,44,artist
8707,Timothy Wilson,male,35,lawyer
8708,Jose Ramsey,male,49,government employee
8709,Shelby Garcia,female,37,content creator
8710,John Banks,male,36,administrative officer
8711,Anthony Wilcox,male,19,construction worker
8712,Courtney Coleman,female,64,unemployed
8713,Jake Ramos,male,48,nurse
8714,Michael Wong,male,21,military personnel
8715,Tammy Duncan,female,30,musician
8716,Megan Williams,female,49,engineer
8717,Justin Cox,male,22,construction worker
8718,Alexandra Williams,female,38,social worker
8719,Donna Wells,female,44,insurance agent
8720,Timothy Hall,male,35,farmer
8721,Christopher MD,male,45,technician
8722,Richard Kennedy,male,61,insurance agent
8723,Michael Valdez,male,36,insurance agent
8724,Gene Hall,male,19,content creator
8725,Erica Camacho,female,30,social worker
8726,Nicole PhD,female,47,government employee
8727,Janet Gregory,female,55,data analyst
8728,Diana Sullivan,female,22,construction worker
8729,Paula Clark,female,51,mechanic
8730,Todd Buchanan,male,35,insurance agent
8731,Brandon Villanueva,male,53,insurance agent
8732,Jimmy Norman,male,57,project manager
8733,Crystal Wallace,female,51,delivery driver
8734,Paul Figueroa,male,43,human resources officer
8735,Michael West,male,59,chef
8736,Natasha Lester,female,46,journalist
8737,Abigail Moreno,female,52,banker
8738,Randall Stokes,male,55,engineer
8739,Elizabeth Cummings,female,28,journalist
8740,Angela Nelson,female,33,financial analyst
8741,Kaylee Lewis,female,36,banker
8742,George Morales,male,43,data scientist
8743,Amber Kelly,female,55,human resources officer
8744,Erin Cunningham,female,33,homemaker
8745,Jeffrey White,male,37,content creator
8746,Dana Thomas,female,54,consultant
8747,Kevin Davis,male,45,accountant
8748,Jacqueline Steele,female,31,consultant
8749,Joseph Jenkins,male,23,accountant
8750,Kayla Spencer,female,44,architect
8751,Daniel II,male,35,chef
8752,Jennifer Porter,female,57,pharmacist
8753,Sabrina Gibson,female,64,journalist
8754,Marilyn Steele,female,48,administrative officer
8755,Adam Malone,male,60,mechanic
8756,Charles Garrison,male,68,consultant
8757,Hannah Faulkner,female,28,student
8758,Timothy Smith,male,60,technician
8759,Edward Mckenzie,male,56,real estate agent
8760,Jose Wilkerson,male,34,financial analyst
8761,Rickey Lin,male,47,data analyst
8762,Douglas Bonilla,male,22,software developer
8763,Aaron Thompson,male,34,retail worker
8764,Joy Garcia,female,64,insurance agent
8765,Tamara Fleming,female,47,sales executive
8766,Shawn MD,male,34,police officer
8767,Kathryn Nichols,female,55,lawyer
8768,Hailey Thomas,female,29,student
8769,Jeffrey Calhoun,male,76,retired
8770,Luke Lawrence,male,46,lawyer
8771,Julia Ruiz,female,51,engineer
8772,Gary Scott,male,30,musician
8773,Edward Jones,male,22,farmer
8774,Ashley Bishop,female,38,warehouse worker
8775,Sydney DVM,female,59,construction worker
8776,Michael Cook,male,24,software developer
8777,Victoria MD,female,49,unemployed
8778,Kelli Johnson,female,48,data analyst
8779,Douglas Madden,male,41,social worker
8780,Edward Munoz,male,46,police officer
8781,Rachel Bailey,female,22,musician
8782,Stacy Zavala,female,27,graphic designer
8783,Regina Taylor,female,40,professor
8784,Thomas Parrish,male,40,manager
8785,Teresa Marshall,female,38,technician
8786,Gabriela King,female,33,consultant
8787,Bonnie Anderson,female,56,mechanic
8788,Elizabeth Wright,female,47,content creator
8789,Jeremiah Leonard,male,56,insurance agent
8790,Susan Baldwin,female,21,content creator
8791,Austin Gutierrez,male,34,researcher
8792,Duane Bryant,male,61,project manager
8793,Jennifer Hensley,female,20,content creator
8794,Brian Garrett,male,60,writer
8795,Michael Vasquez,male,24,data analyst
8796,Justin Freeman,male,54,military personnel
8797,Anthony Foster,male,33,musician
8798,Jorge Palmer,male,45,professor
8799,Hayden Nguyen,male,24,data analyst
8800,Bobby Conrad,male,51,entrepreneur
8801,Sarah Becker,female,23,banker
8802,Brenda Hurley,female,38,entrepreneur
8803,Joseph Fernandez,male,46,data analyst
8804,Amanda Schaefer,female,24,construction worker
8805,Larry Juarez,male,62,project manager
8806,Jonathan Moore,male,26,student
8807,Kim Mitchell,female,50,human resources officer
8808,Connie Craig,female,38,graphic designer
8809,Kimberly Camacho,female,61,consultant
8810,Rebecca Fischer,female,42,warehouse worker
8811,Patrick Hardin,male,35,consultant
8812,Jessica James,female,39,shop assistant
8813,Eileen French,female,59,teacher
8814,Nicole Gardner,female,44,retail worker
8815,Theresa Park,female,42,professor
8816,Cody Thomas,male,57,real estate agent
8817,Aaron Mcknight,male,59,human resources officer
8818,Justin Guerra,male,40,mechanic
8819,Bobby Paul,male,65,journalist
8820,Maxwell Perez,male,52,shop assistant
8821,Marcia Reed,female,38,mechanic
8822,Peter Blanchard,male,47,software developer
8823,Karen Peterson,female,29,unemployed
8824,Corey Santos,male,41,human resources officer
8825,Samuel Chavez,male,43,engineer
8826,Randall Brown,male,45,manager
8827,Daniel David,male,22,freelancer
8828,Connie Fields,female,42,military personnel
8829,Carolyn Cooper,female,27,business owner
8830,Jerome Buck,male,36,accountant
8831,Carla Scott,female,21,delivery driver
8832,Tricia Rivera,female,35,travel agent
8833,Susan Boyd,female,42,consultant
8834,Jerry Sexton,male,32,delivery driver
8835,Tricia Medina,female,39,administrative officer
8836,Ian Silva,male,25,banker
8837,Sean Ross,male,46,social worker
8838,David Myers,male,29,military personnel
8839,Shelly James,female,49,lecturer
8840,Victor Ramirez,male,50,retail worker
8841,Stephanie Reese,female,53,social worker
8842,Paul Clark,male,32,lecturer
8843,Marcus Jones,male,40,journalist
8844,Drew Guzman,male,65,business owner
8845,Julie Norris,female,46,military personnel
8846,Megan Green,female,37,data scientist
8847,Ryan Byrd,male,37,lecturer
8848,Christopher Hill,male,36,data analyst
8849,Alexander Peters,male,35,financial analyst
8850,Anthony Anderson,male,50,writer
8851,Darin Moses,male,50,business owner
8852,Alyssa Wilson,female,32,warehouse worker
8853,Jonathan Davis,male,26,financial analyst
8854,Charles Walker,male,34,journalist
8855,Joshua Bolton,male,61,nurse
8856,Michael Potts,male,61,real estate agent
8857,Daniel Bryant,male,60,construction worker
8858,Craig Powell,male,65,architect
8859,Mark Cole,male,34,military personnel
8860,Pamela Jones,female,27,journalist
8861,James Franklin,male,57,delivery driver
8862,Isabel Terry,female,35,real estate agent
8863,Stephanie Gomez,female,58,writer
8864,Keith Carr,male,47,police officer
8865,Jacob Vance,male,37,lecturer
8866,Matthew Barker,male,40,real estate agent
8867,Justin Welch,male,53,unemployed
8868,Elizabeth Diaz,female,18,construction worker
8869,Sara Merritt,female,75,retired
8870,Marcus Mcmahon,male,25,musician
8871,Bonnie Castaneda,female,50,data scientist
8872,Briana Fitzpatrick,female,54,freelancer
8873,Steven Ayala,male,51,financial analyst
8874,Jonathan Hampton,male,22,chef
8875,Marie Davis,female,18,student
8876,Lori Lopez,female,36,engineer
8877,Susan Henry,female,40,consultant
8878,Francisco Brown,male,25,writer
8879,Richard Ortega,male,44,photographer
8880,Janice Dean,female,42,retail worker
8881,Christina Palmer,female,40,delivery driver
8882,Brenda Tapia,female,35,unemployed
8883,Monica Vega,female,59,human resources officer
8884,Nathaniel Davis,male,59,lecturer
8885,Wendy Humphrey,female,58,lawyer
8886,Norman Thompson,male,52,lawyer
8887,Raymond Hall,male,50,administrative officer
8888,Christopher Moran,male,36,electrician
8889,Stephanie Ward,female,46,homemaker
8890,Christopher Mendoza,male,50,insurance agent
8891,Keith Zimmerman,male,25,retail worker
8892,Ruth Franklin,female,44,mechanic
8893,Chad Bartlett,male,51,pharmacist
8894,Brittany Turner,female,57,researcher
8895,Juan Wheeler,male,18,warehouse worker
8896,Rachael Harris,female,54,administrative officer
8897,Victor Madden,male,21,software developer
8898,Cindy Wang,female,46,farmer
8899,Melissa Stafford,female,50,mechanic
8900,Jason Lopez,male,24,engineer
8901,Sabrina Wilson,female,64,chef
8902,Allison Martin,female,40,entrepreneur
8903,Melissa Harris,female,46,construction worker
8904,Danny Davis,male,34,banker
8905,Elizabeth Johnson,female,31,civil servant
8906,Trevor Williams,male,32,freelancer
8907,Kelsey Jones,female,57,civil servant
8908,Jennifer Pacheco,female,41,researcher
8909,Bruce Armstrong,male,42,journalist
8910,Sheila Johnson,female,61,journalist
8911,Megan Lee,female,27,business owner
8912,Justin Velasquez,male,54,journalist
8913,Jeremy Hernandez,male,44,graphic designer
8914,Sierra Garrett,female,65,civil servant
8915,William Dickson,male,61,lawyer
8916,Alexandra Rios,female,38,researcher
8917,Katie Farmer,female,45,photographer
8918,Frank Delacruz,male,45,graphic designer
8919,Nathan Harrington,male,28,real estate agent
8920,Stacy Wright,female,49,electrician
8921,Dennis Richardson,male,48,administrative officer
8922,Johnny Scott,male,52,writer
8923,Patricia Cooper,female,48,journalist
8924,Jon Reed,male,60,doctor
8925,Hunter Heath,male,30,photographer
8926,Darrell Petersen,male,42,human resources officer
8927,Christine Foster,female,65,freelancer
8928,Matthew Moyer,male,47,human resources officer
8929,Billy Pearson,male,24,photographer
8930,Natasha Hammond,female,58,technician
8931,Stacy Fischer,female,35,homemaker
8932,Wesley DDS,male,29,student
8933,James Ingram,male,59,musician
8934,Linda Campbell,female,80,retired
8935,Scott Faulkner,male,40,shop assistant
8936,Larry Callahan,male,24,administrative officer
8937,Ralph Robinson,male,22,military personnel
8938,Allen Rodriguez,male,37,military personnel
8939,Kathleen Gentry,female,31,graphic designer
8940,Anthony Fisher,male,21,farmer
8941,Cindy Lewis,female,60,technician
8942,Paul Morgan,male,25,customer service representative
8943,John Mitchell,male,32,real estate agent
8944,Melissa Arnold,female,61,travel agent
8945,Marilyn Sanchez,female,39,banker
8946,Monique Pittman,female,27,administrative officer
8947,Charles Rosales,male,59,homemaker
8948,Kimberly Schwartz,female,66,doctor
8949,Krista Morgan,female,47,customer service representative
8950,Eugene Berg,male,42,civil servant
8951,Randy Shannon,male,67,homemaker
8952,Richard Maynard,male,27,civil servant
8953,Kelly Martin,female,60,consultant
8954,Jeffrey Daniels,male,49,social worker
8955,Joshua Burns,male,52,electrician
8956,Justin Reid,male,67,business owner
8957,David Scott,male,45,warehouse worker
8958,Emily Fisher,female,51,graphic designer
8959,Kelly Rojas,female,59,researcher
8960,Deborah Long,female,29,financial analyst
8961,Brandon Johnson,male,44,financial analyst
8962,Judith Reed,female,47,warehouse worker
8963,Jeremy Ross,male,62,artist
8964,Ian Turner,male,23,insurance agent
8965,Ashley Parsons,female,40,technician
8966,Bobby Gonzales,male,50,administrative officer
8967,Michael Dawson,male,28,customer service representative
8968,Stephanie Jones,female,21,construction worker
8969,Bryan Parker,male,61,lawyer
8970,Scott Rich,male,51,social worker
8971,Kelli Jackson,female,25,administrative officer
8972,Alison Cook,female,26,graphic designer
8973,Mark Gray,male,57,insurance agent
8974,Samuel Maxwell,male,31,marketing specialist
8975,Crystal Hayes,female,54,data scientist
8976,Robert PhD,male,66,retired
8977,Mark Edwards,male,31,graphic designer
8978,Alexa Riddle,female,48,travel agent
8979,Brandon Moses,male,46,nurse
8980,Brenda Crawford,female,43,administrative officer
8981,Daniel Mills,male,59,construction worker
8982,Kaitlyn Adams,female,67,business owner
8983,Annette Vincent,female,22,student
8984,Shelia Clark,female,29,shop assistant
8985,David Richardson,male,54,farmer
8986,Amy Carpenter,female,26,lawyer
8987,Lynn Smith,female,47,marketing specialist
8988,Cheryl Johnson,female,47,consultant
8989,Laura Russell,female,23,military personnel
8990,Isaac Stephens,male,56,social worker
8991,Jennifer Steele,female,65,musician
8992,Donald Rose,male,41,photographer
8993,Denise Savage,female,52,teacher
8994,Andrew Vazquez,male,33,banker
8995,John Hudson,male,62,professor
8996,Laura Walter,female,68,professor
8997,Roberta Wheeler,female,57,lawyer
8998,Dustin Curry,male,60,photographer
8999,Erin Taylor,female,46,manager
9000,Patrick Horton,male,55,chef
9001,Melissa Gomez,female,52,consultant
9002,Adam Perry,male,34,software developer
9003,Stacy Barron,female,38,content creator
9004,Andrea Haney,female,34,marketing specialist
9005,Elizabeth Carpenter,female,42,customer service representative
9006,Erik Wilson,male,48,journalist
9007,Christy Perez,female,28,pharmacist
9008,Diana Oconnor,female,44,marketing specialist
9009,Michelle Mcdaniel,female,28,shop assistant
9010,Amber Davis,female,41,marketing specialist
9011,Justin Bautista,male,35,doctor
9012,Michelle Campbell,female,26,engineer
9013,Jerry Crane,male,56,mechanic
9014,David Gates,male,25,social worker
9015,Paula Case,female,29,financial analyst
9016,Douglas Hale,male,52,data scientist
9017,Carrie Thornton,female,60,banker
9018,Stacy Sanchez,female,35,professor
9019,Patricia Cobb,female,24,insurance agent
9020,Ian Sullivan,male,34,social worker
9021,Wendy Martinez,female,40,technician
9022,Thomas Perry,male,23,technician
9023,Donald Bryant,male,55,doctor
9024,Brendan Miller,male,61,nurse
9025,Carlos Daniel,male,54,photographer
9026,Sara DVM,female,27,student
9027,Megan Boyd,female,66,real estate agent
9028,Angel Griffith,female,50,delivery driver
9029,Monica Martinez,female,50,entrepreneur
9030,Micheal Miller,male,57,unemployed
9031,Lauren Wagner,female,70,real estate agent
9032,Kenneth Cox,male,36,real estate agent
9033,Monique Turner,female,64,lecturer
9034,Christy Dennis,female,55,data analyst
9035,Kelli Payne,female,22,travel agent
9036,Gabrielle Page,female,32,police officer
9037,Zoe Caldwell,female,49,police officer
9038,Ryan Luna,male,41,musician
9039,Amy Castro,female,72,homemaker
9040,Mark Peterson,male,52,pharmacist
9041,Tara Moore,female,52,freelancer
9042,Nicholas Peters,male,30,engineer
9043,Tracy Fischer,female,25,homemaker
9044,Kenneth Richards,male,39,delivery driver
9045,Maxwell Jenkins,male,36,photographer
9046,Joshua Ward,male,30,lecturer
9047,Dalton Haney,male,30,lawyer
9048,Matthew Ward,male,60,data scientist
9049,Elizabeth Chang,female,23,writer
9050,Casey Rodriguez,male,55,unemployed
9051,Kaitlyn PhD,female,29,writer
9052,Alex Williams,male,48,electrician
9053,Paul Butler,male,44,nurse
9054,Phillip Walton,male,29,researcher
9055,Courtney Johnson,female,40,consultant
9056,Robert Mccarthy,male,52,artist
9057,Steve Robertson,male,21,warehouse worker
9058,Devon Moore,male,20,shop assistant
9059,Jessica Sharp,female,27,construction worker
9060,Sean Peck,male,34,content creator
9061,Jason Brown,male,59,manager
9062,Dustin Boyer,male,21,chef
9063,James Alexander,male,36,data scientist
9064,Jennifer Rhodes,female,48,financial analyst
9065,Yolanda Nelson,female,52,project manager
9066,Hannah Villarreal,female,19,delivery driver
9067,Cheryl Cook,female,32,lecturer
9068,Chase Lopez,male,49,engineer
9069,William Perez,male,28,teacher
9070,Sarah Price,female,27,teacher
9071,Dawn Jackson,female,35,customer service representative
9072,Troy Walker,male,42,lecturer
9073,Susan Blake,female,65,insurance agent
9074,Reginald DDS,male,54,electrician
9075,Darren Miller,male,55,farmer
9076,Bridget Hernandez,female,43,travel agent
9077,Natasha Richardson,female,49,unemployed
9078,Michelle Gonzalez,female,34,engineer
9079,Laura Lucero,female,47,artist
9080,Robert Pittman,male,63,lecturer
9081,Jennifer Glass,female,66,business owner
9082,Timothy Lee,male,53,customer service representative
9083,David Haney,male,34,architect
9084,Raymond Townsend,male,24,civil servant
9085,Charles Buchanan,male,48,administrative officer
9086,Daniel Craig,male,56,administrative officer
9087,Robert Love,male,31,journalist
9088,Morgan Klein,female,45,unemployed
9089,Kimberly Silva,female,22,chef
9090,Christine Walls,female,46,data analyst
9091,David Gill,male,39,financial analyst
9092,Lynn Medina,female,58,electrician
9093,Christine Campbell,female,76,retired
9094,Ralph Miller,male,50,construction worker
9095,Katelyn Kelley,female,85,retired
9096,Debra Robinson,female,19,construction worker
9097,Joseph Page,male,53,administrative officer
9098,Paul Mcdaniel,male,74,retired
9099,Travis Duncan,male,53,real estate agent
9100,Alan Rowland,male,32,government employee
9101,Edward Richard,male,49,construction worker
9102,Elizabeth Collier,female,62,travel agent
9103,Jacob Wade,male,51,civil servant
9104,Daniel Oliver,male,41,journalist
9105,Donna Morris,female,35,data analyst
9106,William Morrison,male,33,homemaker
9107,Jack Harris,male,46,travel agent
9108,Casey Braun,male,35,teacher
9109,Rebekah Johnson,female,41,nurse
9110,Louis Lawson,male,36,data scientist
9111,Megan Holmes,female,28,journalist
9112,Christine Steele,female,32,researcher
9113,Kevin Craig,male,39,marketing specialist
9114,Peggy Becker,female,31,mechanic
9115,Bethany Smith,female,42,retail worker
9116,Sherri Doyle,female,44,writer
9117,Margaret Saunders,female,24,government employee
9118,Judith Mooney,female,37,data analyst
9119,Kaitlin Pitts,female,59,farmer
9120,Kenneth Patel,male,55,sales executive
9121,Justin Howard,male,60,consultant
9122,Cathy Thomas,female,28,data analyst
9123,Christopher Garcia,male,58,insurance agent
9124,Olivia Allen,female,49,architect
9125,Elizabeth Armstrong,female,54,sales executive
9126,Crystal DDS,female,53,construction worker
9127,Dylan Harris,male,38,mechanic
9128,Erica Manning,female,70,architect
9129,Jessica Bates,female,35,artist
9130,Andre Hernandez,male,21,artist
9131,Alexis Thomas,female,38,retail worker
9132,John Harris,male,44,accountant
9133,Daniel Paul,male,20,student
9134,Nancy Douglas,female,60,musician
9135,Michelle Serrano,female,53,mechanic
9136,Nicholas Mitchell,male,31,data scientist
9137,Debra Lewis,female,42,entrepreneur
9138,Jessica PhD,female,48,customer service representative
9139,Andrew Smith,male,20,retail worker
9140,Jessica Cortez,female,49,photographer
9141,Christian Collins,male,56,consultant
9142,Jillian Mack,female,25,student
9143,Lori Gonzalez,female,55,administrative officer
9144,Hunter Cox,male,57,architect
9145,Brandon Frey,male,23,software developer
9146,Rachel Jensen,female,56,lawyer
9147,Suzanne Wise,female,39,insurance agent
9148,Jacob Herring,male,40,farmer
9149,Dustin Potter,male,54,shop assistant
9150,Mike Barnes,male,48,marketing specialist
9151,David Snyder,male,58,business owner
9152,Toni Hall,female,23,journalist
9153,Steven Dawson,male,41,real estate agent
9154,Terri Johnson,female,39,architect
9155,Jessica Hull,female,45,sales executive
9156,Corey Daniels,male,46,civil servant
9157,Patrick Ramos,male,74,artist
9158,Thomas Fernandez,male,57,administrative officer
9159,Jeremy Sanchez,male,20,writer
9160,Amanda Weiss,female,22,nurse
9161,Lisa Gordon,female,46,social worker
9162,Kayla Duncan,female,49,data scientist
9163,Megan Ramirez,female,40,researcher
9164,Tiffany Martin,female,59,chef
9165,Edward Golden,male,55,researcher
9166,Joseph Larson,male,58,pharmacist
9167,Brian Wilkins,male,59,mechanic
9168,Jasmine Carson,female,22,travel agent
9169,Amy Boyd,female,24,content creator
9170,Erin Collins,female,36,customer service representative
9171,Jane Smith,female,47,project manager
9172,Rebekah Lewis,female,43,manager
9173,Jessica Stevens,female,53,farmer
9174,Jeffery Lopez,male,40,shop assistant
9175,George Mercer,male,55,pharmacist
9176,Kenneth Becker,male,30,delivery driver
9177,William Arnold,male,24,insurance agent
9178,Kathryn Howe,female,37,civil servant
9179,Justin Fowler,male,30,journalist
9180,Daniel Robinson,male,68,architect
9181,Kimberly Espinoza,female,40,data analyst
9182,April Briggs,female,49,military personnel
9183,Ethan Smith,male,55,data scientist
9184,Christopher Morgan,male,21,unemployed
9185,Shawn Johnson,male,38,retail worker
9186,Elizabeth Gomez,female,64,project manager
9187,Victor Davis,male,55,shop assistant
9188,Amy Adkins,female,39,police officer
9189,Laura Lopez,female,56,entrepreneur
9190,Rachel Brooks,female,64,accountant
9191,Gabriella Johnston,female,37,writer
9192,Patrick Watkins,male,38,unemployed
9193,Jeffrey Keller,male,41,construction worker
9194,Aimee Smith,female,40,administrative officer
9195,Theresa Harper,female,59,electrician
9196,Carla Houston,female,33,electrician
9197,Kristin Baldwin,female,33,real estate agent
9198,Taylor Diaz,female,31,data analyst
9199,Brittany Garza,female,41,civil servant
9200,Brenda Farmer,female,52,lecturer
9201,Heather Nixon,female,47,freelancer
9202,Shelby Heath,female,39,consultant
9203,Jon Boyd,male,28,banker
9204,Brittany Cole,female,62,farmer
9205,Jasmine Rodriguez,female,25,data scientist
9206,Steven Jarvis,male,31,military personnel
9207,Matthew Rangel,male,51,police officer
9208,Kevin DVM,male,23,sales executive
9209,Kimberly Nolan,female,23,financial analyst
9210,Carlos Barnett,male,42,teacher
9211,Crystal Frazier,female,68,business owner
9212,Heather Golden,female,61,civil servant
9213,Jon Le,male,42,construction worker
9214,Jeffrey Hernandez,male,46,data analyst
9215,Duane Bates,male,31,photographer
9216,Kristen Watts,female,35,human resources officer
9217,Zachary Ochoa,male,50,data scientist
9218,Sierra Padilla,female,23,software developer
9219,Laura Sullivan,female,36,teacher
9220,Brandon Thomas,male,34,photographer
9221,Claudia Henderson,female,63,real estate agent
9222,Jennifer Hill,female,49,doctor
9223,Melissa Hawkins,female,55,real estate agent
9224,Dawn Hogan,female,49,government employee
9225,Amanda Weaver,female,44,freelancer
9226,Lisa Meadows,female,51,human resources officer
9227,Robert Arnold,male,36,content creator
9228,Jessica Nguyen,female,57,nurse
9229,Sheri Johnson,female,58,unemployed
9230,Kevin Cain,male,47,human resources officer
9231,Sandra Buck,female,45,consultant
9232,Samantha Schwartz,female,60,pharmacist
9233,Gina Reynolds,female,65,travel agent
9234,Michael Little,male,39,warehouse worker
9235,Gregory Valdez,male,59,administrative officer
9236,Brenda Mcgrath,female,23,photographer
9237,Briana Montgomery,female,32,financial analyst
9238,Lisa Gibson,female,37,entrepreneur
9239,Matthew Velez,male,18,farmer
9240,Ryan Craig,male,24,photographer
9241,Donna Sullivan,female,50,journalist
9242,Bradley Burke,male,50,military personnel
9243,Amanda Myers,female,48,technician
9244,Dustin Taylor,male,61,business owner
9245,James IV,male,45,retail worker
9246,Steve Flores,male,27,software developer
9247,Chad Casey,male,48,project manager
9248,Beverly Roman,female,29,customer service representative
9249,Bradley Blake,male,52,project manager
9250,Patricia Fernandez,female,22,writer
9251,Randy Parker,male,30,teacher
9252,Devin Pugh,male,56,data scientist
9253,Kristopher Welch,male,35,warehouse worker
9254,Jennifer Santos,female,27,travel agent
9255,Jaclyn Moore,female,46,human resources officer
9256,John Sutton,male,42,customer service representative
9257,Amy Cox,female,47,insurance agent
9258,Tiffany Clark,female,75,homemaker
9259,Charles Hernandez,male,24,construction worker
9260,Jeanette Johnson,female,57,government employee
9261,Natasha Mills,female,49,retail worker
9262,Kyle Johns,male,49,nurse
9263,Ashley Sosa,female,25,freelancer
9264,Raymond Smith,male,52,graphic designer
9265,Monique Perez,female,24,government employee
9266,Anita Ball,female,55,chef
9267,Jacqueline Gutierrez,female,63,doctor
9268,Tonya Hanson,female,48,insurance agent
9269,Bridget Humphrey,female,53,social worker
9270,David Manning,male,24,nurse
9271,Rebecca Ramirez,female,55,construction worker
9272,Stephanie Howe,female,50,shop assistant
9273,Christina Cameron,female,54,entrepreneur
9274,Ruben Vargas,male,37,real estate agent
9275,Michael Torres,male,31,consultant
9276,Brent Wilson,male,59,lecturer
9277,Charles Davis,male,50,nurse
9278,Todd Glenn,male,34,civil servant
9279,Jose Shaw,male,35,entrepreneur
9280,Toni Brock,female,31,content creator
9281,Chris Collins,male,57,social worker
9282,Joel Barton,male,44,sales executive
9283,Jonathan Hayes,male,56,architect
9284,Terry Reed,female,47,social worker
9285,Cindy Park,female,43,financial analyst
9286,Wendy Holloway,female,26,sales executive
9287,Emily Adkins,female,68,business owner
9288,Frank Murphy,male,38,pharmacist
9289,Julie Fox,female,44,human resources officer
9290,Chelsea Johnson,female,40,chef
9291,David Rogers,male,77,retired
9292,Noah Lopez,male,56,human resources officer
9293,Victoria Alexander,female,40,banker
9294,James Gray,male,27,retail worker
9295,Carl Payne,male,51,software developer
9296,Erica Horton,female,28,teacher
9297,Angela Ortega,female,25,sales executive
9298,John Clark,male,49,farmer
9299,Samantha Love,female,26,data scientist
9300,Heather Lopez,female,70,musician
9301,Michelle Shepard,female,22,military personnel
9302,Troy Robinson,male,47,government employee
9303,Bryan Trujillo,male,54,nurse
9304,Sean Reyes,male,61,doctor
9305,Michael Collins,male,29,entrepreneur
9306,Daniel Larson,male,50,data scientist
9307,Karen Cochran,female,33,financial analyst
9308,Jack Perez,male,20,construction worker
9309,Destiny Carpenter,female,57,electrician
9310,Lisa Wilkinson,female,46,software developer
9311,Anna Brady,female,39,researcher
9312,Rebecca Turner,female,36,teacher
9313,Kyle Crawford,male,34,freelancer
9314,Kimberly Kelly,female,51,project manager
9315,Jason Jones,male,63,business owner
9316,Jonathon Massey,male,31,sales executive
9317,Jamie Gould,male,47,social worker
9318,Carlos MD,male,61,entrepreneur
9319,David Bryant,male,65,insurance agent
9320,Daniel DVM,male,58,construction worker
9321,Amanda Gillespie,female,38,writer
9322,Christopher Lopez,male,43,unemployed
9323,Erica Hawkins,female,40,project manager
9324,Jessica Roberts,female,31,researcher
9325,Autumn Collins,female,39,shop assistant
9326,Oscar Leach,male,45,writer
9327,James Ford,male,29,lawyer
9328,Miranda Crawford,female,44,social worker
9329,Albert Powell,male,56,architect
9330,Zachary Farmer,male,44,delivery driver
9331,April Rasmussen,female,48,accountant
9332,Maria Martinez,female,43,chef
9333,Timothy Trevino,male,24,student
9334,Sharon Medina,female,30,marketing specialist
9335,Richard Farmer,male,44,nurse
9336,Deborah Tyler,female,63,manager
9337,Craig Smith,male,40,manager
9338,Richard Schneider,male,33,social worker
9339,Carol DVM,female,33,delivery driver
9340,Tracy Johnson,female,48,graphic designer
9341,Harold Hall,male,33,government employee
9342,Dawn Sloan,female,53,financial analyst
9343,Gerald Shepherd,male,74,retired
9344,Sherry Hart,female,26,student
9345,Joseph Parker,male,55,journalist
9346,Jessica Garcia,female,59,professor
9347,Allen Price,male,53,graphic designer
9348,Kristin Davis,female,26,software developer
9349,Albert Hansen,male,47,travel agent
9350,Darius Bennett,male,40,professor
9351,Kendra Miller,female,65,farmer
9352,Gina Bailey,female,43,manager
9353,William Tran,male,58,journalist
9354,Jaime Frederick,male,33,mechanic
9355,Lisa Porter,female,51,customer service representative
9356,Thomas Clark,male,41,content creator
9357,Corey Norris,male,55,shop assistant
9358,Jonathan Burns,male,55,lecturer
9359,Joseph Alvarez,male,57,pharmacist
9360,Christine Kramer,female,68,retired
9361,Daniel Rowe,male,47,architect
9362,Daniel Cervantes,male,53,nurse
9363,Tyler Pearson,male,41,project manager
9364,Cassidy Buchanan,female,54,military personnel
9365,Corey Franklin,male,52,retail worker
9366,Roberta Atkinson,female,45,architect
9367,Danny Rodriguez,male,39,delivery driver
9368,Walter Parker,male,22,data analyst
9369,Christina Bonilla,female,51,civil servant
9370,Brooke Jones,female,25,graphic designer
9371,Larry PhD,male,32,consultant
9372,Jennifer Mcbride,female,47,doctor
9373,Robert Morrow,male,28,sales executive
9374,William Hopkins,male,26,accountant
9375,Brandon Zavala,male,38,data scientist
9376,Joseph Weeks,male,45,content creator
9377,Louis Armstrong,male,37,data scientist
9378,Cheryl White,female,37,researcher
9379,James Knight,male,34,graphic designer
9380,Steven DDS,male,23,freelancer
9381,Mary Mullins,female,39,project manager
9382,Thomas Wallace,male,56,human resources officer
9383,Patricia Burns,female,62,lecturer
9384,Ashley Rogers,female,21,retail worker
9385,Anne Hanna,female,29,student
9386,Daniel Stokes,male,33,farmer
9387,Gina Romero,female,37,electrician
9388,Sean Parks,male,58,photographer
9389,Amy Reilly,female,50,data analyst
9390,Megan Wells,female,25,nurse
9391,Jonathan Downs,male,39,shop assistant
9392,Ronald Knapp,male,58,artist
9393,Ronald Rush,male,31,teacher
9394,Willie Jenkins,male,34,customer service representative
9395,Kathleen Jackson,female,52,customer service representative
9396,John Franco,male,64,chef
9397,Stephen Hubbard,male,64,consultant
9398,Jennifer Wiggins,female,52,professor
9399,Frances Wallace,female,36,freelancer
9400,Janice Green,female,37,manager
9401,Derek Ramos,male,22,police officer
9402,Heather Fuller,female,24,software developer
9403,Donald Ramos,male,41,teacher
9404,Dawn Hampton,female,44,nurse
9405,Jon Burke,male,45,teacher
9406,Molly Shelton,female,62,lawyer
9407,Lisa Edwards,female,62,lecturer
9408,Loretta Cook,female,60,freelancer
9409,Jessica Briggs,female,38,retail worker
9410,James Patel,male,32,retail worker
9411,Kimberly Buckley,female,49,teacher
9412,Cody Lawson,male,41,professor
9413,Kyle Turner,male,63,entrepreneur
9414,Amanda Ellison,female,45,police officer
9415,Allen Walker,male,55,consultant
9416,Tracy Hutchinson,female,29,customer service representative
9417,April Hobbs,female,27,administrative officer
9418,Rita Mccarthy,female,60,doctor
9419,Ernest Williams,male,32,human resources officer
9420,Brenda Ward,female,25,government employee
9421,Joseph Welch,male,36,real estate agent
9422,Christina Carter,female,69,business owner
9423,Douglas Simmons,male,30,lecturer
9424,Yolanda Finley,female,69,consultant
9425,Scott Taylor,male,23,accountant
9426,Samantha Hudson,female,40,retail worker
9427,Ashley Wheeler,female,36,police officer
9428,Michelle Chang,female,61,manager
9429,Robyn Brown,female,45,travel agent
9430,Christopher Burns,male,77,retired
9431,Regina Rodriguez,female,18,musician
9432,Garrett Myers,male,23,military personnel
9433,Dennis MD,male,35,government employee
9434,Christina Gonzalez,female,29,doctor
9435,Ruben Simmons,male,56,consultant
9436,Daniel Morris,male,33,lecturer
9437,Jacqueline Mccarthy,female,18,student
9438,Kevin Wyatt,male,41,sales executive
9439,Robert Cooper,male,33,human resources officer
9440,Margaret White,female,34,homemaker
9441,Paige Johnson,female,60,pharmacist
9442,Kelsey Cook,female,55,lecturer
9443,Antonio Miller,male,63,journalist
9444,Melissa Frazier,female,41,travel agent
9445,Caitlin White,female,21,retail worker
9446,Brian Lopez,male,44,project manager
9447,Jack Newman,male,45,project manager
9448,Elizabeth Chambers,female,55,human resources officer
9449,Vincent Blankenship,male,27,photographer
9450,Jennifer Mason,female,32,journalist
9451,Sydney Wagner,female,45,military personnel
9452,Katherine MD,female,36,teacher
9453,Jared Davidson,male,48,project manager
9454,Alvin Simmons,male,60,lecturer
9455,Andrew Gibson,male,60,civil servant
9456,Nicholas Hunt,male,47,entrepreneur
9457,Alexandra King,female,29,pharmacist
9458,Gregory Lewis,male,29,data scientist
9459,Erin Mitchell,female,54,technician
9460,Shawna Rich,female,59,delivery driver
9461,Karen Palmer,female,53,musician
9462,Chelsea Camacho,female,40,travel agent
9463,Sabrina Sanchez,female,21,software developer
9464,Jean Andersen,female,22,photographer
9465,Tiffany Patterson,female,45,marketing specialist
9466,Erika Weber,female,35,manager
9467,Tiffany Mcknight,female,58,police officer
9468,Juan Hopkins,male,43,engineer
9469,Whitney Matthews,female,66,doctor
9470,Whitney Bonilla,female,25,shop assistant
9471,Lori Watson,female,64,lecturer
9472,Michelle Peterson,female,38,delivery driver
9473,Mario Brown,male,60,mechanic
9474,Caitlin Whitaker,female,55,government employee
9475,Steven Lawson,male,24,social worker
9476,Marcus James,male,26,nurse
9477,Tyler Carson,male,54,doctor
9478,David Atkinson,male,37,writer
9479,Dennis Smith,male,61,retired
9480,Jessica Day,female,48,entrepreneur
9481,Heather Trujillo,female,19,shop assistant
9482,Regina Fleming,female,51,marketing specialist
9483,William Nguyen,male,22,software developer
9484,Bethany Miller,female,53,project manager
9485,Charles Williams,male,58,mechanic
9486,Taylor DVM,female,64,chef
9487,Shannon Casey,male,50,delivery driver
9488,David Ponce,male,54,travel agent
9489,Gregory Schmidt,male,36,mechanic
9490,Claudia Black,female,34,business owner
9491,Samantha Greene,female,34,researcher
9492,Kevin Fox,male,39,shop assistant
9493,Denise Moran,female,43,nurse
9494,Erin Fox,female,30,government employee
9495,Scott Nichols,male,45,photographer
9496,Scott Lopez,male,26,electrician
9497,Brenda Frederick,female,40,lecturer
9498,Kevin Parrish,male,19,unemployed
9499,Greg Pitts,male,40,lecturer
9500,John Barnes,male,49,sales executive
9501,Gina Williams,female,50,data analyst
9502,Kayla Andrews,female,85,retired
9503,Samuel Oliver,male,26,student
9504,Deborah Shaw,female,30,lecturer
9505,Michael Morgan,male,23,student
9506,Philip Hunt,male,25,photographer
9507,Nancy Dyer,female,21,writer
9508,Omar Dixon,male,36,unemployed
9509,David Russell,male,20,student
9510,Cynthia Cook,female,55,real estate agent
9511,Samuel Larson,male,35,manager
9512,Rachel Guzman,female,40,business owner
9513,Timothy Richardson,male,42,police officer
9514,Kayla Trevino,female,23,banker
9515,Michael Beck,male,61,writer
9516,Patty Evans,female,30,researcher
9517,Jesse Crawford,male,29,lawyer
9518,Jacob Russo,male,62,lecturer
9519,Sherry Wilson,female,45,financial analyst
9520,Jillian York,female,48,government employee
9521,Robert Wright,male,43,graphic designer
9522,Luis Smith,male,68,business owner
9523,Dominique Rivera,female,69,farmer
9524,Victoria Kelley,female,41,electrician
9525,Melissa Perry,female,26,human resources officer
9526,Tammy Bruce,female,44,homemaker
9527,Jessica Gonzalez,female,32,lawyer
9528,Richard Hopkins,male,18,construction worker
9529,Christian Cox,male,49,researcher
9530,Stephanie Conrad,female,28,project manager
9531,Alex Turner,male,18,student
9532,Susan Odom,female,60,writer
9533,Michael Sanders,male,53,real estate agent
9534,Amy Campbell,female,41,software developer
9535,Ashley Burton,female,65,social worker
9536,Jon Hickman,male,39,doctor
9537,Kristi Tyler,female,25,customer service representative
9538,Lisa Rogers,female,69,musician
9539,Thomas Solis,male,21,homemaker
9540,Jessica Grant,female,58,delivery driver
9541,Jacqueline Cordova,female,44,financial analyst
9542,Michael Valencia,male,28,customer service representative
9543,Katrina Castro,female,26,journalist
9544,Heather Smith,female,58,business owner
9545,Anthony Harris,male,33,sales executive
9546,Jacqueline Rivera,female,54,government employee
9547,Lauren Aguilar,female,47,marketing specialist
9548,Kristi Eaton,female,29,engineer
9549,Lisa Sheppard,female,36,professor
9550,Tyler Ware,male,55,photographer
9551,Jacob Tyler,male,32,marketing specialist
9552,Kyle Davis,male,50,business owner
9553,Anthony Carr,male,34,homemaker
9554,Megan Young,female,32,marketing specialist
9555,Kenneth Sanchez,male,58,manager
9556,Cathy Smith,female,24,pharmacist
9557,Cynthia Castro,female,50,administrative officer
9558,Carolyn Pena,female,62,professor
9559,Justin Mendez,male,36,real estate agent
9560,Diane Crosby,female,60,photographer
9561,Nicole Gutierrez,female,65,travel agent
9562,Jared Adkins,male,25,writer
9563,Crystal Hunt,female,21,military personnel
9564,Edward Newton,male,42,business owner
9565,Dorothy Ramirez,female,47,content creator
9566,Jason Hill,male,43,lawyer
9567,Julie Hansen,female,33,lecturer
9568,Phillip Gill,male,44,nurse
9569,Jessica Allen,female,43,police officer
9570,Matthew Holmes,male,23,technician
9571,Krista Wallace,female,30,travel agent
9572,Dominic Knight,male,51,homemaker
9573,Joseph Alvarado,male,32,engineer
9574,Tiffany Cruz,female,59,researcher
9575,William Carroll,male,50,engineer
9576,David Patrick,male,44,military personnel
9577,Jeffrey Collins,male,35,government employee
9578,Lisa Smith,female,44,writer
9579,Jamie Bauer,female,46,technician
9580,Sarah Mcmillan,female,44,nurse
9581,Derrick Friedman,male,57,freelancer
9582,Jason Ferrell,male,27,artist
9583,Tyler Martinez,male,79,retired
9584,Christopher DDS,male,47,photographer
9585,Mary Santos,female,42,sales executive
9586,Deborah Castro,female,51,software developer
9587,Katelyn Grant,female,38,artist
9588,Vicki Lowe,female,57,banker
9589,Kayla Vasquez,female,41,shop assistant
9590,Sophia Meyer,female,52,entrepreneur
9591,Erin Silva,female,44,civil servant
9592,Thomas Nguyen,male,50,administrative officer
9593,Matthew Pearson,male,50,social worker
9594,Rachel Watson,female,34,architect
9595,Jonathan Hoffman,male,40,marketing specialist
9596,Stacie Rogers,female,44,consultant
9597,Carlos Foster,male,28,social worker
9598,Matthew Green,male,34,lawyer
9599,Lindsay Lewis,female,43,military personnel
9600,Courtney Owens,female,30,chef
9601,Brian Hayden,male,54,lecturer
9602,Sonya Marsh,female,54,software developer
9603,Amy Hernandez,female,59,homemaker
9604,Jordan MD,male,39,photographer
9605,Jackie Williams,female,53,graphic designer
9606,Tony Smith,male,56,technician
9607,Jacqueline Garcia,female,64,consultant
9608,Shawn Kelley,male,40,administrative officer
9609,Anita Baker,female,39,administrative officer
9610,Cody Lopez,male,59,architect
9611,Sean Alvarez,male,51,lecturer
9612,Michael Holt,male,48,pharmacist
9613,Douglas Clark,male,35,civil servant
9614,April Williams,female,29,mechanic
9615,Andrew Cox,male,42,retail worker
9616,Angela Adams,female,32,human resources officer
9617,Sara Osborne,female,45,customer service representative
9618,Lauren Wang,female,53,professor
9619,Linda Cook,female,46,artist
9620,Alicia White,female,50,pharmacist
9621,Jessica Bernard,female,44,mechanic
9622,Daniel Berger,male,57,data scientist
9623,Cheryl Collins,female,33,architect
9624,Lori Mendoza,female,85,retired
9625,Angela Larson,female,22,mechanic
9626,Laurie Roberts,female,28,warehouse worker
9627,Christina Stevens,female,18,construction worker
9628,Jeremy Levy,male,50,teacher
9629,Douglas Marsh,male,53,journalist
9630,Jeffery Bell,male,35,consultant
9631,Casey Harris,female,49,real estate agent
9632,Jason Kelly,male,29,architect
9633,Jennifer Thomas,female,23,delivery driver
9634,Mark Kennedy,male,72,farmer
9635,Jesse Edwards,male,31,sales executive
9636,Stacy Kelly,female,56,construction worker
9637,Sarah Jennings,female,34,data analyst
9638,Katherine Simmons,female,42,human resources officer
9639,Julia Jones,female,41,lawyer
9640,Christopher Wolfe,male,47,delivery driver
9641,Janet Kane,female,41,teacher
9642,Robert Bonilla,male,46,researcher
9643,Rebecca Andrews,female,30,police officer
9644,Melissa Hall,female,51,doctor
9645,Jacqueline Moreno,female,45,photographer
9646,Michael Donaldson,male,49,shop assistant
9647,Jason Kennedy,male,43,entrepreneur
9648,Jessica Phillips,female,39,architect
9649,Brian Rice,male,27,writer
9650,Devon Foster,male,59,unemployed
9651,Nicole Mueller,female,61,civil servant
9652,Melinda Stevenson,female,47,banker
9653,Brenda Johnson,female,52,police officer
9654,Raymond Bullock,male,30,engineer
9655,Elizabeth Gordon,female,42,writer
9656,Annette Lawson,female,49,shop assistant
9657,Ethan Erickson,male,39,musician
9658,Eric Owens,male,59,freelancer
9659,Aaron Weiss,male,60,artist
9660,Barbara Wise,female,60,electrician
9661,Joanne Cole,female,34,project manager
9662,Charles Hartman,male,61,freelancer
9663,Vincent Adams,male,50,shop assistant
9664,Marcus Arnold,male,19,delivery driver
9665,Robert Huffman,male,46,chef
9666,Mark Cunningham,male,37,sales executive
9667,Jerry Pittman,male,32,civil servant
9668,Jeremy Johnson,male,44,professor
9669,Katherine Stevenson,female,24,graphic designer
9670,David Gallagher,male,26,financial analyst
9671,Anthony Reed,male,24,real estate agent
9672,Samantha Miller,female,32,doctor
9673,Patricia Lopez,female,47,researcher
9674,Angel Chapman,female,32,engineer
9675,Robert Sharp,male,48,customer service representative
9676,Gregory Love,male,39,police officer
9677,Tanya Berg,female,40,researcher
9678,Veronica Cook,female,31,accountant
9679,Ryan Mcdonald,male,27,administrative officer
9680,Sarah Mooney,female,40,sales executive
9681,Aaron Green,male,54,engineer
9682,Alexandria Medina,female,46,government employee
9683,Jeffery Delgado,male,36,administrative officer
9684,Joanna Carpenter,female,25,student
9685,Jason Wolf,male,34,human resources officer
9686,Ronald DDS,male,75,retired
9687,Austin Hoffman,male,34,musician
9688,Sharon Stevenson,female,34,nurse
9689,Larry Crosby,male,57,civil servant
9690,Sara Matthews,female,52,architect
9691,Diana Armstrong,female,41,consultant
9692,Andrea Mcdonald,female,53,delivery driver
9693,Craig Taylor,male,34,architect
9694,Melvin Rose,male,33,technician
9695,Ryan Barnett,male,31,military personnel
9696,Julia Morrow,female,45,police officer
9697,Julie Wolfe,female,43,construction worker
9698,Shirley Garcia,female,30,teacher
9699,Jessica Douglas,female,31,technician
9700,Terry Torres,male,39,construction worker
9701,Katherine Harris,female,25,data analyst
9702,Kristopher Myers,male,21,content creator
9703,Melissa Mooney,female,23,freelancer
9704,Chase Gomez,male,40,doctor
9705,Sarah Maddox,female,33,content creator
9706,Cynthia Pennington,female,66,artist
9707,Taylor Bates,female,37,project manager
9708,Monica Patton,female,57,retail worker
9709,Guy Williams,male,47,government employee
9710,Jeff Burgess,male,49,data scientist
9711,Nathan Perry,male,30,lawyer
9712,Jack Martinez,male,24,data analyst
9713,Ashley Acosta,female,29,lawyer
9714,Joann Baird,female,59,travel agent
9715,Lawrence Brooks,male,48,consultant
9716,Timothy DVM,male,21,student
9717,Elizabeth Herrera,female,25,student
9718,Larry Garza,male,19,student
9719,Cassandra Thomas,female,66,musician
9720,Bobby Gonzalez,male,55,customer service representative
9721,Stephanie Simmons,female,36,marketing specialist
9722,Brittany Pacheco,female,51,architect
9723,Ann Fisher,female,61,manager
9724,Collin Wood,male,47,government employee
9725,Christy Jones,female,49,real estate agent
9726,Karen Robinson,female,55,unemployed
9727,Nathaniel Woods,male,21,technician
9728,Erin Rivera,female,28,civil servant
9729,Carolyn Taylor,female,46,freelancer
9730,Patricia Blanchard,female,46,project manager
9731,Jamie Bond,male,24,travel agent
9732,Dylan Richardson,male,27,mechanic
9733,Laura Martin,female,59,entrepreneur
9734,Lauren Miller,female,64,project manager
9735,Jorge Rogers,male,32,entrepreneur
9736,Ricky Bradley,male,37,marketing specialist
9737,Michelle Anthony,female,51,journalist
9738,Norma Wong,female,40,project manager
9739,Traci Schwartz,female,33,financial analyst
9740,Karen Kirk,female,25,banker
9741,Elizabeth Jones,female,32,lecturer
9742,Eric Turner,male,34,manager
9743,Gregory Shaw,male,41,electrician
9744,Andrea Rivera,female,36,real estate agent
9745,Malik Robertson,male,82,retired
9746,Chelsea Vargas,female,50,chef
9747,Jerry Gomez,male,40,construction worker
9748,Sonia Scott,female,30,retail worker
9749,Ashlee Herrera,female,56,civil servant
9750,Richard Bray,male,60,lawyer
9751,Kimberly Nguyen,female,74,retired
9752,Olivia Perez,female,58,teacher
9753,Amy Love,female,39,technician
9754,Charles Tucker,male,55,delivery driver
9755,Kara Dean,female,42,civil servant
9756,Aaron Rosales,male,58,professor
9757,Jonathan Wiley,male,53,police officer
9758,Logan Hurley,male,34,software developer
9759,Daniel Moore,male,46,delivery driver
9760,Mark Sanchez,male,36,writer
9761,Troy Clark,male,27,shop assistant
9762,Jonathan Walters,male,53,human resources officer
9763,Erika Porter,female,64,unemployed
9764,Elijah Wood,male,45,shop assistant
9765,Brandon Levine,male,53,customer service representative
9766,Ryan Koch,male,54,musician
9767,Chelsea Collier,female,43,military personnel
9768,Erica Butler,female,38,teacher
9769,Thomas Ali,male,31,homemaker
9770,Glenn King,male,48,marketing specialist
9771,Michelle Jackson,female,32,nurse
9772,Angela Wallace,female,32,doctor
9773,Daryl Cruz,male,48,project manager
9774,Tamara Solis,female,43,software developer
9775,Sandra Green,female,65,retired
9776,Michelle Williams,female,47,business owner
9777,Raven House,female,58,professor
9778,Raymond Rodriguez,male,45,graphic designer
9779,Casey Green,male,36,doctor
9780,Bradley Thompson,male,32,business owner
9781,Christopher Schultz,male,33,data analyst
9782,Jennifer Reyes,female,49,data analyst
9783,Angelica Dennis,female,36,sales executive
9784,Jessica Ward,female,18,student
9785,Charles Peterson,male,53,data analyst
9786,Michael Suarez,male,39,accountant
9787,Jessica Salazar,female,65,social worker
9788,Nicholas Dunn,male,28,teacher
9789,Scott Day,male,47,photographer
9790,Diane Hudson,female,43,graphic designer
9791,Debra Rodriguez,female,71,artist
9792,Adam Miller,male,45,business owner
9793,Tonya Steele,female,33,electrician
9794,Sarah Gutierrez,female,37,researcher
9795,Susan Poole,female,27,data scientist
9796,Andre Cole,male,27,unemployed
9797,Brittany Harvey,female,61,lawyer
9798,Elizabeth Parker,female,47,electrician
9799,Kathy Horne,female,62,musician
9800,Helen Phillips,female,18,customer service representative
9801,Kimberly Ford,female,28,travel agent
9802,Kyle Wright,male,69,retired
9803,Stephen Murphy,male,25,delivery driver
9804,Brian Butler,male,32,photographer
9805,Melissa Ray,female,64,entrepreneur
9806,Cheryl MD,female,42,customer service representative
9807,Steven Garcia,male,46,doctor
9808,Emily Taylor,female,54,researcher
9809,Jennifer Rich,female,42,technician
9810,Stacy Young,female,26,accountant
9811,David Espinoza,male,29,student
9812,Beth Keith,female,22,artist
9813,Thomas Foster,male,42,professor
9814,Karen Miller,female,50,musician
9815,Phyllis Smith,female,33,government employee
9816,Danielle Conley,female,63,photographer
9817,Dawn Allen,female,27,student
9818,Robert Li,male,34,data scientist
9819,Alyssa Mejia,female,36,software developer
9820,Nicholas Pearson,male,30,technician
9821,Matthew Lawrence,male,29,data scientist
9822,Margaret Browning,female,27,architect
9823,James Harrison,male,46,content creator
9824,Kimberly Walter,female,25,teacher
9825,Matthew White,male,26,student
9826,Michael Khan,male,22,shop assistant
9827,Angel Watts,female,57,freelancer
9828,Nicole Espinoza,female,21,writer
9829,Sylvia Campbell,female,44,consultant
9830,William Cooper,male,22,mechanic
9831,Hannah Mcclure,female,29,engineer
9832,Rita Zhang,female,47,sales executive
9833,Daniel Thompson,male,48,data analyst
9834,Misty DDS,female,56,technician
9835,Francis Lopez,male,50,warehouse worker
9836,Ashley Arnold,female,39,consultant
9837,Kayla Lee,female,24,data scientist
9838,Cheryl Lambert,female,43,software developer
9839,Sandra Dunn,female,45,lawyer
9840,Alex Wilkerson,male,51,homemaker
9841,Heather Sloan,female,53,unemployed
9842,Kent Jones,male,36,engineer
9843,Jessica Lane,female,22,photographer
9844,Michael Cortez,male,23,student
9845,Robert Lucero,male,30,construction worker
9846,John MD,male,44,shop assistant
9847,Lisa Sparks,female,53,lecturer
9848,Rachael Bryant,female,31,lecturer
9849,David Michael,male,61,architect
9850,Susan Howard,female,35,data scientist
9851,Samantha Tran,female,38,data scientist
9852,Donald Jackson,male,46,shop assistant
9853,Kevin Rogers,male,53,manager
9854,Sarah Lopez,female,43,manager
9855,Garrett Jones,male,41,architect
9856,Kevin Clark,male,46,writer
9857,Brian Adkins,male,28,banker
9858,Ariana Carlson,female,18,student
9859,Grant Chambers,male,61,manager
9860,Larry Bender,male,27,teacher
9861,Sonya Whitehead,female,25,homemaker
9862,Debbie Barnes,female,35,delivery driver
9863,Ryan Buchanan,male,65,accountant
9864,Tyler Williams,male,59,travel agent
9865,Stephen Mckenzie,male,50,electrician
9866,Madeline Gardner,female,25,journalist
9867,Bobby Brown,male,58,warehouse worker
9868,Joseph Howell,male,25,student
9869,Nicole Gomez,female,45,administrative officer
9870,Michael Harmon,male,19,customer service representative
9871,Erica Taylor,female,20,shop assistant
9872,Andrea Martin,female,26,mechanic
9873,Travis Henderson,male,61,writer
9874,Kathleen Montoya,female,64,manager
9875,Eric Skinner,male,29,unemployed
9876,Joseph Powell,male,29,construction worker
9877,Jeffrey Wang,male,54,travel agent
9878,Alyssa Cervantes,female,33,researcher
9879,Jordan Smith,male,54,pharmacist
9880,Elizabeth Crane,female,62,architect
9881,Megan Hardin,female,55,insurance agent
9882,Jonathan Torres,male,57,retail worker
9883,Joseph Compton,male,54,project manager
9884,Mark Ruiz,male,37,lecturer
9885,Rebecca Lee,female,48,customer service representative
9886,Douglas Obrien,male,21,military personnel
9887,Suzanne Smith,female,23,data analyst
9888,Matthew Scott,male,45,nurse
9889,Heather Harrell,female,56,warehouse worker
9890,Edward Foster,male,28,marketing specialist
9891,Lori Rodriguez,female,44,lecturer
9892,George Cook,male,65,writer
9893,Peter Murillo,male,44,travel agent
9894,Bethany Hall,female,64,entrepreneur
9895,Jenny Valencia,female,55,lecturer
9896,Bianca Miller,female,64,doctor
9897,Richard Page,male,54,writer
9898,Kyle Blake,male,20,delivery driver
9899,Kristen Espinoza,female,26,data analyst
9900,Rodney Henry,male,29,administrative officer
9901,Jeffrey Watson,male,47,graphic designer
9902,Kathryn Marshall,female,59,musician
9903,Richard Obrien,male,44,mechanic
9904,Tricia Walker,female,46,real estate agent
9905,Madison Martin,female,37,human resources officer
9906,Laurie Flores,female,58,social worker
9907,Jason Hicks,male,48,social worker
9908,Maria Tyler,female,30,photographer
9909,Michael Jimenez,male,49,financial analyst
9910,Richard Luna,male,30,social worker
9911,Mark Pope,male,45,banker
9912,Kari Flores,female,29,content creator
9913,Cheryl Carroll,female,31,chef
9914,Nathan Johnson,male,61,government employee
9915,Eugene Johnson,male,51,marketing specialist
9916,Kellie Abbott,female,29,insurance agent
9917,Adam Rowland,male,42,financial analyst
9918,Victor Jones,male,34,consultant
9919,Judy Douglas,female,51,farmer
9920,Melissa Reed,female,38,financial analyst
9921,Hannah Rogers,female,35,police officer
9922,Francisco Campbell,male,59,delivery driver
9923,Amanda Blake,female,60,pharmacist
9924,Michael Byrd,male,40,freelancer
9925,Melissa Gordon,female,42,doctor
9926,William Matthews,male,41,chef
9927,Maria Merritt,female,55,manager
9928,William Rodriguez,male,49,software developer
9929,Natalie Gibson,female,34,insurance agent
9930,Maxwell Frost,male,51,government employee
9931,Andrea Martinez,female,45,teacher
9932,James Watts,male,52,data scientist
9933,John Schwartz,male,33,marketing specialist
9934,Douglas Bender,male,42,teacher
9935,Melissa Collins,female,47,professor
9936,Karen Boyd,female,44,human resources officer
9937,Denise Choi,female,46,civil servant
9938,Eduardo Colon,male,56,business owner
9939,Deanna Dunn,female,51,administrative officer
9940,Joel Osborne,male,37,military personnel
9941,Christopher Ford,male,36,marketing specialist
9942,Dustin Carter,male,53,banker
9943,Alyssa Sanchez,female,60,researcher
9944,Jamie Henderson,female,53,government employee
9945,Wendy Golden,female,63,insurance agent
9946,David Shepherd,male,50,administrative officer
9947,Nicole Fowler,female,38,financial analyst
9948,Robert Perez,male,25,student
9949,Timothy Berry,male,49,data scientist
9950,Jeffery Levine,male,41,software developer
9951,Michael Ochoa,male,26,human resources officer
9952,Richard Martin,male,22,mechanic
9953,Bobby Montoya,male,45,content creator
9954,David Allen,male,24,data analyst
9955,Devin Daniel,male,28,project manager
9956,Stacy Shaffer,female,26,shop assistant
9957,Allen Hess,male,39,warehouse worker
9958,Christine Taylor,female,35,social worker
9959,Marie Moore,female,67,retired
9960,Roberto Scott,male,63,retired
9961,Brian Huff,male,52,data analyst
9962,Brian Mclaughlin,male,46,freelancer
9963,Christina Bowers,female,33,nurse
9964,Betty Jones,female,38,manager
9965,Deborah Lucas,female,53,human resources officer
9966,Tanya Valdez,female,21,student
9967,Paul Diaz,male,22,delivery driver
9968,Deborah Taylor,female,55,unemployed
9969,Bryan Wall,male,37,freelancer
9970,Melissa Barnett,female,65,project manager
9971,Michelle Collins,female,40,shop assistant
9972,Jason Miles,male,64,lecturer
9973,Samuel Rivera,male,54,unemployed
9974,Phillip Barajas,male,23,electrician
9975,Valerie Morales,female,53,lecturer
9976,Debra Salazar,female,37,accountant
9977,Mary Ponce,female,32,mechanic
9978,Corey Lee,male,25,insurance agent
9979,Kevin Petersen,male,19,unemployed
9980,Mark Liu,male,41,data analyst
9981,Kelly Rogers,female,56,consultant
9982,Jon Williams,male,22,student
9983,Stephanie Nicholson,female,50,pharmacist
9984,Isaac Kramer,male,29,customer service representative
9985,Thomas Howard,male,37,professor
9986,Meredith Vasquez,female,20,graphic designer
9987,Dustin Browning,male,30,homemaker
9988,Dennis Matthews,male,41,artist
9989,Jeffery Roman,male,40,warehouse worker
9990,Adam Carroll,male,24,teacher
9991,Tammy Price,female,57,police officer
9992,Beth Harmon,female,26,student
9993,Renee Lang,female,48,pharmacist
9994,Kevin Glover,male,23,military personnel
9995,Kristina Leach,female,66,real estate agent
9996,Martha James,female,29,chef
9997,Alexander Moore,male,42,nurse
9998,Jeffrey Davis,male,51,manager
9999,Laura Frey,female,42,administrative officer
10000,Robin Thomas,female,46,customer service representative
10001,Dawn Johnson,female,39,teacher
10002,Dakota Jennings,male,36,professor
10003,Daniel Watson,male,58,warehouse worker
10004,Kevin Wright,male,39,doctor
10005,Katie Schmidt,female,44,freelancer
10006,Todd Stevens,male,57,warehouse worker
10007,Christopher Middleton,male,35,military personnel
10008,Richard Porter,male,48,administrative officer
10009,Kelly Swanson,male,31,social worker
10010,Hector Hanson,male,68,homemaker
10011,Morgan Liu,female,30,chef
10012,Neil Swanson,male,42,pharmacist
10013,Shane Becker,male,30,engineer
10014,Robert Gonzales,male,53,project manager
10015,Crystal Horn,female,59,doctor
10016,Douglas Johnson,male,48,unemployed
10017,Traci Long,female,26,mechanic
10018,Carl Hughes,male,37,professor
10019,Tamara Nelson,female,46,electrician
10020,Mary Good,female,46,financial analyst
10021,Angela Tran,female,50,data scientist
10022,Bobby Martinez,male,25,data scientist
10023,Carlos Higgins,male,37,architect
10024,Karen Santos,female,24,financial analyst
10025,Gina Kelly,female,38,social worker
10026,Tara Madden,female,48,administrative officer
10027,Jeremy Velazquez,male,45,photographer
10028,Karen Nelson,female,47,data analyst
10029,Christine Lyons,female,33,freelancer
10030,Paul Wilkins,male,29,police officer
10031,Jesus Jr.,male,24,pharmacist
10032,Victor Franklin,male,42,graphic designer
10033,Laura Miller,female,64,lawyer
10034,Barbara Smith,female,27,social worker
10035,Katherine Sherman,female,66,retired
10036,Cheryl Burton,female,23,data analyst
10037,Zachary Boyd,male,57,doctor
10038,Keith Cobb,male,52,shop assistant
10039,Greg Baxter,male,49,doctor
10040,Stephanie Alvarez,female,31,journalist
10041,Allison White,female,57,professor
10042,Justin Jones,male,36,construction worker
10043,Andre Patrick,male,56,chef
10044,Anthony PhD,male,55,photographer
10045,Sarah Conway,female,23,electrician
10046,Beverly Alvarez,female,39,farmer
10047,Travis Pugh,male,43,police officer
10048,Kelly Williams,female,62,social worker
10049,Ronald MD,male,55,technician
10050,Karen Savage,female,21,retail worker
10051,Bryan Silva,male,50,human resources officer
10052,Douglas White,male,42,military personnel
10053,Maria Morris,female,64,consultant
10054,Andrew Young,male,48,musician
10055,Erin Oliver,female,48,marketing specialist
10056,Marcus Griffith,male,56,social worker
10057,Brian Ward,male,29,unemployed
10058,Allen Jackson,male,45,government employee
10059,Timothy Fox,male,27,travel agent
10060,Todd Marshall,male,49,content creator
10061,Troy Navarro,male,40,teacher
10062,Mario Henderson,male,47,doctor
10063,Jose Harrington,male,27,musician
10064,Melanie Morgan,female,45,unemployed
10065,Kevin Jr.,male,36,software developer
10066,Edward Poole,male,29,construction worker
10067,Steven Myers,male,63,professor
10068,Jeffrey Morgan,male,43,financial analyst
10069,Belinda Wang,female,31,technician
10070,Eric Ponce,male,32,marketing specialist
10071,Juan Cannon,male,26,pharmacist
10072,Angel Best,male,52,warehouse worker
10073,Dean Lee,male,47,data analyst
10074,Sheila Garrison,female,37,entrepreneur
10075,Ashley Mueller,female,25,shop assistant
10076,Miguel Tanner,male,50,social worker
10077,Wayne Alexander,male,37,accountant
10078,Justin Wiley,male,30,entrepreneur
10079,Kayla Flowers,female,51,travel agent
10080,Stephanie Arroyo,female,51,nurse
10081,Jeremy Oliver,male,37,marketing specialist
10082,Brandon Foster,male,40,artist
10083,Jeffrey Davidson,male,54,lecturer
10084,Donna MD,female,31,retail worker
10085,Lauren Medina,female,37,police officer
10086,Christopher Andrews,male,40,warehouse worker
10087,Ashley Yang,female,22,warehouse worker
10088,Steven Hendrix,male,52,writer
10089,Karen Lawrence,female,28,retail worker
10090,Barry Hicks,male,49,data scientist
10091,Stephanie MD,female,37,data analyst
10092,Wesley Waters,male,32,shop assistant
10093,Mary Fry,female,39,artist
10094,Tiffany Maynard,female,27,marketing specialist
10095,Bruce Diaz,male,37,sales executive
10096,William Zhang,male,40,military personnel
10097,Danielle Johnson,female,30,unemployed
10098,Judith Hunter,female,59,farmer
10099,Rachel Wilson,female,27,insurance agent
10100,Nathaniel Smith,male,54,musician
10101,Sydney Shepherd,female,41,retail worker
10102,Andre Winters,male,37,homemaker
10103,Samantha Cantrell,female,25,musician
10104,Jennifer Pena,female,43,real estate agent
10105,Kaylee Hamilton,female,80,retired
10106,Derek Wu,male,31,mechanic
10107,Scott Glenn,male,76,retired
10108,Rose Johnson,female,35,customer service representative
10109,Cynthia Wiggins,female,47,manager
10110,Nicholas Guerrero,male,65,project manager
10111,Matthew Walsh,male,42,retail worker
10112,James Gordon,male,55,technician
10113,Jeffrey Golden,male,29,government employee
10114,Steven Zimmerman,male,51,freelancer
10115,Ronnie Stevenson,male,21,police officer
10116,Jade Mason,female,58,insurance agent
10117,Joseph Roberts,male,44,electrician
10118,Katie Khan,female,24,banker
10119,Danielle Swanson,female,54,pharmacist
10120,Kathryn Thompson,female,42,mechanic
10121,David Armstrong,male,54,electrician
10122,Candace Harris,female,49,real estate agent
10123,Sheila Davenport,female,34,construction worker
10124,Sara Hull,female,22,mechanic
10125,Justin Johnson,male,44,shop assistant
10126,Samantha Lewis,female,63,entrepreneur
10127,Aaron Higgins,male,30,social worker
10128,David Norman,male,65,journalist
10129,Thomas Webb,male,34,musician
10130,Ronald Adams,male,32,photographer
10131,Melissa Rodgers,female,30,human resources officer
10132,Matthew Vasquez,male,56,administrative officer
10133,Michael Cole,male,23,warehouse worker
10134,Timothy Velasquez,male,22,software developer
10135,Janice Callahan,female,56,unemployed
10136,Kathryn Mclaughlin,female,44,chef
10137,Martin Willis,male,61,insurance agent
10138,Shirley House,female,60,sales executive
10139,Helen Roberts,female,34,business owner
10140,Joseph Moreno,male,57,freelancer
10141,Jonathan Ferrell,male,30,entrepreneur
10142,Edwin Hill,male,50,banker
10143,Jessica Mcdaniel,female,44,financial analyst
10144,Kurt Herrera,male,50,travel agent
10145,David Fox,male,36,musician
10146,Donald Brown,male,23,electrician
10147,Charles Perry,male,47,entrepreneur
10148,Dale Johnson,male,48,warehouse worker
10149,Sharon Scott,female,30,insurance agent
10150,Brandon Horton,male,39,manager
10151,Cynthia DVM,female,31,engineer
10152,Ashley Melton,female,53,financial analyst
10153,Alison Gomez,female,56,engineer
10154,Frank Mills,male,42,consultant
10155,Brandi Roberts,female,22,electrician
10156,Jenna Cooper,female,29,content creator
10157,Jason Ellis,male,29,writer
10158,Jordan Mckay,female,73,retired
10159,Joshua Santos,male,52,warehouse worker
10160,Timothy Douglas,male,66,lawyer
10161,Tracy Moses,female,39,social worker
10162,Jessica Mcdowell,female,43,manager
10163,Christina Randall,female,73,homemaker
10164,Kenneth Page,male,57,farmer
10165,Jessica Wright,female,42,architect
10166,Joseph Thomas,male,35,marketing specialist
10167,Lisa Aguilar,female,24,government employee
10168,Rodney Moss,male,27,student
10169,Shannon Villa,female,44,software developer
10170,Christina Solis,female,59,delivery driver
10171,Kimberly Taylor,female,37,professor
10172,Ivan Wilson,male,68,homemaker
10173,Jeffrey Cunningham,male,25,military personnel
10174,Stacey Williams,female,52,electrician
10175,Aaron Pena,male,31,writer
10176,Samuel Li,male,62,artist
10177,Amy Buchanan,female,52,retail worker
10178,Savannah Figueroa,female,41,real estate agent
10179,Sara Lopez,female,43,delivery driver
10180,Jesse Garcia,male,38,software developer
10181,Patty Solis,female,57,insurance agent
10182,Nicholas Reyes,male,58,artist
10183,Clayton Johnson,male,69,farmer
10184,Jeffery Robinson,male,26,accountant
10185,Kyle Duke,male,36,manager
10186,Kelly Roberts,female,59,project manager
10187,Brandon Hill,male,69,musician
10188,Maria Edwards,female,28,homemaker
10189,Linda Rose,female,54,real estate agent
10190,Michael Shannon,male,29,unemployed
10191,Stephen Moreno,male,22,sales executive
10192,Travis Williams,male,49,professor
10193,Adrian Blevins,male,76,retired
10194,Omar Wright,male,39,police officer
10195,Anthony Silva,male,45,project manager
10196,Karl Moody,male,67,business owner
10197,Deborah Smith,female,35,farmer
10198,Christina Johnson,female,47,researcher
10199,Todd Anderson,male,60,entrepreneur
10200,Karen Day,female,37,customer service representative
10201,Heather Scott,female,39,administrative officer
10202,Courtney Flores,female,29,real estate agent
10203,Brian Mcdonald,male,43,entrepreneur
10204,Stephanie Wright,female,33,freelancer
10205,Patricia Mcgee,female,63,accountant
10206,Derek Ford,male,43,mechanic
10207,Martin Clark,male,51,researcher
10208,Jessica Kennedy,female,21,artist
10209,Joshua Austin,male,49,mechanic
10210,Jonathan Snow,male,25,journalist
10211,Kara Lewis,female,29,technician
10212,Karl Guerra,male,46,human resources officer
10213,Lindsey Williams,female,49,engineer
10214,Ashley Burke,female,32,administrative officer
10215,Jeremy Greene,male,52,military personnel
10216,Richard Edwards,male,30,banker
10217,Anita Roberts,female,28,retail worker
10218,Richard Davis,male,45,mechanic
10219,Cody Thompson,male,31,writer
10220,Michael Gates,male,24,civil servant
10221,Erika Davis,female,27,police officer
10222,Desiree King,female,37,unemployed
10223,Shawn Long,male,64,manager
10224,Robert Barnes,male,37,construction worker
10225,Charles Vaughn,male,44,freelancer
10226,Michelle DDS,female,63,photographer
10227,Thomas Rosario,male,38,graphic designer
10228,Anthony Burton,male,51,human resources officer
10229,Thomas Dorsey,male,25,real estate agent
10230,Cole Christensen,male,61,homemaker
10231,Alexis Chapman,female,27,financial analyst
10232,Gloria MD,female,47,social worker
10233,Tara Dyer,female,33,manager
10234,Kristen Parker,female,39,marketing specialist
10235,Alyssa Roberts,female,64,photographer
10236,Mark Robinson,male,41,sales executive
10237,Philip Gutierrez,male,59,teacher
10238,Dominique Short,female,35,data analyst
10239,Elizabeth Jenkins,female,48,engineer
10240,Bryan Edwards,male,60,human resources officer
10241,William Avila,male,82,retired
10242,Kayla Rodriguez,female,55,shop assistant
10243,Wendy Foster,female,68,professor
10244,Heather Montoya,female,31,artist
10245,Lauren Murphy,female,50,writer
10246,Amanda Mcfarland,female,25,chef
10247,Tamara Perez,female,32,sales executive
10248,Patrick Hernandez,male,35,journalist
10249,Tricia Anderson,female,30,travel agent
10250,Deborah Gomez,female,47,homemaker
10251,Madison Combs,female,29,electrician
10252,Martin Hall,male,57,musician
10253,Jessica Lewis,female,33,civil servant
10254,Ryan Williams,male,49,sales executive
10255,Richard Moore,male,22,writer
10256,Charles Smith,male,41,researcher
10257,Heidi Todd,female,56,banker
10258,William Lee,male,23,civil servant
10259,Lawrence Wood,male,43,marketing specialist
10260,William Estrada,male,22,musician
10261,Laura Hurst,female,50,content creator
10262,Allison Trujillo,female,29,data scientist
10263,Michael Patrick,male,28,lecturer
10264,Anthony Gardner,male,30,government employee
10265,Christy Lutz,female,35,consultant
10266,Kathleen Ellis,female,22,administrative officer
10267,Amber Rowland,female,38,financial analyst
10268,Emily Ross,female,30,sales executive
10269,James MD,male,24,entrepreneur
10270,Daniel Ortiz,male,24,human resources officer
10271,Michael Kelly,male,32,project manager
10272,Kendra Rogers,female,43,business owner
10273,Richard Simmons,male,64,social worker
10274,Rebecca Bennett,female,56,engineer
10275,Sarah Clark,female,25,data scientist
10276,Charles West,male,32,data scientist
10277,John Chen,male,31,insurance agent
10278,Ronald Gutierrez,male,24,police officer
10279,Michelle Dawson,female,44,doctor
10280,Anthony Fleming,male,53,electrician
10281,Corey Powers,male,55,shop assistant
10282,Mark Hutchinson,male,41,lawyer
10283,Jason MD,male,36,software developer
10284,Elizabeth Daniel,female,53,homemaker
10285,Kimberly Baird,female,56,pharmacist
10286,James Shaw,male,41,nurse
10287,Peter Francis,male,46,administrative officer
10288,Tyler Bender,male,55,lawyer
10289,Caroline Bonilla,female,59,business owner
10290,William Preston,male,60,insurance agent
10291,Michael Hogan,male,40,writer
10292,Terry Ward,male,32,retail worker
10293,Jessica Zimmerman,female,60,lawyer
10294,Angelica Contreras,female,49,mechanic
10295,Samuel Proctor,male,45,military personnel
10296,Mary Melton,female,34,architect
10297,Connor Harrison,male,60,travel agent
10298,Robert Brewer,male,59,construction worker
10299,Christina Sheppard,female,46,military personnel
10300,Rachel Welch,female,26,content creator
10301,Robert Davis,male,25,musician
10302,Christopher Arias,male,35,business owner
10303,Kevin Cox,male,28,artist
10304,Tanya Allen,female,34,researcher
10305,Mandy Jennings,female,57,real estate agent
10306,Eddie Smith,male,31,artist
10307,Bobby Washington,male,54,professor
10308,Barbara Larson,female,30,teacher
10309,Cody Bass,male,23,homemaker
10310,David Alvarado,male,24,military personnel
10311,Mark Ross,male,48,musician
10312,Brian Perkins,male,43,teacher
10313,Trevor MD,male,25,researcher
10314,Christy Todd,female,38,warehouse worker
10315,Samuel Moreno,male,41,data scientist
10316,Daniel Shields,male,56,civil servant
10317,Karen Watson,female,35,data analyst
10318,Dominique Vasquez,female,46,architect
10319,Brian Marshall,male,31,electrician
10320,Steven Vaughn,male,61,lawyer
10321,Brandi Taylor,female,47,civil servant
10322,Sarah Brown,female,40,musician
10323,Matthew Oconnor,male,54,lawyer
10324,Scott Gardner,male,46,military personnel
10325,Douglas Reeves,male,36,government employee
10326,Cassandra Harris,female,32,electrician
10327,Lindsay Mckinney,female,24,entrepreneur
10328,Michael Payne,male,41,architect
10329,Noah Bell,male,60,banker
10330,Andrew Martin,male,19,student
10331,Annette Mcdonald,female,56,lawyer
10332,Dylan Rice,male,42,researcher
10333,Cindy Zamora,female,55,manager
10334,Alyssa Curry,female,43,freelancer
10335,Jeremy Rodriguez,male,24,teacher
10336,Kimberly Doyle,female,28,banker
10337,Adam Flores,male,31,customer service representative
10338,Katie Baxter,female,41,banker
10339,Jessica Hall,female,62,chef
10340,Christopher Mendez,male,50,engineer
10341,Daniel Vincent,male,27,journalist
10342,Michael Ward,male,29,musician
10343,Lisa Campbell,female,35,mechanic
10344,Emma Rose,female,34,social worker
10345,Jeremy Hall,male,36,freelancer
10346,Danielle Hayes,female,47,business owner
10347,Nicholas Hansen,male,54,sales executive
10348,Zachary Santos,male,40,chef
10349,Mary Rivas,female,54,police officer
10350,Jordan Morris,male,18,musician
10351,Aimee Jimenez,female,55,business owner
10352,Christopher Davidson,male,29,chef
10353,Dana DDS,female,44,engineer
10354,Bruce Norris,male,52,military personnel
10355,Bianca Ward,female,28,military personnel
10356,Brooke Mckenzie,female,60,banker
10357,Jeffery Gonzalez,male,46,sales executive
10358,Amanda Blackwell,female,36,musician
10359,Helen White,female,54,banker
10360,Michelle Nelson,female,49,customer service representative
10361,Robert Ball,male,27,content creator
10362,Robin Gonzales,female,30,travel agent
10363,Jordan Sullivan,male,40,musician
10364,Mary Martin,female,23,sales executive
10365,Ricky Gallegos,male,48,data scientist
10366,Joshua Miller,male,52,shop assistant
10367,William Boyd,male,39,unemployed
10368,Sarah Nicholson,female,37,real estate agent
10369,Jennifer Flynn,female,43,financial analyst
10370,Jeffrey Barrera,male,69,retired
10371,Gina Adams,female,64,retired
10372,Alyssa Webb,female,50,warehouse worker
10373,Richard Cole,male,47,chef
10374,Benjamin Lam,male,47,musician
10375,John Lindsey,male,30,technician
10376,Christian Harris,male,52,chef
10377,Michele Bell,female,51,shop assistant
10378,Jodi Sawyer,female,24,sales executive
10379,Mary Morris,female,52,real estate agent
10380,Brittany Williamson,female,45,professor
10381,Leah Norris,female,26,construction worker
10382,Kelly Peters,female,61,manager
10383,Isaac Shaw,male,25,homemaker
10384,Jimmy Jackson,male,39,professor
10385,Travis Lewis,male,34,content creator
10386,Michael Snow,male,26,warehouse worker
10387,Carla Santana,female,46,nurse
10388,Robert Sanchez,male,60,lecturer
10389,Maxwell Gonzalez,male,31,graphic designer
10390,Kelsey Cannon,female,44,farmer
10391,Donna Taylor,female,41,architect
10392,James Rhodes,male,60,social worker
10393,Jason Gibson,male,50,military personnel
10394,Wesley Kennedy,male,38,technician
10395,Eric Smith,male,50,human resources officer
10396,Brooke Christian,female,31,homemaker
10397,Cory Nelson,male,26,shop assistant
10398,Deborah Rich,female,48,human resources officer
10399,Daniel Jackson,male,56,journalist
10400,Justin White,male,35,delivery driver
10401,Holly Johnson,female,67,retired
10402,Jack Lloyd,male,31,teacher
10403,Terry Delgado,male,36,teacher
10404,Denise Roberts,female,37,freelancer
10405,Billy Mcdonald,male,41,financial analyst
10406,Kenneth Carter,male,54,architect
10407,Karen Roberts,female,59,researcher
10408,Brad Spencer,male,54,electrician
10409,Catherine Garrett,female,64,lecturer
10410,Cynthia Rodriguez,female,25,human resources officer
10411,Christopher Rodriguez,male,35,data analyst
10412,Jason DDS,male,35,construction worker
10413,Kyle Mason,male,46,retail worker
10414,David Chandler,male,53,social worker
10415,Marissa Howell,female,29,musician
10416,Jon Duran,male,23,real estate agent
10417,William Curtis,male,46,manager
10418,Connie Ramirez,female,30,travel agent
10419,Cassandra Mcdaniel,female,53,engineer
10420,Gina Owens,female,42,teacher
10421,Billy Ramsey,male,54,electrician
10422,David Petty,male,22,warehouse worker
10423,Cynthia Mendoza,female,55,electrician
10424,Samantha Cruz,female,45,content creator
10425,Christine Williams,female,22,mechanic
10426,Andrea Adams,female,43,police officer
10427,Jeffery Doyle,male,31,delivery driver
10428,Brian Johnson,male,41,shop assistant
10429,Kurt Gutierrez,male,51,administrative officer
10430,Thomas Lawson,male,60,business owner
10431,Thomas Harper,male,31,customer service representative
10432,Andrew Morgan,male,47,data analyst
10433,Samuel Adams,male,46,delivery driver
10434,Kevin Garcia,male,54,data scientist
10435,Angela DVM,female,47,travel agent
10436,Cody Mcgrath,male,56,lecturer
10437,Timothy Oliver,male,28,engineer
10438,Zachary Dalton,male,57,manager
10439,Brian Thompson,male,30,civil servant
10440,Stacy Baker,female,54,writer
10441,Kimberly Thomas,female,38,marketing specialist
10442,Julia Foster,female,34,warehouse worker
10443,Larry Fields,male,46,content creator
10444,Dean Johnson,male,45,project manager
10445,Courtney Freeman,female,40,homemaker
10446,Ryan Lowery,male,22,technician
10447,Veronica Riley,female,34,military personnel
10448,Michael Cameron,male,21,shop assistant
10449,Michelle Greene,female,25,pharmacist
10450,Erica Ruiz,female,45,accountant
10451,Steven Hurst,male,32,lecturer
10452,Gina Porter,female,30,business owner
10453,Mary Burke,female,50,financial analyst
10454,Ronnie Price,male,53,journalist
10455,John Cortez,male,55,administrative officer
10456,Jackie Robinson,female,27,shop assistant
10457,Diana Boone,female,73,retired
10458,William Peterson,male,35,manager
10459,Patrick Baxter,male,48,manager
10460,Randall Chen,male,24,writer
10461,Tracey Coleman,female,42,real estate agent
10462,Lisa Lewis,female,41,customer service representative
10463,John Stark,male,38,pharmacist
10464,Katelyn Bruce,female,32,military personnel
10465,Jean Alvarado,female,50,retail worker
10466,Sara Mitchell,female,24,graphic designer
10467,Alexander Glover,male,38,human resources officer
10468,Haley Carter,female,44,insurance agent
10469,William Obrien,male,54,lawyer
10470,Destiny Sanchez,female,22,farmer
10471,Pamela Landry,female,54,government employee
10472,Rodney Sharp,male,51,journalist
10473,Michael Cox,male,26,software developer
10474,Jimmy Walker,male,29,content creator
10475,Darlene Burnett,female,33,marketing specialist
10476,Harold Knapp,male,53,financial analyst
10477,Billy Jackson,male,64,architect
10478,Robert Pierce,male,35,real estate agent
10479,Judith Watkins,female,22,student
10480,Bradley Vasquez,male,49,technician
10481,Nicole Velez,female,40,lecturer
10482,Kristine Hodges,female,43,nurse
10483,Erin PhD,female,33,graphic designer
10484,David Marks,male,64,artist
10485,Courtney Holmes,female,61,pharmacist
10486,Ann Hudson,female,58,travel agent
10487,Betty Thomas,female,28,real estate agent
10488,Erica Small,female,64,social worker
10489,Melissa Peterson,female,59,engineer
10490,Dakota David,male,49,insurance agent
10491,James Wright,male,26,technician
10492,Diane Jones,female,20,freelancer
10493,Kayla Taylor,female,59,insurance agent
10494,David Baker,male,30,travel agent
10495,Benjamin George,male,53,freelancer
10496,Chelsea Thomas,female,40,freelancer
10497,Janet Bailey,female,28,military personnel
10498,Sandra Hopkins,female,45,warehouse worker
10499,Janice Riddle,female,34,unemployed
10500,Ronald Lara,male,45,software developer
10501,Jonathan Brooks,male,37,chef
10502,Joseph Turner,male,54,teacher
10503,Robert Jordan,male,32,business owner
10504,Megan Mccoy,female,53,technician
10505,Brandon Ruiz,male,47,marketing specialist
10506,Anthony Moore,male,57,entrepreneur
10507,Andre Allen,male,38,pharmacist
10508,Nathaniel Cummings,male,26,photographer
10509,Todd Logan,male,27,unemployed
10510,Samuel Peterson,male,43,researcher
10511,James Kelly,male,81,retired
10512,Luis Brown,male,73,artist
10513,Tonya Rodriguez,female,49,professor
10514,Scott Wright,male,23,artist
10515,Patrick Rodriguez,male,52,lawyer
10516,Charles Weber,male,35,farmer
10517,Jacqueline Young,female,34,delivery driver
10518,Lisa Potter,female,54,architect
10519,David Delgado,male,64,architect
10520,Christine Shelton,female,36,project manager
10521,Eric MD,male,44,lawyer
10522,Allen Johnson,male,30,researcher
10523,Alan Taylor,male,32,content creator
10524,Adrian Alexander,male,28,retail worker
10525,Erica Duarte,female,41,data scientist
10526,Elizabeth Briggs,female,31,homemaker
10527,Jason Mitchell,male,36,engineer
10528,Nicholas Jr.,male,61,insurance agent
10529,Russell Riley,male,42,banker
10530,Carrie Campbell,female,66,professor
10531,Erin Woods,female,59,sales executive
10532,Carol Johnson,female,66,writer
10533,Robert Rosario,male,25,mechanic
10534,Christine Murray,female,25,teacher
10535,James White,male,47,software developer
10536,William Hansen,male,23,financial analyst
10537,Leslie Zamora,female,27,social worker
10538,Troy Evans,male,24,delivery driver
10539,Trevor Cruz,male,56,real estate agent
10540,Lori Jones,female,41,insurance agent
10541,Lauren Edwards,female,45,military personnel
10542,David Morris,male,23,banker
10543,Jacob Turner,male,54,software developer
10544,Shawn Nash,male,33,consultant
10545,Jon Diaz,male,47,technician
10546,Steve Cobb,male,46,warehouse worker
10547,Julie Freeman,female,57,human resources officer
10548,Pamela Martinez,female,23,journalist
10549,Jaime Mcmillan,female,28,project manager
10550,Luis Molina,male,18,retail worker
10551,Briana May,female,36,sales executive
10552,Andrew Anderson,male,24,mechanic
10553,Alexis Salinas,male,32,marketing specialist
10554,Billy Webb,male,46,government employee
10555,Sandra Simpson,female,57,technician
10556,Sarah Williams,female,38,police officer
10557,Nicole Matthews,female,51,mechanic
10558,Gregory Morris,male,36,teacher
10559,Gregory Holland,male,43,civil servant
10560,Michael Estrada,male,53,homemaker
10561,Beth Hoffman,female,41,homemaker
10562,Michael Shaw,male,57,researcher
10563,Tyler Frazier,male,51,doctor
10564,Stephen Meyer,male,60,government employee
10565,Hannah Newton,female,50,civil servant
10566,Frederick Houston,male,43,professor
10567,Brad Fisher,male,42,chef
10568,Kevin Turner,male,41,administrative officer
10569,Cynthia Villa,female,23,shop assistant
10570,David Fowler,male,22,retail worker
10571,Stephen Edwards,male,44,journalist
10572,Bruce Knox,male,66,consultant
10573,Laurie Perry,female,31,electrician
10574,Carlos Escobar,male,48,teacher
10575,Kayla Brooks,female,24,mechanic
10576,Andrea Anderson,female,31,delivery driver
10577,Martin Jordan,male,32,artist
10578,Ryan Mcclain,male,45,insurance agent
10579,Peter Wiley,male,47,data scientist
10580,Juan Fox,male,38,engineer
10581,Samantha Burton,female,38,customer service representative
10582,Nancy MD,female,59,journalist
10583,Gregory Simpson,male,22,writer
10584,Michelle Price,female,33,mechanic
10585,William White,male,27,lawyer
10586,Kristine Miller,female,39,nurse
10587,David Pugh,male,44,travel agent
10588,Douglas Willis,male,83,retired
10589,Alexandra Freeman,female,56,architect
10590,Brian Obrien,male,65,business owner
10591,Jonathan Coleman,male,29,construction worker
10592,Michael Perez,male,24,military personnel
10593,Jennifer Bailey,female,29,banker
10594,Margaret Gomez,female,21,student
10595,Jenna Simon,female,43,doctor
10596,Lawrence Parker,male,20,student
10597,Robert Hobbs,male,41,software developer
10598,Michelle Robinson,female,31,teacher
10599,Julie Smith,female,56,police officer
10600,Elizabeth Mills,female,57,accountant
10601,Elizabeth Neal,female,34,human resources officer
10602,Paul Nguyen,male,22,student
10603,Crystal Peterson,female,53,data scientist
10604,Audrey Robertson,female,30,farmer
10605,Aaron PhD,male,31,military personnel
10606,Nathan Rivera,male,33,doctor
10607,George Sellers,male,53,writer
10608,Michelle Davis,female,37,travel agent
10609,Larry Pacheco,male,28,accountant
10610,Jeanne Cruz,female,62,civil servant
10611,Matthew Mays,male,26,mechanic
10612,Jason Sweeney,male,60,architect
10613,Diana Smith,female,36,doctor
10614,Michael Burke,male,27,construction worker
10615,Melissa Wade,female,31,construction worker
10616,Curtis Page,male,29,graphic designer
10617,Cameron Norris,male,19,military personnel
10618,Gary Hayes,male,30,delivery driver
10619,Richard Wright,male,62,writer
10620,Jonathan Peters,male,48,police officer
10621,Andrea Haynes,female,46,administrative officer
10622,Erin Campbell,female,37,police officer
10623,Dorothy Weaver,female,21,technician
10624,Heather Lloyd,female,45,musician
10625,Jonathan Romero,male,47,musician
10626,Susan Meadows,female,51,mechanic
10627,Bryan Matthews,male,36,lawyer
10628,Jennifer Andrews,female,32,retail worker
10629,Molly Russell,female,48,warehouse worker
10630,Jason Reed,male,27,financial analyst
10631,Zachary Benjamin,male,30,human resources officer
10632,Renee Hughes,female,45,architect
10633,Mary Douglas,female,37,real estate agent
10634,Kristy Olsen,female,38,graphic designer
10635,Tina Hart,female,77,retired
10636,Deborah Osborne,female,54,farmer
10637,Sarah Olsen,female,53,banker
10638,Francisco Castillo,male,60,journalist
10639,Cynthia Daniels,female,26,architect
10640,Greg Morgan,male,22,artist
10641,Tina Sexton,female,23,software developer
10642,Lauren Davis,female,22,administrative officer
10643,Gregory Ross,male,52,nurse
10644,Cody Shah,male,51,project manager
10645,Marilyn Figueroa,female,55,police officer
10646,Tyler Sherman,male,32,project manager
10647,Penny Miller,female,37,musician
10648,Amanda Reyes,female,45,engineer
10649,Erin Hall,female,22,journalist
10650,Joseph Nichols,male,53,accountant
10651,Kimberly Harding,female,54,doctor
10652,Peter Lane,male,51,graphic designer
10653,Samuel Patterson,male,52,military personnel
10654,Danny Schroeder,male,45,manager
10655,Victoria Bennett,female,55,graphic designer
10656,Aaron Davidson,male,63,civil servant
10657,Melissa Bailey,female,33,data analyst
10658,Erika Trujillo,female,36,retail worker
10659,Ryan Chapman,male,49,nurse
10660,Dakota Sanchez,male,20,warehouse worker
10661,Zachary Nelson,male,64,musician
10662,Krista Patel,female,40,researcher
10663,Daisy Guerrero,female,18,student
10664,Kelly Shaw,female,54,banker
10665,Amy Martin,female,68,artist
10666,Jenny Khan,female,31,lawyer
10667,Amber Johnson,female,40,real estate agent
10668,Anthony Smith,male,47,marketing specialist
10669,Rachel Mack,female,46,doctor
10670,Allison Hendricks,female,38,consultant
10671,Vincent Schaefer,male,51,engineer
10672,Joseph Hurley,male,32,pharmacist
10673,Jessica Chang,female,50,travel agent
10674,Ellen Crawford,female,35,customer service representative
10675,James Armstrong,male,30,freelancer
10676,Makayla Johnson,female,25,travel agent
10677,Brian Rodriguez,male,56,unemployed
10678,Theresa Gray,female,55,human resources officer
10679,Gregory Martinez,male,57,technician
10680,Marcia Pena,female,48,banker
10681,Stephanie Douglas,female,28,pharmacist
10682,Amy White,female,21,content creator
10683,Marc Rodgers,male,42,real estate agent
10684,Nicholas Perez,male,39,military personnel
10685,David Daniels,male,25,human resources officer
10686,Jennifer Mcdonald,female,23,mechanic
10687,Andrew Chen,male,56,teacher
10688,Stephanie Monroe,female,60,banker
10689,Priscilla Decker,female,58,journalist
10690,Daniel Salazar,male,30,construction worker
10691,Joseph Mitchell,male,60,mechanic
10692,Marissa Smith,female,56,nurse
10693,Christina Allen,female,52,doctor
10694,Laura Harris,female,65,farmer
10695,James Reyes,male,33,data scientist
10696,Sherry Kennedy,female,22,customer service representative
10697,Ellen Miller,female,62,homemaker
10698,Courtney Summers,female,64,professor
10699,Robin Hicks,female,34,civil servant
10700,Jeffrey Cole,male,25,insurance agent
10701,Johnny Watkins,male,22,warehouse worker
10702,Richard MD,male,28,business owner
10703,Pamela Baxter,female,29,electrician
10704,Christopher Cordova,male,54,financial analyst
10705,Emma MD,female,56,doctor
10706,Paul Lopez,male,35,professor
10707,Adam Butler,male,50,construction worker
10708,Katherine Olson,female,36,software developer
10709,Mason Adams,male,52,researcher
10710,Paul Marshall,male,43,entrepreneur
10711,Jennifer Johnston,female,66,retired
10712,Tiffany Wolfe,female,31,freelancer
10713,Ralph Kelly,male,44,customer service representative
10714,William Phillips,male,33,doctor
10715,Rodney Schmidt,male,26,police officer
10716,Erica DDS,female,48,unemployed
10717,Kelly Vaughan,female,33,farmer
10718,Sean Jones,male,34,insurance agent
10719,Dustin Fisher,male,26,construction worker
10720,Matthew MD,male,25,data analyst
10721,Christina Moss,female,39,project manager
10722,Scott MD,male,40,photographer
10723,Cassandra Washington,female,37,architect
10724,Nicole Yoder,female,44,travel agent
10725,Michael Dickerson,male,56,doctor
10726,Laura Sanchez,female,45,chef
10727,Jesse Morgan,male,19,content creator
10728,Spencer Rogers,male,35,data analyst
10729,Joseph Cisneros,male,53,unemployed
10730,Corey Stephens,male,65,manager
10731,Megan Russo,female,35,delivery driver
10732,Brandon Rodriguez,male,36,administrative officer
10733,Megan Mejia,female,52,writer
10734,Timothy Benjamin,male,65,unemployed
10735,Jason Trujillo,male,35,accountant
10736,Yolanda Chen,female,63,professor
10737,John DDS,male,28,mechanic
10738,Chelsea DDS,female,31,sales executive
10739,Kenneth Ramirez,male,38,retail worker
10740,Michelle Thompson,female,44,pharmacist
10741,Kayla Terry,female,24,engineer
10742,Pamela Wyatt,female,42,content creator
10743,Cynthia Riley,female,28,retail worker
10744,Anna Shaw,female,20,graphic designer
10745,Christopher Ryan,male,70,farmer
10746,Thomas Allen,male,42,military personnel
10747,Aaron Zamora,male,50,delivery driver
10748,Jonathan Jordan,male,65,government employee
10749,Mary Pitts,female,47,journalist
10750,William Riley,male,51,technician
10751,Tiffany Ward,female,54,accountant
10752,Ronald Gordon,male,39,financial analyst
10753,Patrick Richardson,male,58,consultant
10754,Carrie Fernandez,female,32,business owner
10755,Elizabeth Hughes,female,50,banker
10756,Joseph Marks,male,44,software developer
10757,Daniel Ray,male,42,teacher
10758,Joshua Thompson,male,50,marketing specialist
10759,Marilyn Roberts,female,49,unemployed
10760,Sheri Lewis,female,54,social worker
10761,Edward Williams,male,47,project manager
10762,Natasha Ponce,female,42,military personnel
10763,Patricia Young,female,28,student
10764,Stephanie Collins,female,40,government employee
10765,Kathryn Duncan,female,49,professor
10766,Jeffrey Lutz,male,46,writer
10767,Marissa Walker,female,50,marketing specialist
10768,Terri DVM,female,51,delivery driver
10769,William Maddox,male,37,researcher
10770,Jack Flores,male,30,business owner
10771,Paul Ferguson,male,42,electrician
10772,Luis House,male,35,mechanic
10773,Brittany Jacobson,female,41,travel agent
10774,Pamela Garcia,female,31,electrician
10775,Erik Simmons,male,41,retail worker
10776,Monique Schroeder,female,37,social worker
10777,Patrick Tyler,male,33,social worker
10778,Jean Smith,female,44,sales executive
10779,Alicia Garcia,female,21,chef
10780,Matthew Gonzalez,male,31,lawyer
10781,Marcus Stout,male,39,entrepreneur
10782,Angel Johnson,female,48,civil servant
10783,Katherine Stephens,female,27,student
10784,Julie Spears,female,26,artist
10785,Shaun Pruitt,male,37,police officer
10786,Steven Schroeder,male,48,chef
10787,Gregory Newton,male,30,entrepreneur
10788,Lisa Brooks,female,33,warehouse worker
10789,Tara Johnson,female,63,unemployed
10790,Jeremy King,male,52,insurance agent
10791,Timothy Sandoval,male,35,travel agent
10792,Philip Kelly,male,50,military personnel
10793,Andrea Hart,female,23,warehouse worker
10794,Kristen Martin,female,39,warehouse worker
10795,Kent Moore,male,43,construction worker
10796,Catherine Mullen,female,65,professor
10797,Benjamin Hartman,male,41,writer
10798,Katrina Villarreal,female,40,electrician
10799,Charles Kirk,male,67,lawyer
10800,Jason Jordan,male,52,graphic designer
10801,Angel Murphy,male,40,government employee
10802,Norman Hatfield,male,28,military personnel
10803,Nicole Greene,female,74,homemaker
10804,Lindsay Allen,female,41,business owner
10805,Victor Christensen,male,38,architect
10806,Patrick Jackson,male,42,content creator
10807,Katie Campbell,female,36,nurse
10808,Thomas Rush,male,46,data scientist
10809,Karen Long,female,25,social worker
10810,Linda Vargas,female,51,data analyst
10811,Monique Todd,female,27,chef
10812,Alicia Walker,female,25,content creator
10813,Kristin Rios,female,37,freelancer
10814,Alejandro Villegas,male,64,chef
10815,Denise Lambert,female,20,student
10816,Mary Cook,female,58,construction worker
10817,Ethan Hawkins,male,49,construction worker
10818,Anthony King,male,24,freelancer
10819,Laura Hall,female,34,doctor
10820,Dawn Foster,female,35,pharmacist
10821,Kathy Hill,female,51,shop assistant
10822,Jennifer Craig,female,50,teacher
10823,Daniel Carter,male,47,doctor
10824,Jamie Bennett,female,35,civil servant
10825,Brandy Long,female,51,retail worker
10826,Randall York,male,25,electrician
10827,Deborah Hernandez,female,28,sales executive
10828,Joshua Lee,male,59,delivery driver
10829,Daniel Fowler,male,55,travel agent
10830,Shannon Gibbs,female,28,nurse
10831,Laurie Campbell,female,36,administrative officer
10832,Lauren Ayala,female,25,shop assistant
10833,Albert Foster,male,53,lecturer
10834,Gary Mccann,male,63,photographer
10835,Melissa Jordan,female,54,data analyst
10836,Travis Mcconnell,male,54,human resources officer
10837,Patrick Simmons,male,25,human resources officer
10838,Kelly Stevens,female,64,unemployed
10839,Roy Tran,male,28,real estate agent
10840,Leonard Suarez,male,28,project manager
10841,Peter Robinson,male,47,chef
10842,Lori Spence,female,69,architect
10843,Holly Yang,female,34,farmer
10844,James Boyd,male,39,government employee
10845,Russell Hobbs,male,24,marketing specialist
10846,Sean Davis,male,52,marketing specialist
10847,Rhonda Burns,female,43,photographer
10848,Jordan Murphy,female,60,banker
10849,Dakota Booth,male,30,student
10850,Lisa Johnston,female,63,accountant
10851,Joseph Morrison,male,52,writer
10852,Ricky Davila,male,40,civil servant
10853,John Hayes,male,20,homemaker
10854,Brandon Noble,male,56,doctor
10855,Raymond King,male,51,retail worker
10856,Christine Prince,female,23,police officer
10857,Samuel Carpenter,male,33,marketing specialist
10858,Brian Craig,male,18,shop assistant
10859,Mario Ramirez,male,29,civil servant
10860,John Reeves,male,31,project manager
10861,Brian Cohen,male,26,sales executive
10862,Katie Stanley,female,64,journalist
10863,Kevin Hughes,male,38,travel agent
10864,Christopher Ortiz,male,57,administrative officer
10865,Benjamin Johnson,male,57,lawyer
10866,Evelyn Barajas,female,53,banker
10867,Jennifer Fitzpatrick,female,62,business owner
10868,Brianna Murphy,female,48,software developer
10869,Caitlin Decker,female,24,technician
10870,Briana Carrillo,female,39,nurse
10871,Carol Henry,female,51,police officer
10872,Martin Ferguson,male,52,lawyer
10873,Kevin Weber,male,45,doctor
10874,Margaret Carter,female,46,accountant
10875,Hannah Kidd,female,31,retail worker
10876,Shawn Lee,male,27,pharmacist
10877,Amy Norton,female,43,project manager
10878,Isabella Powell,female,58,pharmacist
10879,Katherine Martinez,female,53,financial analyst
10880,Ruben Scott,male,34,musician
10881,Abigail Francis,female,48,military personnel
10882,Cynthia Hensley,female,36,content creator
10883,Nicholas Edwards,male,40,construction worker
10884,Jeremy Braun,male,26,administrative officer
10885,Morgan Gordon,female,55,data analyst
10886,Paul Torres,male,54,financial analyst
10887,Daniel Adams,male,55,customer service representative
10888,Michael DDS,male,30,manager
10889,Sharon Wilson,female,67,business owner
10890,Tamara Castillo,female,55,mechanic
10891,Jason Welch,male,46,journalist
10892,Wendy Griffin,female,46,marketing specialist
10893,Katie Houston,female,57,lawyer
10894,Michaela Case,female,59,delivery driver
10895,Mary Browning,female,64,project manager
10896,Charles Holland,male,61,government employee
10897,Robert Steele,male,32,nurse
10898,Bryan Nguyen,male,41,teacher
10899,April Reid,female,22,sales executive
10900,Timothy Haynes,male,55,researcher
10901,Victor Moore,male,28,civil servant
10902,Rebecca Williams,female,40,administrative officer
10903,Steven Ortiz,male,29,writer
10904,Kathleen Bell,female,35,banker
10905,Zoe Kim,female,21,artist
10906,Sierra DDS,female,45,construction worker
10907,Elizabeth Key,female,59,chef
10908,Laura Lawson,female,29,delivery driver
10909,Edward Hunt,male,60,administrative officer
10910,John Ball,male,60,electrician
10911,Brandy Hancock,female,34,real estate agent
10912,William Andrews,male,29,sales executive
10913,Eric Fisher,male,48,writer
10914,Beth Barnes,female,50,financial analyst
10915,James Mcdonald,male,69,musician
10916,Brooke Valdez,female,61,lecturer
10917,Ashley Mckinney,female,50,lecturer
10918,Amanda Li,female,83,retired
10919,Austin Scott,male,30,data analyst
10920,Seth Ruiz,male,44,insurance agent
10921,Brandy Mcguire,female,78,retired
10922,Robert Joseph,male,43,journalist
10923,Jessica Cordova,female,23,student
10924,Aaron Young,male,59,teacher
10925,Donald Burton,male,34,software developer
10926,Michael Jenkins,male,21,student
10927,Daniel Walker,male,40,lecturer
10928,Vincent Mcgee,male,50,writer
10929,Julie Wade,female,47,entrepreneur
10930,Stacy Allen,female,34,chef
10931,Faith Walker,female,25,insurance agent
10932,James Drake,male,31,data analyst
10933,Nicole Gaines,female,22,warehouse worker
10934,Elizabeth Cook,female,52,retail worker
10935,Alexandra Moss,female,53,retail worker
10936,Vicki Smith,female,50,pharmacist
10937,Theresa Johnson,female,37,farmer
10938,Katherine Yates,female,54,architect
10939,Cameron Lee,male,40,lecturer
10940,Laurie Monroe,female,54,marketing specialist
10941,Jeffrey Thompson,male,53,business owner
10942,Justin Carlson,male,40,lawyer
10943,Danielle Jordan,female,47,chef
10944,Matthew Cook,male,42,pharmacist
10945,Holly Olson,female,59,data scientist
10946,Laurie Campos,female,39,photographer
10947,Heidi Cline,female,42,freelancer
10948,Sherry King,female,43,financial analyst
10949,Andrea Krause,female,69,doctor
10950,Craig Hubbard,male,24,construction worker
10951,Sean Moreno,male,41,manager
10952,Austin Chaney,male,55,musician
10953,Christopher Gonzalez,male,47,data scientist
10954,Angela Hernandez,female,22,artist
10955,Thomas Carrillo,male,54,manager
10956,Robin Anderson,female,59,journalist
10957,Deborah Koch,female,26,delivery driver
10958,Natalie Hicks,female,34,consultant
10959,Dominic Schroeder,male,55,project manager
10960,Sheryl Barrett,female,37,insurance agent
10961,Randy Fry,male,30,musician
10962,Pamela Lin,female,56,chef
10963,Morgan Wilson,female,24,student
10964,Lindsay Smith,female,29,pharmacist
10965,Sarah Morris,female,58,journalist
10966,Kevin Salas,male,32,marketing specialist
10967,Matthew Hays,male,63,freelancer
10968,Kristen DDS,female,40,unemployed
10969,Gerald Pollard,male,41,customer service representative
10970,Gloria May,female,51,data analyst
10971,Matthew Patrick,male,61,consultant
10972,Amanda Lopez,female,18,unemployed
10973,Cynthia Jones,female,40,software developer
10974,Jennifer Turner,female,61,chef
10975,Chad Fields,male,22,delivery driver
10976,Tina Roberts,female,37,marketing specialist
10977,Jerome Henderson,male,45,doctor
10978,Kathy Hernandez,female,60,journalist
10979,Monica Knight,female,44,artist
10980,Rhonda Howell,female,46,military personnel
10981,Rachel Baker,female,29,musician
10982,Misty George,female,44,data analyst
10983,Jasmine Atkins,female,48,data scientist
10984,Patrick Wood,male,18,content creator
10985,Michelle Savage,female,54,architect
10986,James Henry,male,44,electrician
10987,Veronica Hanson,female,60,civil servant
10988,Eric Ho,male,56,data scientist
10989,Nicole Roberts,female,50,artist
10990,Debra Williams,female,48,content creator
10991,Shawn Mccarthy,male,39,nurse
10992,Erica Bauer,female,25,accountant
10993,Cameron Perez,male,28,data analyst
10994,Brittany Nelson,female,48,researcher
10995,Vickie Lowery,female,52,warehouse worker
10996,Daniel Delacruz,male,51,manager
10997,Sara Maxwell,female,60,sales executive
10998,Frank Sanders,male,18,freelancer
10999,Laura Collins,female,41,real estate agent
11000,Jacob Schultz,male,49,human resources officer
11001,Sara Leonard,female,29,mechanic
11002,Joseph Cunningham,male,38,retail worker
11003,Beth Jackson,female,43,engineer
11004,Jacob Sexton,male,20,retail worker
11005,Charles Ellis,male,52,pharmacist
11006,David Patel,male,22,farmer
11007,Lawrence Goodwin,male,58,banker
11008,Gina Branch,female,40,chef
11009,Samantha Maxwell,female,22,technician
11010,Susan Logan,female,37,financial analyst
11011,Ryan Shannon,male,61,architect
11012,Scott Crawford,male,52,electrician
11013,Alexander Anderson,male,26,business owner
11014,Sean Smith,male,38,software developer
11015,Matthew Duncan,male,22,homemaker
11016,Courtney Diaz,female,56,teacher
11017,Brandon Beard,male,55,farmer
11018,Michael Howell,male,24,military personnel
11019,Daniel Dodson,male,50,police officer
11020,Becky Rice,female,53,teacher
11021,Paul Burch,male,39,manager
11022,Mandy Beasley,female,64,civil servant
11023,John Garner,male,34,unemployed
11024,Edward Arnold,male,55,artist
11025,David Mcdonald,male,34,researcher
11026,James Sparks,male,31,farmer
11027,Jeremy Dawson,male,45,architect
11028,Nicole Newman,female,30,graphic designer
11029,Timothy Randolph,male,81,retired
11030,Erika Vargas,female,59,retail worker
11031,Carl Baker,male,31,civil servant
11032,Pamela Woods,female,69,farmer
11033,Joy King,female,35,graphic designer
11034,Gina Martin,female,22,student
11035,Regina Fox,female,31,project manager
11036,Brandon Walls,male,68,artist
11037,James Schmidt,male,68,professor
11038,Jennifer Cannon,female,49,travel agent
11039,Sandra Marks,female,67,farmer
11040,Rachel Chang,female,44,engineer
11041,Dustin Rivera,male,28,consultant
11042,Melissa Matthews,female,55,accountant
11043,Isabella Shaw,female,38,musician
11044,Jeremy Wells,male,53,technician
11045,Kenneth Farley,male,46,writer
11046,Carlos Fowler,male,42,unemployed
11047,Valerie Stewart,female,46,journalist
11048,Sarah Marquez,female,55,insurance agent
11049,Kara Clements,female,54,real estate agent
11050,Victoria Newman,female,25,administrative officer
11051,Ricky Meyer,male,54,graphic designer
11052,Jose Hamilton,male,48,police officer
11053,Nicole Miller,female,50,teacher
11054,Laura Montgomery,female,58,freelancer
11055,Mandy Spence,female,69,business owner
11056,George Kim,male,35,architect
11057,Mackenzie Ali,female,41,administrative officer
11058,Malik Murray,male,54,accountant
11059,Kenneth Taylor,male,36,lecturer
11060,Jonathan Casey,male,24,marketing specialist
11061,Sandra Carter,female,39,military personnel
11062,Tony Humphrey,male,33,warehouse worker
11063,Laura Zimmerman,female,69,musician
11064,Lynn Patrick,female,20,freelancer
11065,Alicia Pierce,female,70,professor
11066,Allison Johnson,female,51,data analyst
11067,Christopher Montoya,male,37,professor
11068,Kyle Foster,male,25,teacher
11069,Frank Morris,male,51,retail worker
11070,Dawn Aguilar,female,25,travel agent
11071,Andrew Lyons,male,32,real estate agent
11072,Adrian Jr.,male,36,shop assistant
11073,Teresa Robertson,female,57,electrician
11074,Clifford Moore,male,30,data analyst
11075,Scott Yoder,male,51,professor
11076,Vanessa Schwartz,female,22,technician
11077,Jay Padilla,male,43,architect
11078,Elizabeth Black,female,56,technician
11079,Tiffany Reed,female,40,data scientist
11080,Laurie Moore,female,31,real estate agent
11081,Catherine Robinson,female,56,professor
11082,Daniel Hahn,male,51,sales executive
11083,Tony Ford,male,30,consultant
11084,Melanie Jimenez,female,23,government employee
11085,Stephanie Buchanan,female,28,sales executive
11086,Robert Hammond,male,60,lecturer
11087,Alexa Fletcher,female,21,student
11088,Kyle Scott,male,29,construction worker
11089,Karen Soto,female,63,accountant
11090,Clarence Hicks,male,57,lawyer
11091,Jason Bentley,male,38,lecturer
11092,Stacy Krause,female,54,military personnel
11093,Jonathan Barnett,male,52,chef
11094,Riley Hurst,male,48,lecturer
11095,Joe Christensen,male,34,marketing specialist
11096,Randy Richardson,male,40,writer
11097,William Stark,male,23,customer service representative
11098,Charles Cox,male,73,retired
11099,Nicholas Preston,male,53,human resources officer
11100,Erica Smith,female,39,insurance agent
11101,Paul Stanley,male,26,researcher
11102,Michael Delgado,male,25,photographer
11103,Joel Cruz,male,61,lecturer
11104,Jason Gregory,male,38,warehouse worker
11105,Melissa Kramer,female,24,nurse
11106,Jennifer Frederick,female,59,project manager
11107,Kenneth Thompson,male,51,marketing specialist
11108,Sharon Johnson,female,72,retired
11109,Mark Copeland,male,31,pharmacist
11110,Marissa Harris,female,67,architect
11111,Tammy Sparks,female,55,customer service representative
11112,Meghan Price,female,26,data scientist
11113,Jordan Berg,male,26,human resources officer
11114,Matthew Hubbard,male,27,data analyst
11115,Craig Randolph,male,37,human resources officer
11116,Larry Diaz,male,34,project manager
11117,Tammy Eaton,female,58,engineer
11118,Kyle Carpenter,male,32,technician
11119,Jessica Harrison,female,54,banker
11120,Isaac Black,male,64,photographer
11121,Patricia Wells,female,48,content creator
11122,Timothy Nguyen,male,51,manager
11123,Clayton Short,male,46,social worker
11124,Ricardo Bryan,male,51,shop assistant
11125,Carl Hicks,male,21,content creator
11126,Robert Fisher,male,38,consultant
11127,David Chang,male,32,consultant
11128,Donna Ward,female,52,data analyst
11129,Melissa Harmon,female,39,military personnel
11130,Nathan Gomez,male,54,manager
11131,Bradley Graham,male,54,administrative officer
11132,Isabella Andrade,female,46,customer service representative
11133,Frank Henry,male,57,civil servant
11134,William Kim,male,22,chef
11135,Mary Saunders,female,56,data scientist
11136,Sergio Thompson,male,65,travel agent
11137,Rebecca Kelly,female,37,human resources officer
11138,Scott Rose,male,39,researcher
11139,Jade English,female,34,banker
11140,Susan Banks,female,26,student
11141,Tony Jenkins,male,50,financial analyst
11142,Samuel Porter,male,41,delivery driver
11143,Brittany Meyer,female,38,banker
11144,Adam Hanna,male,33,unemployed
11145,Molly DDS,female,34,data analyst
11146,John Powell,male,57,nurse
11147,Timothy Bell,male,33,journalist
11148,Megan Daniels,female,49,lecturer
11149,Summer Hawkins,female,29,doctor
11150,Jennifer Wheeler,female,37,engineer
11151,David Porter,male,37,warehouse worker
11152,Daniel Schmidt,male,22,marketing specialist
11153,Kimberly Simmons,female,52,data analyst
11154,Janet Walters,female,31,data analyst
11155,Erin Boyle,female,32,real estate agent
11156,Robert Ramos,male,30,financial analyst
11157,Jason Perez,male,34,data scientist
11158,Laura Valencia,female,33,homemaker
11159,Sean Schwartz,male,35,construction worker
11160,Carolyn Wilson,female,19,customer service representative
11161,Dwayne Edwards,male,60,farmer
11162,Christopher Burke,male,68,real estate agent
11163,Susan Smith,female,78,retired
11164,Angela Kelly,female,38,retail worker
11165,Joanne Bray,female,34,financial analyst
11166,Alan Patel,male,46,social worker
11167,Evan Wilson,male,55,data analyst
11168,David II,male,53,construction worker
11169,Kendra Bell,female,59,accountant
11170,Elizabeth Adkins,female,24,electrician
11171,Gregory Pena,male,46,writer
11172,Audrey Wilson,female,50,delivery driver
11173,Joseph Haley,male,46,administrative officer
11174,Rebecca Burke,female,58,doctor
11175,Tamara Sanchez,female,55,pharmacist
11176,Catherine Mendoza,female,23,data analyst
11177,Bobby Walker,male,37,retail worker
11178,Jesse Wood,male,46,sales executive
11179,Angel Vincent,female,59,delivery driver
11180,Tanya Avila,female,60,homemaker
11181,John Brooks,male,24,shop assistant
11182,Michael Charles,male,48,delivery driver
11183,Nicholas Cervantes,male,28,sales executive
11184,Richard Hull,male,35,project manager
11185,Alexandria Mitchell,female,46,technician
11186,Diane Morris,female,39,lecturer
11187,Laura Ramirez,female,27,data analyst
11188,Donna Martinez,female,66,retired
11189,Sergio Garcia,male,39,doctor
11190,Leonard Wright,male,57,technician
11191,Amy Werner,female,58,insurance agent
11192,Cynthia Watson,female,56,project manager
11193,Shawn Richardson,male,70,doctor
11194,Emily Meadows,female,31,military personnel
11195,Kimberly Hudson,female,40,manager
11196,Charlene DDS,female,34,engineer
11197,Joseph Castro,male,59,teacher
11198,Erika Ruiz,female,45,chef
11199,Kristen Osborne,female,53,nurse
11200,Danielle Chapman,female,25,electrician
11201,Daniel Davidson,male,64,accountant
11202,Danielle Kim,female,42,human resources officer
11203,Alexander Porter,male,29,financial analyst
11204,Jonathan Cochran,male,30,musician
11205,Vanessa Gibbs,female,50,graphic designer
11206,Michael Carter,male,34,data scientist
11207,Jeremy MD,male,64,insurance agent
11208,Stephanie Daniel,female,42,technician
11209,Crystal White,female,64,real estate agent
11210,Jared Hernandez,male,24,student
11211,Haley Cruz,female,60,chef
11212,Lisa Lambert,female,30,real estate agent
11213,Emma Silva,female,45,content creator
11214,Tina Dougherty,female,33,project manager
11215,Diana Walsh,female,44,government employee
11216,Mitchell Garza,male,85,retired
11217,Juan Lambert,male,61,architect
11218,Phillip Vazquez,male,58,writer
11219,Jacob Harmon,male,60,musician
11220,Mark Thomas,male,56,entrepreneur
11221,Seth Dougherty,male,25,technician
11222,Jody Wolfe,female,24,technician
11223,Bradley Lee,male,52,police officer
11224,Lisa West,female,42,writer
11225,Carl Rodriguez,male,28,graphic designer
11226,Dana Cole,female,39,technician
11227,Timothy Webb,male,24,shop assistant
11228,Taylor Walker,female,37,financial analyst
11229,Robert Wise,male,18,freelancer
11230,William Hardy,male,28,insurance agent
11231,Angela Kennedy,female,40,police officer
11232,Aaron Mercado,male,30,artist
11233,Lacey Poole,female,23,student
11234,Jeffery MD,male,22,warehouse worker
11235,George Gutierrez,male,20,musician
11236,Kristy Cole,female,31,doctor
11237,Thomas Gibbs,male,39,musician
11238,Rita Flores,female,23,delivery driver
11239,Mark Beasley,male,33,retail worker
11240,Matthew Gomez,male,49,project manager
11241,Amanda Murphy,female,25,teacher
11242,Nicole Curtis,female,44,data analyst
11243,Kimberly Johnson,female,25,warehouse worker
11244,Erica Nguyen,female,32,musician
11245,Christine Washington,female,52,writer
11246,Ian Kennedy,male,52,lawyer
11247,Joseph Hernandez,male,32,police officer
11248,Alexis Mitchell,female,36,retail worker
11249,Rachel Moss,female,49,warehouse worker
11250,Eric Sanchez,male,58,technician
11251,Adam Lambert,male,29,nurse
11252,Melanie Wilson,female,58,manager
11253,Holly Reyes,female,33,government employee
11254,Crystal Mitchell,female,44,consultant
11255,Jeremiah Pena,male,29,banker
11256,Amanda Calderon,female,36,nurse
11257,Elizabeth Rush,female,59,travel agent
11258,Chad Sims,male,52,sales executive
11259,Shane Duncan,male,51,lecturer
11260,Tammy Cruz,female,34,police officer
11261,Eric Allen,male,51,human resources officer
11262,Hannah Horton,female,38,researcher
11263,Samantha Dougherty,female,58,farmer
11264,Courtney Rios,female,46,customer service representative
11265,Claudia Carter,female,45,engineer
11266,Carmen Cox,female,46,business owner
11267,Nicholas Young,male,47,shop assistant
11268,Phillip Phillips,male,44,construction worker
11269,Clinton Nelson,male,49,lecturer
11270,Richard Mccoy,male,24,student
11271,Randy Blair,male,20,customer service representative
11272,Daniel Meadows,male,23,student
11273,Albert Miles,male,73,retired
11274,Misty Parrish,female,30,human resources officer
11275,Nancy Simpson,female,31,architect
11276,Emily Turner,female,58,travel agent
11277,James Rodgers,male,36,business owner
11278,Lauren Landry,female,31,lecturer
11279,Jonathan Smith,male,44,lawyer
11280,Tracy Clay,female,37,artist
11281,Crystal Sims,female,32,military personnel
11282,Lance Shelton,male,25,student
11283,Jacob Garcia,male,60,government employee
11284,Dean Ortiz,male,70,consultant
11285,David MD,male,22,entrepreneur
11286,Bethany Powell,female,49,writer
11287,James Townsend,male,38,banker
11288,Peter Mercado,male,51,unemployed
11289,Jonathan Reese,male,63,travel agent
11290,Ellen Ramirez,female,46,police officer
11291,Amy Elliott,female,65,journalist
11292,Marissa Davis,female,55,banker
11293,Jon Cantu,male,78,retired
11294,Donald Reyes,male,34,data analyst
11295,Angela Flowers,female,28,artist
11296,Jo Mosley,female,60,data scientist
11297,Sarah Baker,female,49,lecturer
11298,Cody Green,male,29,travel agent
11299,Jonathan Chen,male,53,pharmacist
11300,Rickey Rodgers,male,41,insurance agent
11301,William Scott,male,60,accountant
11302,Ryan Yates,male,25,graphic designer
11303,Daniel Cross,male,31,architect
11304,Andrew Larson,male,25,data analyst
11305,Steven Montoya,male,25,software developer
11306,Aaron Solis,male,43,engineer
11307,Megan Collins,female,40,graphic designer
11308,Phillip Nelson,male,45,software developer
11309,Brandon Gonzalez,male,42,pharmacist
11310,Kim Mcmillan,female,59,retail worker
11311,Ian Jones,male,38,freelancer
11312,Tracy Cox,female,57,insurance agent
11313,Joshua Fowler,male,32,insurance agent
11314,Donald Mcdowell,male,42,doctor
11315,Melissa Gonzales,female,37,travel agent
11316,Brittany Lopez,female,39,human resources officer
11317,Michael Lopez,male,55,project manager
11318,John Mayer,male,43,financial analyst
11319,Jerry Moon,male,35,writer
11320,Eddie Macias,male,24,social worker
11321,Katie Romero,female,49,sales executive
11322,Wayne Bowman,male,71,homemaker
11323,Elizabeth Parks,female,52,lawyer
11324,Dylan Jr.,male,23,insurance agent
11325,Jennifer Reed,female,32,banker
11326,Christopher Cline,male,30,police officer
11327,Stacey Ortiz,female,43,content creator
11328,Robin Maynard,female,32,sales executive
11329,Michael Hall,male,27,police officer
11330,Cody Lee,male,25,student
11331,Stephanie Dawson,female,37,warehouse worker
11332,Brian Cole,male,52,financial analyst
11333,Dana Williams,female,58,technician
11334,Melanie Walker,female,53,mechanic
11335,Martha Pope,female,41,government employee
11336,James Ramirez,male,64,writer
11337,Christopher Henderson,male,67,business owner
11338,Sean Savage,male,34,content creator
11339,Kelsey Steele,female,31,shop assistant
11340,Maria Diaz,female,41,project manager
11341,Ashley Hill,female,62,unemployed
11342,Stephanie Elliott,female,29,doctor
11343,Anna Washington,female,32,graphic designer
11344,Brandon Stewart,male,63,researcher
11345,Alex Gray,male,43,technician
11346,Kathryn Mathis,female,49,architect
11347,Jamie Brown,female,38,business owner
11348,Tiffany Jenkins,female,32,entrepreneur
11349,Mark Anderson,male,29,student
11350,Tina Garcia,female,51,pharmacist
11351,Willie Thomas,male,27,retail worker
11352,Jeffery Davidson,male,56,real estate agent
11353,Paula Rogers,female,44,travel agent
11354,Calvin Brown,male,71,retired
11355,Billy Delacruz,male,39,musician
11356,Stacy Crawford,female,65,artist
11357,Jennifer Fletcher,female,48,teacher
11358,Maria White,female,40,graphic designer
11359,Kiara Barnes,female,50,military personnel
11360,Veronica Lewis,female,24,writer
11361,Pamela Hawkins,female,41,content creator
11362,Tasha Wilson,female,52,social worker
11363,Tiffany Ruiz,female,32,content creator
11364,Kelly Beltran,female,53,farmer
11365,Douglas Gonzalez,male,48,civil servant
11366,Lisa Morrison,female,33,accountant
11367,Allison Williams,female,50,accountant
11368,Nancy Myers,female,27,mechanic
11369,Amanda Smith,female,55,customer service representative
11370,Marissa Mitchell,female,61,unemployed
11371,Samantha Orozco,female,40,researcher
11372,Kelly Ferguson,female,55,accountant
11373,Christopher Hall,male,66,retired
11374,Kim Preston,female,30,data scientist
11375,Brittany Mueller,female,58,administrative officer
11376,Brandy Chavez,female,49,military personnel
11377,Victor Murphy,male,37,administrative officer
11378,Edward Lambert,male,29,business owner
11379,Juan Sampson,male,48,real estate agent
11380,John Ware,male,48,government employee
11381,Martin Wagner,male,31,teacher
11382,Emily Greene,female,51,administrative officer
11383,Anthony Alvarez,male,41,data scientist
11384,Ronald Thompson,male,39,customer service representative
11385,Nicole MD,female,61,accountant
11386,Kelly Woods,female,32,insurance agent
11387,William Banks,male,25,administrative officer
11388,Douglas Hull,male,50,insurance agent
11389,Patrick Adkins,male,47,business owner
11390,Brianna Mccoy,female,37,entrepreneur
11391,Darrell Cox,male,49,lecturer
11392,Kathryn Campbell,female,21,entrepreneur
11393,Brian Todd,male,31,delivery driver
11394,Lauren Baker,female,52,lecturer
11395,Bradley Sullivan,male,51,civil servant
11396,Lisa Gonzalez,female,53,insurance agent
11397,Jeffrey Andersen,male,31,lawyer
11398,James Parks,male,22,nurse
11399,William Paul,male,44,nurse
11400,James Massey,male,56,homemaker
11401,Autumn Davis,female,45,police officer
11402,Krista Moore,female,66,consultant
11403,Lindsey Perkins,female,55,government employee
11404,Thomas Wright,male,19,construction worker
11405,Allen Jones,male,54,real estate agent
11406,Adam Skinner,male,56,homemaker
11407,Faith Wise,female,24,retail worker
11408,Crystal Howard,female,53,real estate agent
11409,Zachary Diaz,male,61,nurse
11410,John Reynolds,male,27,lawyer
11411,Deborah Allen,female,23,warehouse worker
11412,Chris Lopez,male,38,entrepreneur
11413,Joseph Sherman,male,35,manager
11414,Anne Sanders,female,51,lawyer
11415,Walter Diaz,male,35,artist
11416,Andrew Ruiz,male,33,insurance agent
11417,Cheryl Anderson,female,50,content creator
11418,Michael Conrad,male,37,photographer
11419,Katherine Sparks,female,25,business owner
11420,Christopher Mercer,male,64,manager
11421,John Durham,male,24,banker
11422,Susan Middleton,female,53,human resources officer
11423,Michelle Morales,female,54,freelancer
11424,Shannon Garcia,female,50,civil servant
11425,Nathaniel Wilson,male,45,pharmacist
11426,Suzanne Mcconnell,female,46,engineer
11427,Tammy Harrison,female,54,data analyst
11428,April Ortiz,female,54,software developer
11429,Emily Raymond,female,49,construction worker
11430,Joshua Alvarez,male,41,insurance agent
11431,Cheryl Smith,female,36,unemployed
11432,Veronica Davis,female,50,shop assistant
11433,Sonya Davis,female,38,homemaker
11434,Brian Santos,male,41,financial analyst
11435,Mark Santos,male,29,human resources officer
11436,Allen Sanchez,male,43,consultant
11437,Laurie Howard,female,25,accountant
11438,Debbie Johnson,female,29,real estate agent
11439,Max Christian,male,33,civil servant
11440,Susan Roberts,female,63,retired
11441,Jeffrey Wilkins,male,31,retail worker
11442,Christine Farmer,female,28,real estate agent
11443,Toni Zimmerman,female,37,banker
11444,Sara King,female,53,retail worker
11445,Eddie MD,male,42,consultant
11446,Paul Thomas,male,46,artist
11447,Ryan Newman,male,38,administrative officer
11448,Sonya Martinez,female,42,chef
11449,Bobby Knapp,male,38,real estate agent
11450,Anthony Stone,male,29,content creator
11451,Kyle Bailey,male,60,researcher
11452,Melissa Myers,female,46,manager
11453,Ryan Simpson,male,45,civil servant
11454,Frederick Juarez,male,41,pharmacist
11455,Travis Goodwin,male,51,graphic designer
11456,Ricky Smith,male,55,teacher
11457,Franklin Underwood,male,25,software developer
11458,Melissa Lewis,female,25,insurance agent
11459,Tanya MD,female,23,artist
11460,Martin Newton,male,46,doctor
11461,Mackenzie Sherman,female,42,content creator
11462,Kathleen George,female,59,homemaker
11463,Mark Nichols,male,38,banker
11464,Melinda Morris,female,24,pharmacist
11465,Megan Walters,female,38,doctor
11466,John Monroe,male,39,government employee
11467,Debra Walker,female,36,entrepreneur
11468,Larry Johnson,male,34,consultant
11469,Kathryn Ward,female,49,lecturer
11470,Jack Allen,male,40,artist
11471,Sarah Webb,female,45,architect
11472,Anthony Lucero,male,78,retired
11473,Daniel Smith,male,67,writer
11474,Ashley Murphy,female,54,police officer
11475,Kenneth West,male,54,doctor
11476,Oscar Howard,male,56,lawyer
11477,Garrett French,male,22,shop assistant
11478,Andrew Bell,male,60,farmer
11479,Monica Myers,female,65,business owner
11480,Jennifer Harris,female,24,mechanic
11481,Larry Snow,male,32,lawyer
11482,Jeffery Reid,male,22,freelancer
11483,Hannah Adams,female,48,government employee
11484,Nathan Nielsen,male,24,data scientist
11485,Tara James,female,32,data analyst
11486,Kayla Mcclain,female,57,manager
11487,Jordan Patel,male,44,banker
11488,Mary Long,female,47,customer service representative
11489,Brandon Martinez,male,40,researcher
11490,Roberto Stevens,male,29,student
11491,Lindsey Humphrey,female,25,electrician
11492,Samantha Martin,female,41,researcher
11493,Brad Murphy,male,21,unemployed
11494,Breanna Smith,female,54,data scientist
11495,Sandra Stone,female,34,accountant
11496,Nicole Patterson,female,56,consultant
11497,Michael Lyons,male,29,student
11498,Dean Lopez,male,37,travel agent
11499,Jonathan Erickson,male,30,administrative officer
11500,Dakota Santos,male,64,consultant
11501,John King,male,43,consultant
11502,Brian Huang,male,36,accountant
11503,Adam King,male,39,artist
11504,Kirk Kemp,male,26,construction worker
11505,Jacob Romero,male,36,content creator
11506,Michelle Roberts,female,44,graphic designer
11507,William Bates,male,33,military personnel
11508,Tina MD,female,48,musician
11509,Martin Meadows,male,32,unemployed
11510,Walter Lawson,male,32,financial analyst
11511,Kevin Chavez,male,59,retail worker
11512,Mikayla Garcia,female,23,software developer
11513,Andrea Aguilar,female,56,data scientist
11514,Erica Garcia,female,39,artist
11515,Benjamin Rios,male,55,technician
11516,Alyssa Murphy,female,29,journalist
11517,Jennifer Ray,female,36,human resources officer
11518,Sandra Burnett,female,31,writer
11519,Shawn Jackson,male,50,electrician
11520,Monica White,female,31,software developer
11521,Terrence Grant,male,36,government employee
11522,Kelly Morris,female,23,journalist
11523,Phillip Johnston,male,55,graphic designer
11524,Sandra Garcia,female,41,content creator
11525,William Proctor,male,30,researcher
11526,Jeffrey Stone,male,48,musician
11527,Caroline Perez,female,32,data analyst
11528,Jeff MD,male,51,lecturer
11529,Matthew Black,male,39,construction worker
11530,Brian Hall,male,52,military personnel
11531,Joshua Buchanan,male,24,farmer
11532,Victoria Kim,female,32,marketing specialist
11533,Crystal Martinez,female,37,administrative officer
11534,Christine Brown,female,47,manager
11535,Derek Jackson,male,20,student
11536,Sonya Smith,female,26,retail worker
11537,Crystal Kelly,female,56,professor
11538,Katie Anderson,female,21,delivery driver
11539,Deborah Cummings,female,26,chef
11540,Willie Brown,male,46,data analyst
11541,Monica Nichols,female,47,police officer
11542,Leslie Tran,female,54,artist
11543,Gina Tucker,female,41,researcher
11544,Julie Gay,female,52,lawyer
11545,Elizabeth Morris,female,20,freelancer
11546,Theresa Robinson,female,65,lecturer
11547,Patricia James,female,69,farmer
11548,Stephanie Brown,female,47,accountant
11549,Brandon Berry,male,38,mechanic
11550,Nathan DVM,male,68,musician
11551,Kevin II,male,74,retired
11552,Katherine Barber,female,23,graphic designer
11553,David Brown,male,59,data scientist
11554,Marcus Kaufman,male,26,business owner
11555,Christine Perry,female,39,consultant
11556,Kevin Koch,male,34,human resources officer
11557,Dustin Calhoun,male,57,homemaker
11558,Andrew Thomas,male,55,artist
11559,Catherine Nelson,female,66,professor
11560,Elizabeth Hansen,female,41,chef
11561,David Ward,male,49,travel agent
11562,Frank Saunders,male,48,construction worker
11563,Sandra Johnston,female,51,unemployed
11564,George Vance,male,45,data analyst
11565,Suzanne Alexander,female,40,delivery driver
11566,Carl Olsen,male,33,military personnel
11567,Susan MD,female,60,human resources officer
11568,Joshua Stanley,male,51,administrative officer
11569,Sarah Edwards,female,35,sales executive
11570,Nicole Clarke,female,42,sales executive
11571,Joshua Owen,male,36,farmer
11572,Dennis Morris,male,29,researcher
11573,Michele Duarte,female,30,journalist
11574,Nathan Chan,male,27,shop assistant
11575,Wayne Green,male,60,teacher
11576,Madison Strong,female,38,homemaker
11577,Tammy Wade,female,31,architect
11578,Robert Ramirez,male,39,content creator
11579,Carrie Wilson,female,50,military personnel
11580,Kathleen Stewart,female,55,police officer
11581,Meghan Johnson,female,37,administrative officer
11582,Benjamin PhD,male,38,financial analyst
11583,Shane Bailey,male,42,teacher
11584,Anthony Mccoy,male,63,writer
11585,Benjamin Scott,male,48,data scientist
11586,Tiffany Howard,female,32,farmer
11587,Aaron Williams,male,62,unemployed
11588,Dawn Howard,female,58,accountant
11589,Janice Conner,female,47,social worker
11590,Tracy Pacheco,female,33,writer
11591,Isaiah Smith,male,29,police officer
11592,Juan PhD,male,40,chef
11593,Brandy Ramos,female,45,musician
11594,Vincent Moreno,male,40,police officer
11595,Lindsey Rodgers,female,63,manager
11596,Katie Jackson,female,27,data scientist
11597,Ricky Cruz,male,25,insurance agent
11598,Isabel Rivera,female,43,police officer
11599,David Morgan,male,35,lecturer
11600,Shawna Spears,female,27,chef
11601,Kathleen Jones,female,39,professor
11602,Denise Avery,female,56,photographer
11603,Ralph Griffith,male,25,financial analyst
11604,Chelsea Townsend,female,34,journalist
11605,Mario Vazquez,male,46,artist
11606,Paula Moore,female,45,government employee
11607,Kevin Morales,male,52,chef
11608,Heidi Richmond,female,69,business owner
11609,Katrina Knapp,female,60,consultant
11610,Maria Lawson,female,56,government employee
11611,David Parker,male,56,human resources officer
11612,Teresa Vega,female,41,homemaker
11613,Katherine Joseph,female,32,police officer
11614,Brooke Lane,female,70,architect
11615,Frederick Andrews,male,27,retail worker
11616,Deborah Davenport,female,29,real estate agent
11617,Laura Torres,female,30,marketing specialist
11618,Kenneth Collins,male,34,sales executive
11619,Philip Stephens,male,49,warehouse worker
11620,David Waller,male,27,unemployed
11621,Maria Roberts,female,28,student
11622,Robert Snyder,male,44,banker
11623,Tyler Walton,male,46,project manager
11624,Maxwell Nunez,male,33,electrician
11625,Rebekah Nash,female,53,human resources officer
11626,Donald Hernandez,male,23,student
11627,Brett Medina,male,43,delivery driver
11628,Beth Medina,female,43,artist
11629,Jessica Roman,female,34,business owner
11630,Michael Ross,male,58,manager
11631,Leslie Chapman,male,51,technician
11632,Stephanie Martin,female,45,human resources officer
11633,Beth Ray,female,44,journalist
11634,Christine West,female,36,shop assistant
11635,Kathleen Hebert,female,48,government employee
11636,Rebecca Fisher,female,43,pharmacist
11637,Fernando Wilson,male,54,banker
11638,Ryan Graham,male,38,project manager
11639,Rebecca Gross,female,54,financial analyst
11640,Roger Perry,male,23,data analyst
11641,Elizabeth Ramirez,female,39,homemaker
11642,Tracy Rangel,female,25,banker
11643,Devon MD,male,56,architect
11644,Theresa Brown,female,51,unemployed
11645,Nicole Terry,female,48,engineer
11646,Victor Scott,male,26,financial analyst
11647,Shawn Flores,male,38,human resources officer
11648,Brandi Price,female,42,photographer
11649,Katherine Dodson,female,30,sales executive
11650,Nicole Adams,female,42,delivery driver
11651,Gabrielle Caldwell,female,51,customer service representative
11652,Tom Ayers,male,46,lawyer
11653,Daniel Clayton,male,60,mechanic
11654,Valerie Smith,female,56,artist
11655,Geoffrey Key,male,53,architect
11656,Tiffany Deleon,female,46,data analyst
11657,Christopher Mcfarland,male,51,sales executive
11658,Joseph Mann,male,51,military personnel
11659,Karen Armstrong,female,21,customer service representative
11660,Shirley Jimenez,female,62,writer
11661,Justin Ritter,male,32,content creator
11662,Sharon Moss,female,58,lawyer
11663,Jeffery Powell,male,39,software developer
11664,Timothy Shepherd,male,49,professor
11665,Rachel Lopez,female,27,sales executive
11666,Martin Townsend,male,67,retired
11667,Donna Holt,female,50,data scientist
11668,Tyler Morrison,male,55,data scientist
11669,Brian Kelly,male,44,farmer
11670,Seth Owens,male,24,mechanic
11671,Charles Henry,male,48,warehouse worker
11672,Dwayne Cooley,male,39,military personnel
11673,Jean Duffy,female,75,homemaker
11674,Felicia Bond,female,50,customer service representative
11675,Andrew Price,male,46,data scientist
11676,Jessica Alvarez,female,26,government employee
11677,Mario Thomas,male,46,shop assistant
11678,Cindy Horn,female,35,freelancer
11679,Patricia Evans,female,47,retail worker
11680,Victoria Andrews,female,30,teacher
11681,Peter Ramirez,male,26,architect
11682,Autumn Newman,female,41,lecturer
11683,Sarah Fisher,female,28,government employee
11684,David Ritter,male,50,lawyer
11685,Juan Holder,male,27,engineer
11686,Deborah Melendez,female,56,journalist
11687,Robert Mckenzie,male,37,nurse
11688,Taylor Jarvis,male,25,retail worker
11689,Timothy Wilcox,male,39,construction worker
11690,Daniel Olson,male,60,architect
11691,Michael Mcclure,male,32,lawyer
11692,Joshua Strickland,male,39,delivery driver
11693,Dana Velasquez,female,66,business owner
11694,Shelly Wells,female,55,researcher
11695,Ricky Cowan,male,51,nurse
11696,Robert Morales,male,42,data analyst
11697,Jessica Williamson,female,30,entrepreneur
11698,Shannon Pena,female,51,shop assistant
11699,Raymond Dixon,male,46,financial analyst
11700,Charles Finley,male,28,student
11701,Philip Freeman,male,41,customer service representative
11702,Nicholas Hobbs,male,20,photographer
11703,Ronnie Valencia,male,38,warehouse worker
11704,Carolyn Rose,female,46,project manager
11705,Christopher Freeman,male,64,accountant
11706,Rachel Reyes,female,41,doctor
11707,Amber Smith,female,27,artist
11708,Shelby Mueller,female,31,travel agent
11709,Sharon Krueger,female,83,retired
11710,Catherine Curry,female,50,software developer
11711,Angela Huang,female,36,software developer
11712,Ashley Jones,female,39,nurse
11713,Regina Wright,female,27,business owner
11714,Joyce Mcneil,female,42,sales executive
11715,Holly Rice,female,26,photographer
11716,Lisa Walker,female,44,doctor
11717,Amanda Aguilar,female,41,banker
11718,Steven Stanley,male,69,doctor
11719,James Bridges,male,50,entrepreneur
11720,Brandon Robinson,male,18,content creator
11721,Anthony Terry,male,37,consultant
11722,Matthew Murray,male,62,accountant
11723,Anna Tapia,female,33,unemployed
11724,Trevor Pham,male,50,social worker
11725,Terri DDS,female,23,accountant
11726,Daniel PhD,male,36,technician
11727,Shaun Davis,male,48,military personnel
11728,Donna Jackson,female,46,data scientist
11729,Brooke Grimes,female,44,homemaker
11730,Melissa Simmons,female,44,government employee
11731,Christopher Santos,male,27,business owner
11732,Nathan Davenport,male,62,researcher
11733,Angela Greer,female,65,insurance agent
11734,Amanda Hartman,female,43,administrative officer
11735,Gerald Miller,male,38,electrician
11736,Dana Jones,female,48,travel agent
11737,Terri Carr,female,64,chef
11738,Victor Hess,male,31,project manager
11739,Richard Lindsey,male,50,writer
11740,Denise Mcintosh,female,43,retail worker
11741,Yesenia Lawson,female,43,graphic designer
11742,Sarah Scott,female,33,project manager
11743,Steven Bennett,male,39,farmer
11744,Hannah Monroe,female,57,professor
11745,Eric Hancock,male,41,social worker
11746,James Mcdowell,male,66,real estate agent
11747,Nicholas Vasquez,male,23,financial analyst
11748,Shawn Rodgers,male,45,content creator
11749,Justin Wilcox,male,51,chef
11750,Anthony Oconnell,male,37,social worker
11751,Bill Porter,male,45,journalist
11752,Erin Lozano,female,48,government employee
11753,Christopher Vasquez,male,26,data scientist
11754,Samuel Nguyen,male,56,farmer
11755,Susan Ramirez,female,24,nurse
11756,William Green,male,40,content creator
11757,Jared Gibbs,male,68,architect
11758,Joshua Graves,male,59,manager
11759,Amy Fuentes,female,23,customer service representative
11760,Maureen Barrett,female,39,freelancer
11761,Stephen III,male,28,content creator
11762,Wendy Williams,female,41,writer
11763,Arthur Swanson,male,49,engineer
11764,Bruce Hernandez,male,36,pharmacist
11765,Aaron Daugherty,male,50,farmer
11766,Angela Valdez,female,44,writer
11767,Kimberly Winters,female,60,business owner
11768,Heather Kennedy,female,59,business owner
11769,Courtney Goodman,female,37,professor
11770,Jenna Mclaughlin,female,36,insurance agent
11771,Emily Martinez,female,54,warehouse worker
11772,Bradley Johnson,male,46,construction worker
11773,Jessica Miller,female,27,accountant
11774,Jim Todd,male,61,travel agent
11775,Patrick Gilmore,male,62,lecturer
11776,Joan Kennedy,female,30,police officer
11777,Katie Dickson,female,30,delivery driver
11778,Jessica Moreno,female,44,content creator
11779,Christopher Carey,male,48,customer service representative
11780,Crystal Willis,female,62,freelancer
11781,Christine Sampson,female,59,data scientist
11782,Chris Cox,male,33,civil servant
11783,Christopher Cox,male,25,freelancer
11784,Thomas Ramirez,male,22,electrician
11785,Steven Byrd,male,28,student
11786,Robert Morton,male,73,homemaker
11787,Mark Mejia,male,70,homemaker
11788,Ryan Zhang,male,29,accountant
11789,Brandon Lambert,male,44,construction worker
11790,Nicole Salinas,female,25,nurse
11791,Rodney Johnson,male,23,electrician
11792,Jennifer Banks,female,33,content creator
11793,Nicholas Sanders,male,52,banker
11794,Antonio Valenzuela,male,29,military personnel
11795,Manuel Dyer,male,31,social worker
11796,Emily Myers,female,30,student
11797,Nicole Graham,female,36,military personnel
11798,Vickie Sullivan,female,37,architect
11799,Hannah Heath,female,22,warehouse worker
11800,Casey DVM,male,58,business owner
11801,John Howe,male,37,financial analyst
11802,Lisa Thompson,female,47,marketing specialist
11803,Kristin Huynh,female,39,nurse
11804,Rodney Bullock,male,44,architect
11805,Kathleen Davis,female,45,civil servant
11806,Thomas Fields,male,63,researcher
11807,Autumn Brown,female,32,mechanic
11808,April Price,female,59,administrative officer
11809,Jose Gay,male,44,administrative officer
11810,Michelle Lamb,female,51,retail worker
11811,Troy Avila,male,53,insurance agent
11812,Amy Miles,female,41,accountant
11813,Matthew Gutierrez,male,47,project manager
11814,Lee Phelps,male,40,pharmacist
11815,Stephen Reyes,male,44,pharmacist
11816,Rebecca Mitchell,female,23,student
11817,Leroy Williams,male,61,civil servant
11818,Ethan Spencer,male,54,warehouse worker
11819,Jeffery Richardson,male,21,delivery driver
11820,Terry DVM,female,52,financial analyst
11821,Stephanie Wilson,female,27,mechanic
11822,Timothy Murphy,male,33,insurance agent
11823,Edwin Clark,male,53,journalist
11824,Patricia Weaver,female,56,retail worker
11825,Elizabeth Reyes,female,29,photographer
11826,Kathryn Bowers,female,40,entrepreneur
11827,Gregory Walker,male,58,lawyer
11828,Melissa Hayden,female,64,entrepreneur
11829,Francisco Wood,male,43,nurse
11830,Chelsea Moore,female,57,government employee
11831,Anna Kim,female,21,student
11832,Megan Baird,female,20,shop assistant
11833,Lisa DVM,female,32,manager
11834,Anita Johnson,female,65,professor
11835,Michelle Summers,female,33,retail worker
11836,Lynn Williams,female,29,project manager
11837,William Jones,male,60,delivery driver
11838,Lindsey Massey,female,38,data scientist
11839,Brianna Schroeder,female,56,construction worker
11840,Stephanie Silva,female,23,entrepreneur
11841,Jorge Hood,male,54,administrative officer
11842,Keith Hernandez,male,33,photographer
11843,Sarah Morrison,female,29,musician
11844,Anthony Gutierrez,male,32,accountant
11845,Amber Miller,female,40,travel agent
11846,Leonard Phillips,male,25,banker
11847,Maria Nichols,female,46,delivery driver
11848,Keith English,male,41,graphic designer
11849,Donna Lopez,female,56,insurance agent
11850,Walter Bell,male,40,architect
11851,Angela Torres,female,40,photographer
11852,Emily Costa,female,32,financial analyst
11853,Tiffany Arnold,female,41,construction worker
11854,Andres Daniels,male,22,journalist
11855,Brian Carter,male,52,social worker
11856,Richard Hickman,male,30,administrative officer
11857,Jerome Pierce,male,58,civil servant
11858,Jennifer Perez,female,40,journalist
11859,Olivia MD,female,80,retired
11860,Roger Allen,male,41,musician
11861,Matthew Hughes,male,28,warehouse worker
11862,Erika Bishop,female,44,construction worker
11863,Christian Smith,male,41,content creator
11864,Thomas Hickman,male,64,architect
11865,Christian Williams,male,51,retail worker
11866,Ernest Gross,male,29,nurse
11867,Tiffany Harris,female,48,mechanic
11868,Heather Maddox,female,42,nurse
11869,Kendra Cameron,female,24,accountant
11870,Vanessa Thomas,female,25,sales executive
11871,Scott Elliott,male,23,student
11872,Elizabeth Porter,female,29,architect
11873,Matthew Walter,male,63,lawyer
11874,Stephanie Franco,female,54,professor
11875,Kelsey Galloway,female,22,technician
11876,Mariah Jones,female,30,manager
11877,Reginald Roach,male,57,warehouse worker
11878,Jonathan Odonnell,male,58,mechanic
11879,Terry Tucker,male,44,homemaker
11880,Monica Martin,female,45,delivery driver
11881,Alexander Gardner,male,36,journalist
11882,Jerry Anderson,male,38,architect
11883,Ashlee Carr,female,29,graphic designer
11884,Wendy Ramos,female,46,teacher
11885,Kristin Smith,female,36,entrepreneur
11886,Samuel Dyer,male,36,content creator
11887,Susan Andersen,female,38,banker
11888,Andrew Wilkins,male,45,financial analyst
11889,Stephanie Ferguson,female,26,freelancer
11890,Jason Flynn,male,52,construction worker
11891,Tabitha Ellis,female,43,real estate agent
11892,Chad Brown,male,34,architect
11893,Andrea Forbes,female,56,doctor
11894,Jennifer Henderson,female,48,warehouse worker
11895,Elizabeth Flores,female,56,police officer
11896,Stacey Alvarez,female,41,photographer
11897,Kristi Wilkinson,female,54,human resources officer
11898,Joseph Nielsen,male,28,marketing specialist
11899,Felicia Weeks,female,55,chef
11900,Brian Barnes,male,44,software developer
11901,Kelly Crawford,female,64,retired
11902,Steven Cook,male,28,data analyst
11903,John Sampson,male,28,human resources officer
11904,Lynn Gonzales,female,24,retail worker
11905,Drew Jackson,male,61,professor
11906,Mary Hughes,female,31,shop assistant
11907,Karen Guzman,female,30,administrative officer
11908,Craig Rodriguez,male,22,retail worker
11909,Sean Woods,male,41,data analyst
11910,Andrew Parker,male,39,lawyer
11911,Thomas Meyer,male,42,human resources officer
11912,Jennifer Prince,female,20,delivery driver
11913,Gary Cole,male,28,student
11914,John Bates,male,24,travel agent
11915,Grace Martinez,female,57,government employee
11916,Kristina Henderson,female,22,electrician
11917,Lisa Armstrong,female,60,administrative officer
11918,Julie Taylor,female,23,accountant
11919,John Nelson,male,39,teacher
11920,Alexander Edwards,male,59,manager
11921,Brian Black,male,40,delivery driver
11922,Thomas Hall,male,34,real estate agent
11923,Kimberly Robinson,female,43,accountant
11924,Brandy Harris,female,50,marketing specialist
11925,Hunter Ibarra,male,35,lawyer
11926,Jonathan Fisher,male,63,pharmacist
11927,Steven Bird,male,44,software developer
11928,Heather Watson,female,56,social worker
11929,Kristen Hansen,female,57,pharmacist
11930,Katherine Howe,female,40,lecturer
11931,Sandra Riley,female,40,freelancer
11932,Karen Sims,female,46,graphic designer
11933,Rodney Gutierrez,male,59,human resources officer
11934,Jeanette Clayton,female,63,manager
11935,Jessica Mitchell,female,30,insurance agent
11936,Lacey Vincent,female,47,journalist
11937,Kyle Jordan,male,45,police officer
11938,Maxwell Salas,male,18,farmer
11939,Tommy Walls,male,39,content creator
11940,Anthony Wells,male,49,professor
11941,Debra Ross,female,54,writer
11942,Sean Acosta,male,49,doctor
11943,Thomas Edwards,male,42,delivery driver
11944,Bianca Ortega,female,41,professor
11945,Katie Orozco,female,28,military personnel
11946,Samantha Brown,female,29,content creator
11947,Christina Rodriguez,female,43,customer service representative
11948,Angel West,male,26,graphic designer
11949,Sean Cervantes,male,38,graphic designer
11950,Maureen King,female,68,business owner
11951,Heather Sampson,female,43,travel agent
11952,Casey Irwin,female,47,manager
11953,Elizabeth Powers,female,29,business owner
11954,Thomas Nunez,male,18,farmer
11955,Kathryn Henry,female,51,chef
11956,Angela Ferrell,female,39,artist
11957,Katie Haynes,female,58,data scientist
11958,Corey Roberson,male,70,lawyer
11959,Kirsten Griffith,female,49,marketing specialist
11960,Kyle Mccullough,male,45,unemployed
11961,Eugene Frederick,male,25,administrative officer
11962,Frank Rivers,male,37,financial analyst
11963,Robert Garcia,male,68,musician
11964,Donald Hall,male,64,government employee
11965,David Burch,male,30,doctor
11966,Tina Ellis,female,30,accountant
11967,Maria Mitchell,female,37,consultant
11968,Michelle Thomas,female,50,banker
11969,Gregory Bryant,male,46,delivery driver
11970,Tamara Porter,female,28,teacher
11971,Diane Zimmerman,female,69,farmer
11972,Shannon Kennedy,female,64,homemaker
11973,Deborah Fields,female,32,accountant
11974,Donald Oliver,male,36,human resources officer
11975,Sean Rodgers,male,69,real estate agent
11976,Mary Phillips,female,53,retail worker
11977,Adam Hayes,male,47,customer service representative
11978,Kenneth Hansen,male,65,researcher
11979,Christopher Romero,male,28,manager
11980,Bryan Shaw,male,40,government employee
11981,Jonathan Horne,male,31,engineer
11982,Raymond Ponce,male,24,data scientist
11983,Gordon Cox,male,31,pharmacist
11984,Keith Ward,male,51,shop assistant
11985,Joseph Green,male,52,project manager
11986,William Mcclain,male,26,researcher
11987,Donna Ellison,female,38,manager
11988,Mitchell Mcdonald,male,81,retired
11989,Patricia Perry,female,24,entrepreneur
11990,Andrea Gross,female,65,accountant
11991,Lisa Carter,female,69,professor
11992,Jerry Brady,male,48,business owner
11993,Derrick Nguyen,male,60,manager
11994,Kaitlyn Shea,female,65,civil servant
11995,Becky Mills,female,28,nurse
11996,Blake Scott,male,57,technician
11997,William Wagner,male,61,writer
11998,Julie Bonilla,female,42,software developer
11999,Anthony Foley,male,49,engineer
12000,Marc Arroyo,male,40,civil servant
12001,Mark Cantu,male,46,government employee
12002,Claudia Wallace,female,48,human resources officer
12003,Dawn Douglas,female,25,journalist
12004,Virginia Anderson,female,25,chef
12005,Christian Rosario,male,47,shop assistant
12006,Kelly Scott,female,35,doctor
12007,Karen Howell,female,46,government employee
12008,Sarah Allen,female,44,administrative officer
12009,Kelly Simpson,female,41,customer service representative
12010,Melody Pearson,female,47,human resources officer
12011,Marc Houston,male,32,graphic designer
12012,Krystal Rodriguez,female,49,lecturer
12013,Heidi Adams,female,70,consultant
12014,Renee Gardner,female,40,artist
12015,Katie Cox,female,22,retail worker
12016,Christian Martin,male,65,architect
12017,Kenneth Martin,male,35,nurse
12018,Jill Owen,female,42,writer
12019,Xavier Rosario,male,59,police officer
12020,Gary Walker,male,22,nurse
12021,Matthew Andrews,male,55,architect
12022,Benjamin Ortega,male,48,lecturer
12023,Robert Rivera,male,64,insurance agent
12024,Arthur Decker,male,20,unemployed
12025,Shannon Gray,female,50,military personnel
12026,Charles Lang,male,56,government employee
12027,Richard Jackson,male,23,journalist
12028,Eric Bishop,male,45,shop assistant
12029,Stacy Underwood,female,34,teacher
12030,Pedro Humphrey,male,68,retired
12031,Aaron Martinez,male,45,lecturer
12032,Gabriel Hunt,male,46,social worker
12033,Shelly Floyd,female,23,data analyst
12034,Stacy Davenport,female,44,pharmacist
12035,Linda Jackson,female,31,graphic designer
12036,Madeline Meadows,female,44,content creator
12037,Michelle Schaefer,female,46,customer service representative
12038,Megan Leon,female,29,manager
12039,Christopher Bartlett,male,29,military personnel
12040,John Lee,male,20,freelancer
12041,Sierra Martin,female,57,social worker
12042,Ricky Ryan,male,23,sales executive
12043,Mary Wallace,female,34,consultant
12044,Cheryl Davis,female,54,sales executive
12045,Elizabeth Valdez,female,47,customer service representative
12046,Jaime Nelson,female,37,researcher
12047,Valerie Hines,female,45,graphic designer
12048,Mackenzie Caldwell,female,65,travel agent
12049,Aaron Andrews,male,39,electrician
12050,Sandra Wang,female,41,farmer
12051,Maurice Anthony,male,53,human resources officer
12052,Thomas Wade,male,85,retired
12053,Gary Holland,male,59,government employee
12054,Megan Huang,female,55,graphic designer
12055,Brandon Velez,male,40,military personnel
12056,Jesse Osborn,male,20,delivery driver
12057,Kent Hill,male,53,military personnel
12058,Jacqueline Jordan,female,33,pharmacist
12059,Lisa Shaffer,female,22,student
12060,Anthony Nelson,male,61,researcher
12061,April Miller,female,50,artist
12062,Joel Barnes,male,44,doctor
12063,Randy Reilly,male,30,construction worker
12064,Jimmy Lee,male,31,delivery driver
12065,Marvin Castillo,male,40,pharmacist
12066,Phillip Morgan,male,48,government employee
12067,Molly Allen,female,27,farmer
12068,Richard Vance,male,33,civil servant
12069,Mark Shields,male,37,graphic designer
12070,Ryan Sampson,male,43,social worker
12071,Sarah Merritt,female,39,content creator
12072,Sheri Phillips,female,38,retail worker
12073,Mark Collier,male,38,shop assistant
12074,Dale Michael,male,60,insurance agent
12075,James Bell,male,32,administrative officer
12076,Ashley Kirby,female,52,accountant
12077,Bryan Munoz,male,24,student
12078,Sarah Stevens,female,29,farmer
12079,Anthony Wilson,male,79,retired
12080,Ryan Bowman,male,50,lecturer
12081,Jessica Jordan,female,40,lecturer
12082,Linda Irwin,female,49,content creator
12083,Amber Murray,female,20,shop assistant
12084,Samantha Roy,female,25,data analyst
12085,Shari Dixon,female,50,professor
12086,Maureen Henry,female,36,data analyst
12087,Michael Chavez,male,41,financial analyst
12088,Katie Wagner,female,32,customer service representative
12089,Claire Bailey,female,35,lecturer
12090,Kiara Myers,female,66,consultant
12091,Zachary Griffin,male,28,entrepreneur
12092,Jonathan Mcmillan,male,32,accountant
12093,Shane Landry,male,59,technician
12094,Jessica Lam,female,36,freelancer
12095,Robin Garza,female,51,software developer
12096,Ashley Gamble,female,75,farmer
12097,Rebecca Robinson,female,62,project manager
12098,Christian Barrett,male,43,electrician
12099,Garrett Griffin,male,24,customer service representative
12100,Walter Hill,male,56,artist
12101,Susan White,female,18,content creator
12102,Ronnie Parker,male,54,financial analyst
12103,Ronald Flynn,male,42,unemployed
12104,Margaret Cole,female,41,graphic designer
12105,Erika Bradley,female,20,photographer
12106,Carol Patrick,female,50,nurse
12107,Ashley Escobar,female,28,pharmacist
12108,David Lucero,male,55,retail worker
12109,Courtney Macias,female,45,shop assistant
12110,Arthur Rodriguez,male,27,electrician
12111,Anthony Reynolds,male,25,real estate agent
12112,Kyle Brown,male,40,mechanic
12113,Philip Jensen,male,48,financial analyst
12114,Kathleen Cunningham,female,51,financial analyst
12115,Sharon Garrett,female,23,insurance agent
12116,William Martin,male,56,travel agent
12117,Kimberly Brown,female,42,electrician
12118,Sarah Simmons,female,41,entrepreneur
12119,Martin Serrano,male,54,teacher
12120,Stephanie Wall,female,54,banker
12121,Bobby Mosley,male,29,musician
12122,Miranda Davis,female,59,chef
12123,Julie Hernandez,female,42,nurse
12124,Carla Smith,female,43,technician
12125,John Hawkins,male,32,retail worker
12126,Natalie Manning,female,63,accountant
12127,Brittany Duarte,female,46,technician
12128,Marcus Castillo,male,42,real estate agent
12129,Kevin Park,male,48,insurance agent
12130,Cassandra Murillo,female,25,pharmacist
12131,Richard Hancock,male,56,police officer
12132,Gregory Hansen,male,39,administrative officer
12133,Raymond Parks,male,27,graphic designer
12134,Madeline Mcdonald,female,43,insurance agent
12135,Tina Bishop,female,26,shop assistant
12136,Sarah Shields,female,58,freelancer
12137,Marcus Anderson,male,51,shop assistant
12138,Thomas Tucker,male,44,data analyst
12139,Anthony Murphy,male,40,construction worker
12140,Luis Paul,male,50,administrative officer
12141,Deborah Benson,female,61,real estate agent
12142,April Martinez,female,42,manager
12143,Gina Sullivan,female,26,chef
12144,Brett Sheppard,male,59,social worker
12145,Ashley Dean,female,20,student
12146,Heidi Richardson,female,70,musician
12147,Peter Lynch,male,54,pharmacist
12148,Joel Merritt,male,26,electrician
12149,Chase Hooper,male,39,construction worker
12150,Donald King,male,39,photographer
12151,Parker Carroll,male,27,customer service representative
12152,John Johnston,male,49,professor
12153,Tony Martin,male,59,writer
12154,Craig Walker,male,65,professor
12155,Ray Le,male,51,police officer
12156,Stephanie Casey,female,68,retired
12157,Stephanie Williams,female,82,retired
12158,Joshua Stone,male,47,administrative officer
12159,Nicholas Boyd,male,39,sales executive
12160,Laura Dillon,female,50,lecturer
12161,Allison Patterson,female,57,homemaker
12162,Lorraine Ward,female,27,entrepreneur
12163,Amy Bell,female,34,writer
12164,Michael Barnes,male,36,architect
12165,Timothy Beck,male,44,pharmacist
12166,Paul Mcneil,male,33,delivery driver
12167,Elizabeth Davis,female,56,delivery driver
12168,Dustin Hahn,male,27,mechanic
12169,George James,male,33,lawyer
12170,Jordan Lowe,male,36,writer
12171,Kevin Medina,male,63,lawyer
12172,Andre Lamb,male,42,data analyst
12173,Jonathan Ryan,male,27,artist
12174,Parker Jones,male,42,customer service representative
12175,Chris Patton,male,19,farmer
12176,Matthew Carr,male,32,engineer
12177,Gary Watts,male,36,military personnel
12178,Cory Brewer,male,44,data analyst
12179,Jasmine Drake,female,37,financial analyst
12180,Christopher Murphy,male,31,manager
12181,Todd Hernandez,male,45,lecturer
12182,Sherri Harris,female,60,unemployed
12183,Vickie Chapman,female,20,graphic designer
12184,Benjamin Byrd,male,56,unemployed
12185,Amanda Daniel,female,37,pharmacist
12186,Robert Harris,male,23,musician
12187,Gina Johnson,female,31,delivery driver
12188,Samuel Gonzalez,male,61,insurance agent
12189,Lauren Cooke,female,25,data analyst
12190,Eric Lopez,male,40,software developer
12191,Michael Norton,male,36,shop assistant
12192,Amy Fisher,female,46,farmer
12193,Alexandria Bennett,female,73,retired
12194,Troy Campos,male,46,musician
12195,Carol Rice,female,25,engineer
12196,Michael Morrow,male,56,data scientist
12197,Terri Preston,female,32,data scientist
12198,Kelly Reyes,female,49,chef
12199,Andrea Wilkerson,female,46,nurse
12200,Ariana Larson,female,38,human resources officer
12201,Tina Padilla,female,24,software developer
12202,Penny Gutierrez,female,46,electrician
12203,Marie Jarvis,female,34,insurance agent
12204,Dustin Casey,male,27,military personnel
12205,Ryan Thompson,male,51,journalist
12206,Miguel Snyder,male,61,business owner
12207,Jason Shields,male,26,banker
12208,Danny Bender,male,21,shop assistant
12209,Angela Nielsen,female,27,data scientist
12210,Elizabeth Hunt,female,39,professor
12211,Cynthia Wise,female,29,warehouse worker
12212,Laura DVM,female,55,delivery driver
12213,Michelle Green,female,25,engineer
12214,Bryan Malone,male,31,civil servant
12215,Rita Charles,female,43,entrepreneur
12216,Julie George,female,37,real estate agent
12217,Vincent Kelly,male,51,travel agent
12218,Ellen Smith,female,51,shop assistant
12219,Joseph West,male,55,construction worker
12220,Elizabeth Warner,female,33,marketing specialist
12221,Johnny Edwards,male,43,retail worker
12222,Brandon Miller,male,49,human resources officer
12223,Robin Johnson,female,44,data analyst
12224,Sean Jackson,male,26,content creator
12225,Juan Knight,male,42,marketing specialist
12226,Hailey Davis,female,54,military personnel
12227,William Petersen,male,52,financial analyst
12228,Mary White,female,18,shop assistant
12229,Darin Dillon,male,55,warehouse worker
12230,Chloe Pearson,female,62,business owner
12231,Matthew Friedman,male,27,freelancer
12232,Sarah Delgado,female,43,software developer
12233,Angela Moon,female,46,consultant
12234,Luis Miller,male,18,musician
12235,Brenda Henry,female,27,mechanic
12236,Patrick Diaz,male,24,insurance agent
12237,Laura Arnold,female,29,real estate agent
12238,Sarah Harris,female,24,military personnel
12239,Stacey Perez,female,19,student
12240,Brian Morales,male,26,police officer
12241,Bonnie Mccann,female,46,banker
12242,Ryan Johnston,male,31,photographer
12243,Bryan Sanchez,male,54,lecturer
12244,Heidi Jones,female,40,sales executive
12245,George Clark,male,46,chef
12246,Alyssa Foster,female,33,software developer
12247,Sean Villa,male,53,human resources officer
12248,John PhD,male,61,travel agent
12249,Lynn Barnes,female,28,customer service representative
12250,Cynthia Williams,female,53,banker
12251,Darin Baird,male,57,insurance agent
12252,Ivan Ramirez,male,54,accountant
12253,Brian Flores,male,39,mechanic
12254,Michele Johnson,female,40,financial analyst
12255,Ashley Thomas,female,33,writer
12256,Heather Davis,female,34,mechanic
12257,Joseph Wong,male,58,technician
12258,Jack Hanna,male,44,civil servant
12259,Danny Scott,male,60,researcher
12260,William Camacho,male,51,researcher
12261,Michelle Barber,female,32,writer
12262,Jasmine Paul,female,54,unemployed
12263,Amy Shaw,female,48,technician
12264,April Brooks,female,40,lawyer
12265,Kyle Kelley,male,36,government employee
12266,Jared Smith,male,49,delivery driver
12267,Tracy Wilson,female,29,warehouse worker
12268,Kenneth PhD,male,27,human resources officer
12269,Madison Lang,female,37,marketing specialist
12270,Brandon Myers,male,42,government employee
12271,Charles Walsh,male,53,social worker
12272,Tracy Frey,male,38,graphic designer
12273,Michael Reed,male,46,software developer
12274,Natalie Fields,female,65,musician
12275,Margaret Mueller,female,48,civil servant
12276,Theresa Werner,female,45,unemployed
12277,Amanda Perez,female,48,graphic designer
12278,Gina Mitchell,female,44,chef
12279,Elizabeth King,female,54,engineer
12280,Nathan Page,male,47,business owner
12281,Ashley Meadows,female,26,data scientist
12282,Teresa Rogers,female,24,photographer
12283,Edward Carpenter,male,24,travel agent
12284,Tyler Woodward,male,25,marketing specialist
12285,Lori Hurst,female,47,banker
12286,Charles King,male,40,professor
12287,Anna Finley,female,54,data analyst
12288,Krystal Shepard,female,38,engineer
12289,Sara Barnes,female,43,data scientist
12290,Carol Cox,female,62,project manager
12291,Terry Harris,male,69,retired
12292,Chelsea Paul,female,32,project manager
12293,Charlotte Lopez,female,59,farmer
12294,Kenneth Evans,male,37,sales executive
12295,Jacob Shelton,male,46,accountant
12296,Danielle Levine,female,33,freelancer
12297,Gregory Dunn,male,59,architect
12298,Kristen Griffin,female,41,delivery driver
12299,Daniel Abbott,male,42,data scientist
12300,Luke Mckee,male,72,retired
12301,Sylvia Hines,female,19,student
12302,Christopher Richards,male,44,journalist
12303,William Hamilton,male,52,real estate agent
12304,Robin Harrington,female,33,real estate agent
12305,Dominique Ramirez,female,46,warehouse worker
12306,Terri Mendoza,female,59,banker
12307,Justin Kelly,male,21,entrepreneur
12308,Steven Peters,male,34,accountant
12309,Amy Becker,female,61,retired
12310,Yvonne Bender,female,54,sales executive
12311,Victoria Hanna,female,33,social worker
12312,Brittney Mcdonald,female,45,writer
12313,Lauren Henson,female,31,government employee
12314,Bryan Thomas,male,35,technician
12315,Frances Wall,female,34,unemployed
12316,Kendra Garrison,female,31,warehouse worker
12317,Gavin Smith,male,34,customer service representative
12318,Timothy Melton,male,28,freelancer
12319,Jennifer Wall,female,62,doctor
12320,Phillip Martinez,male,38,chef
12321,Rickey Rice,male,42,construction worker
12322,Cody Chase,male,33,journalist
12323,Raymond Macias,male,44,artist
12324,Colleen Smith,female,44,data analyst
12325,Courtney Brown,female,58,professor
12326,Kelsey Smith,female,36,engineer
12327,Mandy Marshall,female,34,writer
12328,Charles Barker,male,27,electrician
12329,Sharon Martinez,female,23,chef
12330,Alexandria Burns,female,22,data analyst
12331,Jimmy Guzman,male,53,military personnel
12332,Edward MD,male,54,government employee
12333,Destiny Atkinson,female,70,professor
12334,Jordan Lindsey,male,49,musician
12335,Juan Torres,male,37,lecturer
12336,Michael Schultz,male,50,homemaker
12337,Jaime Simpson,male,70,professor
12338,Kyle Murray,male,28,administrative officer
12339,James Doyle,male,58,entrepreneur
12340,Katherine Williams,female,52,farmer
12341,Andrew Ortiz,male,54,construction worker
12342,Melinda Cantrell,female,79,retired
12343,Derek Jennings,male,51,journalist
12344,Alex West,male,56,technician
12345,Savannah Hernandez,female,54,electrician
12346,Katie Cruz,female,57,technician
12347,Brady Schultz,male,55,warehouse worker
12348,Tara Patrick,female,42,insurance agent
12349,Lauren Ruiz,female,29,financial analyst
12350,Melanie Lopez,female,38,manager
12351,Paul Alexander,male,69,real estate agent
12352,Cindy Wright,female,29,shop assistant
12353,Benjamin DDS,male,63,government employee
12354,Robert Brady,male,53,manager
12355,Caleb Rodriguez,male,36,architect
12356,Timothy MD,male,46,musician
12357,Kimberly Blackwell,female,42,manager
12358,Victor Huynh,male,29,shop assistant
12359,Jennifer Torres,female,48,retail worker
12360,William Brown,male,36,military personnel
12361,Jennifer Ferguson,female,53,architect
12362,Jennifer Hall,female,35,retail worker
12363,Albert Gardner,male,45,software developer
12364,Stacy Adams,female,28,administrative officer
12365,Amber Evans,female,50,civil servant
12366,John Fitzgerald,male,31,data scientist
12367,Jennifer Winters,female,42,photographer
12368,Tony Prince,male,39,lecturer
12369,Diana Gould,female,47,customer service representative
12370,Cody Rose,male,53,researcher
12371,Austin Harris,male,46,retail worker
12372,Amanda Ayers,female,41,technician
12373,Blake Elliott,male,60,sales executive
12374,Jose Lee,male,46,real estate agent
12375,Phillip Lawrence,male,50,freelancer
12376,Joseph Rodgers,male,29,farmer
12377,Christina Vaughn,female,51,human resources officer
12378,Rhonda Harris,female,51,writer
12379,Nicholas Banks,male,58,retail worker
12380,Justin Grant,male,34,financial analyst
12381,Steven Hopkins,male,41,technician
12382,Michael Nichols,male,46,unemployed
12383,Carrie Gonzalez,female,41,construction worker
12384,Jason Pearson,male,69,business owner
12385,Emily Sloan,female,49,police officer
12386,Kelly Powell,female,71,homemaker
12387,Katherine Harper,female,57,insurance agent
12388,Andre Matthews,male,49,construction worker
12389,David Lynch,male,60,human resources officer
12390,Maria Murphy,female,44,mechanic
12391,Daniel Sherman,male,46,engineer
12392,Kristi Moore,female,56,real estate agent
12393,Catherine West,female,45,teacher
12394,Brent Simmons,male,40,delivery driver
12395,Kevin Daniel,male,46,data scientist
12396,Vincent Thompson,male,59,manager
12397,Mark Olsen,male,45,government employee
12398,Shannon Miller,female,43,electrician
12399,Steve Decker,male,30,civil servant
12400,Caitlin Holder,female,41,civil servant
12401,James Tran,male,64,accountant
12402,Laura Cruz,female,57,chef
12403,Angela Padilla,female,40,electrician
12404,Chris Clay,male,31,musician
12405,Edward Garcia,male,60,retail worker
12406,Sharon DDS,female,34,teacher
12407,Bethany Dunn,female,31,retail worker
12408,Erin Lopez,female,39,photographer
12409,Kimberly Hester,female,42,researcher
12410,Benjamin Mcintosh,male,50,real estate agent
12411,Beverly Hayes,female,57,insurance agent
12412,Jason Chang,male,45,consultant
12413,Marie Rivera,female,42,architect
12414,Anthony Ward,male,34,project manager
12415,Benjamin Gutierrez,male,50,accountant
12416,Matthew Rubio,male,25,musician
12417,Patrick Wall,male,53,project manager
12418,Angela Valencia,female,61,researcher
12419,Connie Olson,female,46,shop assistant
12420,Kathleen Warren,female,31,administrative officer
12421,Melissa Hill,female,59,farmer
12422,Jose Wolfe,male,33,real estate agent
12423,Emily Walter,female,43,graphic designer
12424,Connor Harvey,male,59,business owner
12425,Andrew III,male,30,social worker
12426,Gregory Boone,male,41,travel agent
12427,Amy Martinez,female,64,consultant
12428,Jose Williamson,male,48,retail worker
12429,Kevin Payne,male,59,police officer
12430,Candice Carter,female,52,musician
12431,Rebecca Haney,female,31,insurance agent
12432,Andre Lewis,male,53,professor
12433,Mario Kim,male,46,retail worker
12434,Fernando Garrison,male,34,graphic designer
12435,Jason Castaneda,male,46,nurse
12436,Linda Hardin,female,35,customer service representative
12437,Jon Swanson,male,55,civil servant
12438,Lori Clark,female,24,social worker
12439,Carl Torres,male,36,construction worker
12440,John Richardson,male,33,warehouse worker
12441,Jennifer West,female,26,unemployed
12442,Susan Simpson,female,39,electrician
12443,Aaron Peterson,male,57,manager
12444,Stephen Ewing,male,49,architect
12445,Joseph Garrett,male,61,retired
12446,Diane Williams,female,43,banker
12447,Richard Francis,male,55,construction worker
12448,Ronald Russell,male,31,photographer
12449,Austin Cooper,male,25,teacher
12450,Dorothy Brooks,female,41,writer
12451,Daniel Malone,male,58,project manager
12452,Robert Delacruz,male,45,customer service representative
12453,Gary Conner,male,36,delivery driver
12454,Richard Cruz,male,53,banker
12455,Reginald White,male,53,sales executive
12456,Cory Pitts,male,55,shop assistant
12457,Robert Collins,male,30,software developer
12458,Tiffany Chapman,female,34,graphic designer
12459,Anthony Padilla,male,53,data analyst
12460,Molly Jennings,female,51,sales executive
12461,Peter Holmes,male,60,travel agent
12462,Brian Fowler,male,39,police officer
12463,William Pace,male,46,civil servant
12464,Debbie Garcia,female,46,shop assistant
12465,Jeanette Velez,female,59,journalist
12466,Sean Salazar,male,51,chef
12467,Brooke Newton,female,18,delivery driver
12468,Sherry Burke,female,58,writer
12469,Elizabeth Acevedo,female,36,sales executive
12470,Carla Moody,female,23,financial analyst
12471,Samuel Morris,male,49,warehouse worker
12472,Lisa Carlson,female,51,consultant
12473,Sarah Campos,female,18,student
12474,Teresa Brown,female,63,government employee
12475,Teresa Bailey,female,57,writer
12476,Dustin Young,male,40,real estate agent
12477,Isaiah Carpenter,male,46,government employee
12478,Dakota Anderson,male,26,student
12479,Denise Guzman,female,28,freelancer
12480,Julie Lawrence,female,50,architect
12481,Robert DDS,male,48,real estate agent
12482,Meagan Livingston,female,53,marketing specialist
12483,Lori Watts,female,46,data scientist
12484,Christina Frost,female,23,student
12485,Jamie Chapman,female,54,administrative officer
12486,Douglas Martinez,male,36,human resources officer
12487,James Adams,male,30,technician
12488,Jeffery Hunter,male,46,technician
12489,Jeff Cunningham,male,34,artist
12490,Tiffany Martinez,female,32,nurse
12491,Erica Johnson,female,19,student
12492,Lisa Bishop,female,58,data scientist
12493,Rachel Green,female,19,shop assistant
12494,Judith Chavez,female,27,financial analyst
12495,Denise Barber,female,47,architect
12496,Joe Banks,male,46,warehouse worker
12497,Destiny Brown,female,35,warehouse worker
12498,Brandon Austin,male,28,retail worker
12499,Timothy Reyes,male,36,financial analyst
12500,Stephen Perez,male,32,social worker
12501,Tiffany Lynch,female,28,lawyer
12502,Stuart Castro,male,37,police officer
12503,Kimberly Castillo,female,32,nurse
12504,Michelle Howard,female,23,insurance agent
12505,Kenneth Chambers,male,40,financial analyst
12506,Rebekah Burton,female,36,financial analyst
12507,Raymond Patrick,male,38,data analyst
12508,Anna Haas,female,58,police officer
12509,Austin Powell,male,33,social worker
12510,Monique Navarro,female,46,data analyst
12511,Darrell Hoffman,male,78,retired
12512,Joseph Allen,male,58,real estate agent
12513,Brenda Lloyd,female,62,government employee
12514,Melinda Mendez,female,59,social worker
12515,Alexander King,male,42,architect
12516,Rhonda Hill,female,58,artist
12517,Amanda Edwards,female,45,chef
12518,Derrick Moses,male,37,doctor
12519,David Hart,male,39,homemaker
12520,Carolyn Stein,female,54,nurse
12521,Ryan Haynes,male,28,researcher
12522,Luis Mosley,male,34,financial analyst
12523,Kyle Mcdowell,male,35,warehouse worker
12524,Rachel Stewart,female,23,travel agent
12525,Alexis Nelson,female,25,technician
12526,Timothy Walsh,male,19,content creator
12527,Melissa Neal,female,50,insurance agent
12528,Jenny Butler,female,45,human resources officer
12529,Marissa Thompson,female,54,homemaker
12530,Sylvia Blevins,female,35,photographer
12531,Samuel Brock,male,36,engineer
12532,Sandra Graham,female,63,chef
12533,Emily Moore,female,57,pharmacist
12534,Debra Hogan,female,65,journalist
12535,Victor Miller,male,30,student
12536,Michelle Duffy,female,67,lawyer
12537,Sarah Sloan,female,27,business owner
12538,Amy Perry,female,60,retired
12539,Matthew Humphrey,male,58,researcher
12540,Danielle White,female,48,civil servant
12541,Jessica Haynes,female,42,homemaker
12542,Diana Adkins,female,58,mechanic
12543,Matthew Brown,male,41,accountant
12544,Joshua Mclaughlin,male,69,architect
12545,Megan Graham,female,33,travel agent
12546,Amber Salas,female,43,data analyst
12547,Nicole Williamson,female,39,warehouse worker
12548,Jordan Guzman,male,28,data scientist
12549,Meghan Wilcox,female,33,architect
12550,Lori Maynard,female,27,teacher
12551,Ronald Patel,male,52,musician
12552,Renee Lucas,female,52,construction worker
12553,William Miller,male,63,consultant
12554,Richard Duarte,male,21,police officer
12555,Michael Pope,male,29,data scientist
12556,Danielle Duran,female,49,administrative officer
12557,Joel Nelson,male,35,shop assistant
12558,Sheila Stewart,female,54,teacher
12559,Sherri Dyer,female,57,retail worker
12560,Blake Brown,male,42,software developer
12561,Mary Newman,female,34,technician
12562,Marcus Casey,male,24,student
12563,Kevin Robinson,male,53,manager
12564,Erin Gibbs,female,29,farmer
12565,Tracy Carlson,female,45,teacher
12566,Stephanie Blake,female,67,architect
12567,Paul Rodriguez,male,45,graphic designer
12568,Tim Sosa,male,46,lawyer
12569,David Gilmore,male,55,electrician
12570,Olivia Walters,female,25,data analyst
12571,Sheryl Thomas,female,54,musician
12572,Melanie Mack,female,45,professor
12573,Gregory Hebert,male,55,shop assistant
12574,Joshua Robinson,male,52,pharmacist
12575,Andrea Lane,female,30,accountant
12576,Wesley Wagner,male,39,mechanic
12577,Jill Gonzales,female,59,lawyer
12578,Michael Knight,male,38,technician
12579,Nicholas Greer,male,61,business owner
12580,Jill Gonzalez,female,29,sales executive
12581,Benjamin Morrison,male,64,accountant
12582,Isaiah Schneider,male,18,student
12583,Melanie Carter,female,39,content creator
12584,Mark Simon,male,42,freelancer
12585,Nicole Peterson,female,18,student
12586,Michael Shelton,male,22,journalist
12587,John Huang,male,26,business owner
12588,Jermaine Crosby,male,37,real estate agent
12589,Katie Kelly,female,64,entrepreneur
12590,Erin Norton,female,55,entrepreneur
12591,Andres Anderson,male,50,unemployed
12592,Stacey Alvarado,female,35,human resources officer
12593,Darlene Mcguire,female,43,engineer
12594,Amber Ford,female,36,consultant
12595,Lauren Chen,female,36,technician
12596,Tamara King,female,33,accountant
12597,Aaron Jones,male,23,nurse
12598,Christina Sanders,female,34,unemployed
12599,Lisa Waller,female,48,banker
12600,Jennifer Trujillo,female,32,data scientist
12601,Beth Hamilton,female,39,teacher
12602,Ricardo DDS,male,66,doctor
12603,Colleen White,female,62,insurance agent
12604,Jacob Hinton,male,36,banker
12605,Stephanie Potter,female,42,engineer
12606,Abigail Doyle,female,34,artist
12607,Sharon Walker,female,65,project manager
12608,Brooke Carroll,female,25,journalist
12609,Sara Vasquez,female,47,financial analyst
12610,Nancy Walter,female,26,content creator
12611,Derek Avery,male,33,chef
12612,Allison Phillips,female,41,customer service representative
12613,Daniel York,male,28,police officer
12614,Amy Gibson,female,43,financial analyst
12615,Katherine Chavez,female,23,software developer
12616,Luke Jones,male,29,administrative officer
12617,Bailey Brown,female,21,content creator
12618,Lisa Raymond,female,64,social worker
12619,Amber Garcia,female,28,construction worker
12620,Antonio Cooper,male,22,police officer
12621,John Kane,male,26,police officer
12622,Gary Soto,male,33,insurance agent
12623,Holly Watkins,female,58,police officer
12624,Renee Walker,female,33,content creator
12625,Seth Flores,male,39,construction worker
12626,Larry Miller,male,60,musician
12627,Paige Moran,female,48,freelancer
12628,Lori Newton,female,39,unemployed
12629,Ernest Robinson,male,55,travel agent
12630,April Stewart,female,62,professor
12631,Dennis Lewis,male,35,sales executive
12632,Sabrina Thompson,female,27,consultant
12633,Samuel Smith,male,67,lawyer
12634,Tiffany Mcdonald,female,52,construction worker
12635,Jillian Harris,female,40,insurance agent
12636,Luis Ballard,male,54,lawyer
12637,Brandon Coleman,male,55,musician
12638,Gloria Garcia,female,52,lawyer
12639,Charles Andersen,male,38,artist
12640,Cheryl Lamb,female,35,accountant
12641,Ann Solis,female,44,photographer
12642,James Perez,male,47,electrician
12643,Allen Wang,male,18,warehouse worker
12644,Tracy Hardin,male,42,government employee
12645,William Cervantes,male,64,farmer
12646,Alexis DDS,female,60,electrician
12647,Jonathan Turner,male,60,project manager
12648,David Sanders,male,40,accountant
12649,Ronald Marshall,male,38,shop assistant
12650,Brandon Anderson,male,51,writer
12651,Stephanie Oconnell,female,35,unemployed
12652,Shane Kidd,male,27,administrative officer
12653,Valerie Durham,female,34,technician
12654,Felicia Frederick,female,34,electrician
12655,Ronald Hayes,male,75,retired
12656,Jesse Smith,male,25,teacher
12657,Jennifer Newman,female,58,accountant
12658,Wendy Decker,female,39,customer service representative
12659,Ryan Patterson,male,24,electrician
12660,Corey Owens,male,30,electrician
12661,Grant MD,male,45,photographer
12662,Lauren Hudson,female,65,travel agent
12663,Mitchell Shepherd,male,60,data scientist
12664,Ronald Brooks,male,36,travel agent
12665,Nathaniel Macias,male,31,real estate agent
12666,Maria Jones,female,77,retired
12667,Patricia Oliver,female,49,police officer
12668,Monica Welch,female,42,warehouse worker
12669,Courtney Santos,female,28,financial analyst
12670,Bernard Davis,male,30,civil servant
12671,Marvin Davila,male,22,graphic designer
12672,Michael Garrison,male,67,homemaker
12673,Paula Ayala,female,58,technician
12674,Beth Sherman,female,59,teacher
12675,Lauren Compton,female,46,insurance agent
12676,Alicia Lopez,female,24,marketing specialist
12677,Katrina Flores,female,52,lecturer
12678,Susan Johnson,female,58,government employee
12679,Kimberly Bell,female,38,graphic designer
12680,Jeremy DDS,male,37,construction worker
12681,Duane Thomas,male,51,customer service representative
12682,Dean Padilla,male,60,retail worker
12683,Charles Owen,male,58,banker
12684,Donna Smith,female,30,lecturer
12685,Kathryn Anderson,female,46,teacher
12686,Charles Rice,male,38,shop assistant
12687,Margaret Silva,female,21,graphic designer
12688,Andrew Collins,male,51,electrician
12689,Richard Gray,male,67,retired
12690,Susan Walker,female,63,social worker
12691,Chelsea Boyd,female,32,electrician
12692,Patricia Skinner,female,46,customer service representative
12693,Jennifer Powell,female,24,travel agent
12694,Sean King,male,60,doctor
12695,John Peterson,male,25,marketing specialist
12696,Patricia Turner,female,49,professor
12697,Jennifer Yates,female,33,marketing specialist
12698,Brian Watkins,male,33,lawyer
12699,Jacob Murray,male,30,travel agent
12700,Melissa Thomas,female,39,photographer
12701,Garrett Day,male,52,photographer
12702,Hector Wilkerson,male,38,customer service representative
12703,Evelyn Rose,female,51,pharmacist
12704,Barbara Bryant,female,39,insurance agent
12705,Kimberly Young,female,64,freelancer
12706,Dustin Thompson,male,37,insurance agent
12707,Rachael Mora,female,48,financial analyst
12708,Dustin Ashley,male,63,homemaker
12709,Joshua Hughes,male,60,professor
12710,Chelsea Diaz,female,30,farmer
12711,Ashley Coleman,female,55,software developer
12712,Emily Rodriguez,female,70,retired
12713,Brian Cannon,male,23,musician
12714,Andrew Garcia,male,54,musician
12715,Julia Walker,female,56,lawyer
12716,Melanie Miller,female,54,software developer
12717,Kenneth Weiss,male,25,administrative officer
12718,Renee Meyer,female,40,project manager
12719,Victoria Mckinney,female,27,social worker
12720,Chad Wells,male,22,delivery driver
12721,Jeremy Burns,male,39,musician
12722,Erica Holland,female,30,journalist
12723,Sandra DDS,female,39,artist
12724,Diane Freeman,female,27,marketing specialist
12725,Dawn Barr,female,51,shop assistant
12726,Corey Leon,male,64,photographer
12727,Kurt Moore,male,61,unemployed
12728,Lisa Gallagher,female,51,data analyst
12729,Paul Johnson,male,38,consultant
12730,David Fisher,male,54,teacher
12731,Roberto Bowman,male,27,accountant
12732,Vincent Warren,male,26,freelancer
12733,David Johns,male,48,professor
12734,Cassandra Gutierrez,female,54,warehouse worker
12735,Julian MD,male,24,accountant
12736,Barbara Fox,female,43,musician
12737,Adam Hale,male,28,lawyer
12738,Evelyn Lee,female,19,customer service representative
12739,Kimberly Sanders,female,56,warehouse worker
12740,Ryan Moore,male,75,artist
12741,Zachary Smith,male,28,lawyer
12742,William Daniels,male,36,retail worker
12743,Jessica Rojas,female,42,construction worker
12744,Daniel Zimmerman,male,51,architect
12745,Theresa Myers,female,49,professor
12746,Derrick Bailey,male,47,data analyst
12747,Andrea DDS,female,26,human resources officer
12748,Sara Shelton,female,60,homemaker
12749,Morgan Harvey,female,57,delivery driver
12750,Roberto Wheeler,male,45,consultant
12751,Timothy Bates,male,31,researcher
12752,Gary Mack,male,39,photographer
12753,Kevin Warner,male,43,business owner
12754,Kristin Wise,female,44,accountant
12755,Joshua Newman,male,46,lawyer
12756,Erica Lynch,female,36,freelancer
12757,Charles Ayala,male,27,artist
12758,David Cox,male,50,business owner
12759,Gregory Bruce,male,29,chef
12760,Jose Walker,male,64,travel agent
12761,Daniel Black,male,42,professor
12762,Hayley Choi,female,43,freelancer
12763,Kyle Chang,male,32,accountant
12764,Shaun DVM,male,60,human resources officer
12765,Jessica Knight,female,45,graphic designer
12766,Brooke Williams,female,48,travel agent
12767,Phyllis Romero,female,28,construction worker
12768,Tammy Miller,female,51,accountant
12769,Tiffany Mullen,female,47,chef
12770,Eric Rodgers,male,39,marketing specialist
12771,Jose Sanders,male,45,journalist
12772,Sara Whitney,female,37,sales executive
12773,Alex Hudson,male,50,writer
12774,Sharon Brandt,female,73,retired
12775,Matthew Jensen,male,57,nurse
12776,Wendy Conway,female,53,real estate agent
12777,Shane Fisher,male,26,student
12778,Melissa Adams,female,30,lawyer
12779,Martha Rodriguez,female,59,police officer
12780,Edward Brewer,male,50,engineer
12781,Richard Gregory,male,55,engineer
12782,Valerie Cooper,female,40,banker
12783,Andrew Kemp,male,52,professor
12784,Brenda Benson,female,32,writer
12785,Kara Washington,female,58,journalist
12786,Dustin Mendoza,male,25,real estate agent
12787,James Cisneros,male,27,pharmacist
12788,Terry Schmidt,female,29,engineer
12789,Bonnie Herrera,female,50,farmer
12790,Lisa Trevino,female,47,graphic designer
12791,Amanda Vazquez,female,36,lawyer
12792,Debra Stevens,female,42,accountant
12793,Michael Wagner,male,19,shop assistant
12794,Brooke Smith,female,53,consultant
12795,Justin Hutchinson,male,39,government employee
12796,Cindy Waters,female,44,construction worker
12797,Justin Delgado,male,47,researcher
12798,Kathryn Castillo,female,48,content creator
12799,Jerry Luna,male,21,unemployed
12800,Evelyn Gutierrez,female,57,pharmacist
12801,James Fernandez,male,55,pharmacist
12802,Tina Gill,female,37,software developer
12803,Tracy Woods,female,35,travel agent
12804,James Golden,male,26,content creator
12805,Ashley Williams,female,51,pharmacist
12806,Gwendolyn Green,female,24,farmer
12807,Gina Wright,female,34,content creator
12808,Marc Bailey,male,35,musician
12809,Madison Daugherty,female,45,government employee
12810,Jordan Mitchell,female,45,mechanic
12811,Melissa Watson,female,59,human resources officer
12812,Patrick Lewis,male,33,accountant
12813,Amanda Morrison,female,65,doctor
12814,Jennifer Martinez,female,34,data analyst
12815,Jessica Baxter,female,20,entrepreneur
12816,Hannah Elliott,female,45,engineer
12817,Laura Crosby,female,22,military personnel
12818,David Galvan,male,39,researcher
12819,Angela Contreras,female,56,lecturer
12820,Vernon Murray,male,36,engineer
12821,Kelly Valencia,female,38,police officer
12822,James Terry,male,48,technician
12823,Todd Lee,male,64,professor
12824,Dennis Hanson,male,35,writer
12825,Leslie Rivera,female,45,marketing specialist
12826,Ariana Green,female,38,police officer
12827,Kenneth Nelson,male,68,consultant
12828,Larry Costa,male,43,financial analyst
12829,John Terry,male,28,photographer
12830,Lauren Espinoza,female,68,professor
12831,James Mclaughlin,male,34,civil servant
12832,Kelsey Castillo,female,26,civil servant
12833,Elizabeth Acosta,female,69,musician
12834,Anthony Carter,male,62,consultant
12835,Luke Walters,male,56,government employee
12836,Austin Benson,male,58,construction worker
12837,Nancy Bowman,female,49,insurance agent
12838,Erica Alvarado,female,49,insurance agent
12839,Jennifer Wood,female,59,entrepreneur
12840,Zachary Schmidt,male,29,project manager
12841,Tammy Howell,female,52,lawyer
12842,Warren Ramos,male,48,insurance agent
12843,Jacqueline Pitts,female,60,lecturer
12844,Jon Allen,male,38,police officer
12845,Ashley Meyer,female,39,financial analyst
12846,Hannah Sellers,female,31,government employee
12847,Norman Hubbard,male,60,nurse
12848,Garrett II,male,36,real estate agent
12849,Donna Flores,female,47,consultant
12850,Sylvia Cannon,female,46,content creator
12851,Rita PhD,female,39,marketing specialist
12852,Susan Campbell,female,70,retired
12853,Amy Harris,female,49,doctor
12854,Mark Frye,male,40,accountant
12855,Natasha Williams,female,18,unemployed
12856,Richard Castaneda,male,35,professor
12857,Sandra Hill,female,59,professor
12858,Vincent Burgess,male,35,teacher
12859,Nathaniel Sanders,male,47,police officer
12860,Jamie White,male,29,student
12861,Mary Simpson,female,35,musician
12862,Erin Davis,female,43,lecturer
12863,Sherri Adams,female,44,engineer
12864,Nicholas Valentine,male,30,consultant
12865,Jane Romero,female,42,freelancer
12866,Monica Bauer,female,23,shop assistant
12867,Jack Price,male,28,shop assistant
12868,Paul Short,male,53,retail worker
12869,Felicia MD,female,53,insurance agent
12870,Andrew Flores,male,70,doctor
12871,Isaac Li,male,43,entrepreneur
12872,Phillip Jacobson,male,41,mechanic
12873,Kiara Munoz,female,58,government employee
12874,Justin Orr,male,53,real estate agent
12875,Darin DVM,male,35,business owner
12876,Katrina Lawrence,female,32,construction worker
12877,Patricia Hawkins,female,44,homemaker
12878,Lisa Strickland,female,49,lecturer
12879,Rachel Riley,female,33,freelancer
12880,Shannon Moran,male,59,data scientist
12881,Tina Petersen,female,50,insurance agent
12882,Morgan Martinez,female,55,data scientist
12883,Aaron Nunez,male,31,farmer
12884,Darlene Wilkerson,female,53,customer service representative
12885,Ashley Aguirre,female,30,student
12886,Jason Roberson,male,60,civil servant
12887,Erica Larson,female,31,photographer
12888,Tracy Williams,female,41,financial analyst
12889,Carla Jackson,female,21,customer service representative
12890,Melissa Andrews,female,63,homemaker
12891,Samantha Phelps,female,50,police officer
12892,Sarah Stevenson,female,48,military personnel
12893,Olivia Morgan,female,30,technician
12894,Michael Pratt,male,26,travel agent
12895,William Thomas,male,27,photographer
12896,Russell Kelley,male,40,construction worker
12897,Robert Robinson,male,53,pharmacist
12898,Michael Hendricks,male,50,human resources officer
12899,Derrick Baldwin,male,64,unemployed
12900,Dean Wheeler,male,27,unemployed
12901,Patricia Brown,female,61,architect
12902,Christopher Hopkins,male,26,artist
12903,Russell Bradley,male,28,manager
12904,Cynthia Hall,female,41,lawyer
12905,Erica James,female,32,delivery driver
12906,John Jenkins,male,42,retail worker
12907,Steven Horton,male,55,financial analyst
12908,Nancy Marsh,female,39,nurse
12909,Steven Medina,male,64,consultant
12910,Sheena Ellis,female,82,retired
12911,Cindy Jones,female,32,unemployed
12912,Linda Myers,female,21,shop assistant
12913,Cynthia Brown,female,30,lawyer
12914,Chelsea Martinez,female,48,software developer
12915,Patrick Sloan,male,46,mechanic
12916,Kyle Gardner,male,37,researcher
12917,Joanna Gibson,female,20,unemployed
12918,Patrick Vazquez,male,38,data scientist
12919,Jonathan Brown,male,24,banker
12920,Kirk Martin,male,27,chef
12921,Angela Porter,female,41,nurse
12922,Cassandra Martin,female,49,technician
12923,Zachary Cruz,male,28,data analyst
12924,Alyssa Carpenter,female,22,warehouse worker
12925,Tamara Meyers,female,26,business owner
12926,Nathan Davis,male,50,nurse
12927,Angela Collins,female,45,human resources officer
12928,Cody Archer,male,64,professor
12929,Jacob Ramos,male,33,software developer
12930,Michelle Stein,female,30,travel agent
12931,Hannah Ramirez,female,31,lawyer
12932,Melissa Austin,female,62,pharmacist
12933,Marvin Stevens,male,62,nurse
12934,Thomas Trevino,male,46,entrepreneur
12935,Robert Dyer,male,44,software developer
12936,Daniel Boyd,male,68,architect
12937,Terri Diaz,female,49,farmer
12938,Nicholas Drake,male,41,banker
12939,Gina Farmer,female,60,data scientist
12940,Natasha Peterson,female,35,pharmacist
12941,Cathy Stokes,female,39,consultant
12942,Courtney Figueroa,female,30,military personnel
12943,Alexis Olson,female,32,photographer
12944,Shelly Jones,female,60,unemployed
12945,Robin Shaw,female,59,government employee
12946,Michael Mitchell,male,43,architect
12947,Nicole Jackson,female,63,entrepreneur
12948,Matthew Booth,male,37,electrician
12949,Margaret James,female,26,accountant
12950,Sara Ellis,female,38,lecturer
12951,Robert Byrd,male,22,travel agent
12952,Robert Contreras,male,49,banker
12953,Mario Flynn,male,37,human resources officer
12954,Amy Christensen,female,33,journalist
12955,Patrick Thompson,male,22,data analyst
12956,Andrea Henderson,female,30,administrative officer
12957,Jason Newman,male,53,warehouse worker
12958,Matthew Hudson,male,47,data scientist
12959,Anthony Edwards,male,42,mechanic
12960,Derek Skinner,male,33,researcher
12961,Allison Flores,female,39,manager
12962,Morgan Taylor,female,34,content creator
12963,Andrea Hinton,female,46,shop assistant
12964,Amy Wade,female,61,lawyer
12965,Randall Collier,male,35,photographer
12966,Haley Preston,female,38,researcher
12967,Colton Wilson,male,50,human resources officer
12968,Frances Bridges,female,50,software developer
12969,David Lozano,male,56,retail worker
12970,Steven Diaz,male,48,shop assistant
12971,Tiffany Burgess,female,50,chef
12972,Jennifer Willis,female,58,musician
12973,Lori James,female,43,software developer
12974,Jonathan Burton,male,22,technician
12975,Amanda Mcgrath,female,29,technician
12976,Julia Miller,female,55,mechanic
12977,Yvonne Booker,female,40,financial analyst
12978,Adam Myers,male,42,police officer
12979,Terri Garcia,female,29,graphic designer
12980,Karen Moran,female,32,banker
12981,Allison Scott,female,24,accountant
12982,Amy Novak,female,38,lawyer
12983,Jessica Hale,female,36,warehouse worker
12984,Monique Shaffer,female,49,construction worker
12985,Daniel Marquez,male,47,accountant
12986,Melinda Clark,female,52,professor
12987,Gregory Floyd,male,37,delivery driver
12988,Holly Boyd,female,20,student
12989,Eugene Hughes,male,34,travel agent
12990,Jeffrey Levy,male,65,retired
12991,Ashley Wilson,female,33,researcher
12992,Haley Jones,female,57,pharmacist
12993,Keith Martinez,male,32,doctor
12994,Timothy Wells,male,50,marketing specialist
12995,Austin Osborne,male,55,graphic designer
12996,Brian Oconnell,male,31,technician
12997,Bobby Fletcher,male,45,human resources officer
12998,Nathaniel Mathis,male,68,business owner
12999,Paul Jensen,male,62,chef
13000,Victor Smith,male,42,sales executive
13001,Melissa Porter,female,79,retired
13002,Jonathan Porter,male,35,social worker
13003,Brianna Gonzales,female,51,lawyer
13004,Andres Wong,male,34,data analyst
13005,Robin Adkins,female,31,farmer
13006,Alicia Holmes,female,45,government employee
13007,Amanda Lynch,female,61,business owner
13008,Bethany Cannon,female,24,technician
13009,Thomas Aguilar,male,53,engineer
13010,Kenneth Casey,male,36,financial analyst
13011,Ryan Barton,male,19,military personnel
13012,Kurt Vega,male,52,software developer
13013,Sandra Hensley,female,19,content creator
13014,Michelle Mcknight,female,52,delivery driver
13015,Matthew Bruce,male,54,marketing specialist
13016,Jose West,male,41,financial analyst
13017,Nicholas Rogers,male,54,pharmacist
13018,Steven Dean,male,38,data scientist
13019,Deborah Lee,female,29,manager
13020,Robert Hernandez,male,31,banker
13021,Maria Mendoza,female,41,researcher
13022,Michelle Garrett,female,37,civil servant
13023,Sara Shannon,female,57,warehouse worker
13024,Sherry Johnson,female,58,retail worker
13025,Pamela Cunningham,female,44,musician
13026,Colin Fitzgerald,male,33,administrative officer
13027,Jonathan Black,male,25,delivery driver
13028,Joy Romero,female,51,banker
13029,Aaron Vazquez,male,40,researcher
13030,Toni Gordon,female,26,police officer
13031,Stephen Lee,male,65,lawyer
13032,Wendy Gibson,female,57,retail worker
13033,Kristina Powers,female,42,content creator
13034,James Poole,male,34,farmer
13035,Carla Miller,female,19,delivery driver
13036,Thomas Lawrence,male,33,travel agent
13037,James Keith,male,47,customer service representative
13038,Scott Tapia,male,54,lawyer
13039,Aaron Allen,male,26,human resources officer
13040,Keith Barrett,male,53,nurse
13041,Zachary Myers,male,65,travel agent
13042,Peter Smith,male,55,project manager
13043,Crystal Brock,female,30,technician
13044,Kevin Wong,male,58,business owner
13045,James Park,male,27,electrician
13046,Katherine Smith,female,59,business owner
13047,Heather Fox,female,70,consultant
13048,Amanda Decker,female,49,journalist
13049,Lee Kelley,male,61,musician
13050,Michelle Gill,female,36,content creator
13051,Gregory Cherry,male,46,entrepreneur
13052,Jeffrey Phillips,male,64,chef
13053,Kevin Curry,male,29,project manager
13054,Ryan Green,male,59,banker
13055,Jenna Watson,female,23,marketing specialist
13056,Kyle Walton,male,53,farmer
13057,Tracy Alexander,female,55,retail worker
13058,Bruce Mccoy,male,27,artist
13059,Christine Snyder,female,52,nurse
13060,Alexis Anderson,female,40,project manager
13061,Joanna Ramirez,female,43,consultant
13062,Michael Dickson,male,54,civil servant
13063,Michael Contreras,male,34,freelancer
13064,Chelsea Snyder,female,25,photographer
13065,Christina Baxter,female,53,manager
13066,Jeremy Newman,male,41,manager
13067,Brandi Thompson,female,42,retail worker
13068,Mike Wright,male,56,musician
13069,Andrew Gonzalez,male,75,artist
13070,Daniel Simpson,male,58,real estate agent
13071,Tiffany Castaneda,female,71,homemaker
13072,Frederick Jones,male,45,human resources officer
13073,Deanna Hale,female,23,freelancer
13074,Diane MD,female,48,technician
13075,Phillip Espinoza,male,19,musician
13076,Kimberly Chase,female,25,warehouse worker
13077,Kathryn Boone,female,61,homemaker
13078,Anne Mack,female,34,pharmacist
13079,John Meyer,male,41,photographer
13080,Heather Tanner,female,50,pharmacist
13081,Justin Jimenez,male,65,pharmacist
13082,Emily Huang,female,24,technician
13083,Courtney Lawrence,female,42,unemployed
13084,Michael Eaton,male,30,real estate agent
13085,Jessica Lucas,female,30,student
13086,Caroline Owens,female,34,journalist
13087,Derrick Wong,male,56,accountant
13088,Amanda Ramsey,female,28,real estate agent
13089,Brenda Davis,female,38,insurance agent
13090,Emily Weaver,female,41,doctor
13091,Stephanie Russo,female,27,student
13092,Steven Horn,male,59,engineer
13093,Joanna Hill,female,51,sales executive
13094,Lawrence Brown,male,55,graphic designer
13095,Bradley Fowler,male,44,civil servant
13096,Danny Moran,male,50,project manager
13097,Michael Alexander,male,23,sales executive
13098,Patricia Brewer,female,68,retired
13099,Ryan Hunt,male,36,software developer
13100,Courtney Rojas,female,33,data analyst
13101,Jessica Molina,female,56,data scientist
13102,Michelle Valdez,female,33,retail worker
13103,Kenneth Smith,male,74,retired
13104,Linda May,female,45,manager
13105,James Sampson,male,58,journalist
13106,Benjamin Bray,male,41,graphic designer
13107,Ashley Olsen,female,51,technician
13108,Nicholas Hoover,male,19,content creator
13109,Lisa Shaw,female,27,real estate agent
13110,Eric Moss,male,54,travel agent
13111,Isaac Anderson,male,26,accountant
13112,Justin Rivera,male,40,researcher
13113,Sydney Burton,female,36,data scientist
13114,Elizabeth Rogers,female,34,civil servant
13115,Sierra Pierce,female,62,farmer
13116,Stephen Gonzalez,male,38,travel agent
13117,Veronica Branch,female,26,lawyer
13118,Alexander Wilson,male,48,electrician
13119,Lawrence Myers,male,40,financial analyst
13120,Lisa Sullivan,female,59,project manager
13121,Courtney Mcdaniel,female,49,insurance agent
13122,Dakota Mendoza,male,57,technician
13123,Lindsay Mooney,female,21,police officer
13124,Rebecca Thornton,female,31,financial analyst
13125,Kelli Acevedo,female,39,electrician
13126,Antonio Page,male,47,shop assistant
13127,Darrell Ali,male,30,warehouse worker
13128,Daniel Osborne,male,44,data analyst
13129,Brian Curtis,male,39,social worker
13130,Judith Melendez,female,51,data scientist
13131,Heather Nunez,female,32,police officer
13132,Rebekah Ramos,female,27,content creator
13133,Jeremy Cook,male,58,teacher
13134,Paula Lee,female,43,shop assistant
13135,Kari Velez,female,52,technician
13136,David Campbell,male,22,graphic designer
13137,Brandon II,male,63,accountant
13138,Jessica Fletcher,female,29,human resources officer
13139,Jordan Hammond,male,20,graphic designer
13140,Christopher Lyons,male,62,professor
13141,Jason Gardner,male,57,musician
13142,Joseph Dominguez,male,47,government employee
13143,Natasha Wells,female,24,teacher
13144,Jasmine Green,female,46,civil servant
13145,Allen Vasquez,male,44,unemployed
13146,Angelica Gray,female,46,content creator
13147,Christopher Gutierrez,male,49,administrative officer
13148,Christina Sweeney,female,52,marketing specialist
13149,Lindsay Mccall,female,25,mechanic
13150,Jill Wright,female,44,professor
13151,Justin Woods,male,26,teacher
13152,Debbie Anderson,female,54,electrician
13153,Yolanda Gill,female,33,shop assistant
13154,Ashley Lee,female,21,homemaker
13155,Sherry Chan,female,38,manager
13156,Rachael Barnes,female,37,lecturer
13157,Robin Ingram,female,30,unemployed
13158,Courtney Contreras,female,82,retired
13159,James Gibson,male,31,writer
13160,Glenn Bryan,male,50,marketing specialist
13161,Peggy Silva,female,52,human resources officer
13162,Wesley Wright,male,38,project manager
13163,Manuel Murphy,male,34,data analyst
13164,Elizabeth Crosby,female,45,consultant
13165,Gary Mcclure,male,47,administrative officer
13166,Christina Stanley,female,51,teacher
13167,Scott Smith,male,62,manager
13168,Monica Mcdonald,female,60,nurse
13169,Shelly Martin,female,46,photographer
13170,Denise Allen,female,33,freelancer
13171,Tanner Thomas,male,62,retired
13172,Joanne York,female,60,banker
13173,Mariah Adams,female,41,lecturer
13174,Rodney Harvey,male,64,social worker
13175,Stephanie Allen,female,38,nurse
13176,Devin Boone,male,28,electrician
13177,Amy Gilbert,female,40,social worker
13178,Stephen MD,male,52,government employee
13179,Kelly Park,female,48,shop assistant
13180,Lisa Rosario,female,54,travel agent
13181,Anthony Joseph,male,50,project manager
13182,Stacy Pittman,female,36,human resources officer
13183,Carrie Martin,female,29,graphic designer
13184,John Rodriguez,male,41,doctor
13185,Joy Castillo,female,32,military personnel
13186,Angela Small,female,48,travel agent
13187,Stephen Moore,male,61,retired
13188,Christine Randolph,female,48,electrician
13189,Cynthia Rose,female,24,entrepreneur
13190,Amy Smith,female,36,military personnel
13191,Bruce Coleman,male,55,lecturer
13192,Nathan Coleman,male,29,entrepreneur
13193,Megan Sanders,female,58,government employee
13194,Kelly Ray,female,26,government employee
13195,John Nielsen,male,47,delivery driver
13196,Nancy Shaw,female,36,accountant
13197,Julie Beltran,female,49,accountant
13198,Cameron Snyder,male,34,retail worker
13199,Steve Arnold,male,35,electrician
13200,Victoria Bryant,female,36,social worker
13201,Laura Stevens,female,49,artist
13202,Joy Wood,female,53,accountant
13203,Tina Barajas,female,49,consultant
13204,Amy Bright,female,27,government employee
13205,Colin Blake,male,45,photographer
13206,Whitney Mendoza,female,62,journalist
13207,Nicole Maynard,female,48,musician
13208,Emily Braun,female,33,researcher
13209,Travis Grant,male,44,real estate agent
13210,Felicia Wallace,female,48,graphic designer
13211,Tracy Hayes,female,44,technician
13212,Joy Delgado,female,29,nurse
13213,Samantha Wilson,female,27,financial analyst
13214,Sarah Winters,female,62,entrepreneur
13215,David Gonzalez,male,25,human resources officer
13216,Edward Bailey,male,29,lawyer
13217,Nancy Ramsey,female,56,banker
13218,Morgan Johnson,female,27,customer service representative
13219,Travis Wolfe,male,44,customer service representative
13220,Patricia Larson,female,59,sales executive
13221,Leah Jacobs,female,36,journalist
13222,Pamela Sherman,female,26,software developer
13223,Isaac Patel,male,53,data scientist
13224,Stephanie Solis,female,64,business owner
13225,Eric Price,male,32,chef
13226,Cheryl Foster,female,31,pharmacist
13227,Katrina Parks,female,60,social worker
13228,Crystal MD,female,46,engineer
13229,Sandra Bird,female,19,student
13230,Eric Riley,male,36,real estate agent
13231,Andre Powell,male,65,architect
13232,Nicole Bowers,female,58,freelancer
13233,Philip Cunningham,male,34,graphic designer
13234,Jamie Mckinney,female,40,administrative officer
13235,Charles Gay,male,51,social worker
13236,Lisa Shields,female,21,police officer
13237,Brandon Gallegos,male,42,musician
13238,John Yoder,male,30,military personnel
13239,Kent Clark,male,22,software developer
13240,Shelly Davis,female,43,mechanic
13241,Cindy Hernandez,female,50,pharmacist
13242,Jonathan Matthews,male,42,data scientist
13243,Kyle Flowers,male,26,engineer
13244,Todd Henry,male,37,financial analyst
13245,Jessica Huerta,female,57,data scientist
13246,Lori Price,female,45,travel agent
13247,Cynthia Collins,female,68,musician
13248,Sean Murphy,male,27,content creator
13249,Devin Jr.,male,38,nurse
13250,Patricia Wilson,female,27,entrepreneur
13251,Donald Hardin,male,58,homemaker
13252,Suzanne Snyder,female,31,teacher
13253,Ashley Khan,female,22,travel agent
13254,William Adams,male,44,data scientist
13255,Mark Rios,male,52,retail worker
13256,Kenneth Blake,male,47,software developer
13257,Nancy Rodriguez,female,62,social worker
13258,Wendy Mcclure,female,27,homemaker
13259,Amber Lin,female,58,entrepreneur
13260,Edward Henry,male,46,insurance agent
13261,Troy Carroll,male,25,musician
13262,Ryan Richardson,male,56,nurse
13263,Stephanie Branch,female,43,photographer
13264,Victoria Fisher,female,40,project manager
13265,Roger Robinson,male,47,business owner
13266,Alicia Cruz,female,24,human resources officer
13267,Elizabeth Welch,female,45,accountant
13268,Aaron Silva,male,19,content creator
13269,Audrey Gonzalez,female,25,researcher
13270,Mark Villegas,male,24,civil servant
13271,Connie Bauer,female,48,sales executive
13272,Virginia Castro,female,46,lawyer
13273,Kristina Burch,female,22,technician
13274,Kimberly Lin,female,52,data analyst
13275,Juan Haynes,male,21,construction worker
13276,Vicki Davis,female,40,project manager
13277,Nicholas Martin,male,52,shop assistant
13278,Sarah Mcclain,female,19,student
13279,Joanna Mcguire,female,39,entrepreneur
13280,Donna Miller,female,36,real estate agent
13281,Christine Gonzalez,female,26,architect
13282,April Palmer,female,48,lawyer
13283,Angel Sanders,female,32,retail worker
13284,Jonathan Mcdaniel,male,31,chef
13285,Megan Ward,female,45,travel agent
13286,Katie Wall,female,43,marketing specialist
13287,Sarah Gray,female,53,electrician
13288,Amanda Neal,female,40,nurse
13289,Debbie Lawrence,female,70,lawyer
13290,Ricky Rhodes,male,56,musician
13291,Joshua Walters,male,28,consultant
13292,Rachel Franklin,female,29,project manager
13293,Jesse Harris,male,43,delivery driver
13294,Amber Coffey,female,49,technician
13295,Jason Day,male,46,delivery driver
13296,Heather Holt,female,51,lawyer
13297,Joseph Valentine,male,60,homemaker
13298,Chelsea Proctor,female,28,writer
13299,Hannah Valdez,female,57,banker
13300,Adrian Brown,male,41,teacher
13301,Brian Page,male,33,business owner
13302,Benjamin Johns,male,59,delivery driver
13303,Tracy Robertson,female,38,content creator
13304,Monica Rodriguez,female,53,accountant
13305,Tracie Taylor,female,26,software developer
13306,Danielle Schaefer,female,47,business owner
13307,Molly Mitchell,female,59,electrician
13308,Emily Henson,female,47,accountant
13309,Janice Morris,female,21,student
13310,Blake Adams,male,45,human resources officer
13311,Mary Moran,female,39,entrepreneur
13312,Morgan Elliott,female,33,homemaker
13313,Arthur Pittman,male,58,architect
13314,Matthew Martinez,male,34,police officer
13315,Wayne Moore,male,20,freelancer
13316,Andrew Sullivan,male,36,architect
13317,Peter Velazquez,male,38,software developer
13318,Billy Martinez,male,63,freelancer
13319,Jason Klein,male,60,administrative officer
13320,Brandon Park,male,32,data scientist
13321,Aaron Brown,male,45,pharmacist
13322,Daniel Dominguez,male,42,military personnel
13323,Jesse Petersen,male,33,military personnel
13324,Jacob Benitez,male,30,electrician
13325,Susan Lopez,female,40,content creator
13326,Maria Joyce,female,29,warehouse worker
13327,Jonathan Garcia,male,47,freelancer
13328,Douglas Macdonald,male,29,software developer
13329,Kathy Brady,female,36,warehouse worker
13330,Lance Brown,male,31,data scientist
13331,Kayla PhD,female,63,musician
13332,Alexis Cross,female,34,photographer
13333,Lucas Berger,male,31,artist
13334,Debra Warren,female,55,sales executive
13335,Tammy Ashley,female,26,government employee
13336,Jacqueline Miller,female,27,banker
13337,Gregory Murray,male,51,architect
13338,Jordan Hood,male,56,electrician
13339,Jacqueline Rogers,female,46,social worker
13340,Kevin Robbins,male,21,freelancer
13341,Carol Coleman,female,35,retail worker
13342,Evan Taylor,male,35,graphic designer
13343,Bethany Torres,female,43,musician
13344,Kelly Howe,female,58,journalist
13345,Lacey Brown,female,47,mechanic
13346,Steven Williamson,male,55,construction worker
13347,Brian Wong,male,29,marketing specialist
13348,Brianna Edwards,female,40,engineer
13349,John Molina,male,25,real estate agent
